condition_id,experiment_id,platform_id,comparability,phase,priority,workload,model,mode,gpus,precision,strategy,status,throughput_unit,throughput_tokens_sec,throughput_samples_sec,runtime_seconds,gpu_hours_estimate,actual_gpu_hours,throughput_tokens_per_gpu,throughput_samples_per_gpu,tokens_per_estimated_gpu_hour,samples_per_estimated_gpu_hour,tokens_per_actual_gpu_hour,samples_per_actual_gpu_hour,energy_joules,energy_scope,tokens_per_kwh
E058@h100,E058,h100,exact,Distributed training strategy,Must Have,distilbert,distilbert-base-uncased,training,4,bf16,fsdp,completed,training_tokens_per_second,2718180.1308089304,5308.945567986192,17.105932970065624,2.4,0.00267891656452169,679545.0327022326,1327.236391996548,2730666.666666667,5333.333333333334,2446362117.7280374,4778051.011187573,4672.018727860374,measured_region,5049842771.243507
E058@h100,E058,h100,exact,Distributed training strategy,Must Have,distilbert,distilbert-base-uncased,training,4,bf16,fsdp,completed,training_tokens_per_second,2715865.8022243395,5304.425394969413,16.77625480305869,2.4,0.0026811994067651944,678966.4505560849,1326.1063487423532,2730666.666666667,5333.333333333334,2444279222.0019054,4773982.855472472,4604.311241302656,measured_region,5124101904.397987
E058@h100,E058,h100,exact,Distributed training strategy,Must Have,distilbert,distilbert-base-uncased,training,4,bf16,fsdp,completed,training_tokens_per_second,2689956.712777271,5253.821704643107,17.071799692930654,2.4,0.0027070241477081757,672489.1781943177,1313.4554261607768,2730666.666666667,5333.333333333334,2420961041.4995437,4728439.534178796,4725.057965648745,measured_region,4993157792.247468
E056@h100,E056,h100,exact,Distributed training strategy,Must Have,distilbert,distilbert-base-uncased,training,4,bf16,ddp,completed,training_tokens_per_second,2557864.640586529,4995.829376145564,16.812298135017045,2.4,0.0028468190467295547,639466.1601466322,1248.957344036391,2730666.666666667,5333.333333333334,2302078176.5278764,4496246.438531009,5033.794440678843,measured_region,4686913674.770225
E043@h100,E043,h100,exact,Weak scaling,Must Have,distilbert,distilbert-base-uncased,training,4,bf16,ddp,completed,training_tokens_per_second,2550008.7935802937,4980.485924961511,16.286508050980046,2.0,0.002855589281146725,637502.1983950734,1245.1214812403778,3276800.0,6400.0,2295007914.222264,4482437.332465359,5020.497321524439,measured_region,4699327275.576787
E040@h100,E040,h100,exact,Strong scaling,Must Have,distilbert,distilbert-base-uncased,training,4,bf16,ddp,completed,training_tokens_per_second,2545008.1780114286,4970.719097678571,16.82963444897905,2.0,0.0028612001488606134,636252.0445028571,1242.6797744196429,3276800.0,6400.0,2290507360.2102857,4473647.187910714,5072.15254470218,measured_region,4651468935.9338455
E040@h100,E040,h100,exact,Strong scaling,Must Have,distilbert,distilbert-base-uncased,training,4,bf16,ddp,completed,training_tokens_per_second,2542426.0579620353,4965.6758944571,16.804487121058628,2.0,0.0028641060199071137,635606.5144905088,1241.418973614275,3276800.0,6400.0,2288183452.165832,4469108.305011391,5038.083908085149,measured_region,4682923196.681554
E056@h100,E056,h100,exact,Distributed training strategy,Must Have,distilbert,distilbert-base-uncased,training,4,bf16,ddp,completed,training_tokens_per_second,2541594.9586898773,4964.052653691167,16.910491438931786,2.4,0.002865042580007058,635398.7396724693,1241.0131634227916,2730666.666666667,5333.333333333334,2287435462.8208895,4467647.38832205,5005.525648856339,measured_region,4713383100.012785
E043@h100,E043,h100,exact,Weak scaling,Must Have,distilbert,distilbert-base-uncased,training,4,bf16,ddp,completed,training_tokens_per_second,2540077.766195801,4961.089387101174,16.4985719260294,2.0,0.0028667538745018343,635019.4415489503,1240.2723467752935,3276800.0,6400.0,2286069989.576221,4464980.448391057,5043.487321090797,measured_region,4677906079.259728
E040@h100,E040,h100,exact,Strong scaling,Must Have,distilbert,distilbert-base-uncased,training,4,bf16,ddp,completed,training_tokens_per_second,2537448.127486948,4955.953373997945,16.54403565498069,2.0,0.0028697247832961794,634362.031871737,1238.9883434994863,3276800.0,6400.0,2283703314.738253,4460358.036598151,5055.454433565769,measured_region,4666832687.355299
E043@h100,E043,h100,exact,Weak scaling,Must Have,distilbert,distilbert-base-uncased,training,4,bf16,ddp,completed,training_tokens_per_second,2537137.9068643013,4955.3474743443385,16.752311681048013,2.0,0.002870075669941596,634284.4767160753,1238.8368685860846,3276800.0,6400.0,2283424116.177871,4459812.726909905,5006.417124770959,measured_region,4712543803.6846285
E056@h100,E056,h100,exact,Distributed training strategy,Must Have,distilbert,distilbert-base-uncased,training,4,bf16,ddp,completed,training_tokens_per_second,2531094.9422947415,4943.544809169417,17.21035344793927,2.4,0.0028769279477031283,632773.7355736854,1235.8862022923543,2730666.666666667,5333.333333333334,2277985448.065267,4449190.328252475,5035.5813987096135,measured_region,4685250447.157062
E161@l40s,E161,l40s,exact,Inference batching,Should Have,distilbert,distilbert-base-uncased-finetuned-sst-2-english,inference,1,bf16,none,completed,input_tokens_per_second,1545906.5500072588,12077.39492193171,7.100174403749406,0.4,7.35993891592241e-05,1545906.5500072588,12077.39492193171,1024000.0,8000.0,5565263580.026132,43478621.71895415,,legacy_full_window,
E161@l40s,E161,l40s,exact,Inference batching,Should Have,distilbert,distilbert-base-uncased-finetuned-sst-2-english,inference,1,bf16,none,completed,input_tokens_per_second,1509612.1153116175,11793.844650872012,10.3021423779428,0.4,7.53688822603888e-05,1509612.1153116175,11793.844650872012,1024000.0,8000.0,5434603615.121823,42457840.743139245,,legacy_full_window,
E161@l40s,E161,l40s,exact,Inference batching,Should Have,distilbert,distilbert-base-uncased-finetuned-sst-2-english,inference,1,bf16,none,completed,input_tokens_per_second,1506494.5605961846,11769.488754657692,7.299945533275604,0.4,7.552485136936108e-05,1506494.5605961846,11769.488754657692,1024000.0,8000.0,5423380418.146265,42370159.516767696,,legacy_full_window,
E039@h100,E039,h100,exact,Strong scaling,Must Have,distilbert,distilbert-base-uncased,training,2,bf16,ddp,completed,training_tokens_per_second,1502366.8579966526,2934.310269524712,14.942052271100692,1.0,0.0024234353077675526,751183.4289983263,1467.155134762356,6553600.0,12800.0,2704260344.393975,5281758.485144482,4958.769363220727,measured_region,4757825636.132498
E039@h100,E039,h100,exact,Strong scaling,Must Have,distilbert,distilbert-base-uncased,training,2,bf16,ddp,completed,training_tokens_per_second,1499589.083378665,2928.884928473955,12.827440786059014,1.0,0.0024279243755801062,749794.5416893325,1464.4424642369775,6553600.0,12800.0,2699260350.081597,5271992.871253119,4938.213719321387,measured_region,4777630402.606829
E039@h100,E039,h100,exact,Strong scaling,Must Have,distilbert,distilbert-base-uncased,training,2,bf16,ddp,completed,training_tokens_per_second,1496895.1307990302,2923.623302341856,14.169123403960839,1.0,0.0024322938955285483,748447.5653995151,1461.811651170928,6553600.0,12800.0,2694411235.4382544,5262521.944215341,4848.966636166982,measured_region,4865564515.133433
E160@l40s,E160,l40s,exact,Inference batching,Must Have,distilbert,distilbert-base-uncased-finetuned-sst-2-english,inference,1,bf16,none,completed,input_tokens_per_second,1411683.1190808015,11028.774367818762,9.894178587943316,0.4,4.029862518008384e-05,1411683.1190808015,11028.774367818762,512000.0,4000.0,5082059228.690886,39703587.72414754,,legacy_full_window,
E160@l40s,E160,l40s,exact,Inference batching,Must Have,distilbert,distilbert-base-uncased-finetuned-sst-2-english,inference,1,bf16,none,completed,input_tokens_per_second,1407711.4234340268,10997.745495578334,10.013482954818755,0.4,4.0412323109598625e-05,1407711.4234340268,10997.745495578334,512000.0,4000.0,5067761124.362495,39591883.784081995,,legacy_full_window,
E160@l40s,E160,l40s,exact,Inference batching,Must Have,distilbert,distilbert-base-uncased-finetuned-sst-2-english,inference,1,bf16,none,completed,input_tokens_per_second,1369878.6399421806,10702.176874548286,11.641688571777195,0.4,4.1528415167704224e-05,1369878.6399421806,10702.176874548286,512000.0,4000.0,4931563103.79185,38527836.74837383,,legacy_full_window,
E059@h100,E059,h100,exact,Distributed training strategy,Should Have,distilbert,distilbert-base-uncased,training,2,bf16,fsdp,completed,training_tokens_per_second,1283765.3338971606,2507.354167767892,13.460654129041359,1.2,0.0014180507888603541,641882.6669485803,1253.677083883946,2730666.666666667,5333.333333333334,2310777601.0148892,4513237.501982206,2374.522118534853,measured_region,4967938562.42483
E059@h100,E059,h100,exact,Distributed training strategy,Should Have,distilbert,distilbert-base-uncased,training,2,bf16,fsdp,completed,training_tokens_per_second,1279253.017188656,2498.5410491965936,12.500607463996857,1.2,0.0014230526877670653,639626.508594328,1249.2705245982968,2730666.666666667,5333.333333333334,2302655430.9395804,4497373.888553868,2372.9553376337685,measured_region,4971218721.61448
E057@h100,E057,h100,exact,Distributed training strategy,Must Have,distilbert,distilbert-base-uncased,training,2,bf16,fsdp,completed,training_tokens_per_second,1279064.048906801,2498.171970521096,13.588204946019687,1.2,0.0014232629288582958,639532.0244534005,1249.085985260548,2730666.666666667,5333.333333333334,2302315288.0322423,4496709.546937973,2385.349438199663,measured_region,4945388634.087661
E057@h100,E057,h100,exact,Distributed training strategy,Must Have,distilbert,distilbert-base-uncased,training,2,bf16,fsdp,completed,training_tokens_per_second,1275391.3837244092,2490.9987963367366,10.87306210398674,1.2,0.00142736141052511,637695.6918622046,1245.4993981683683,2730666.666666667,5333.333333333334,2295704490.7039366,4483797.833406126,2375.4803406276355,measured_region,4965934593.625474
E059@h100,E059,h100,exact,Distributed training strategy,Should Have,distilbert,distilbert-base-uncased,training,2,bf16,fsdp,completed,training_tokens_per_second,1275200.530765583,2490.6260366515294,13.53914009500295,1.2,0.0014275750366505235,637600.2653827915,1245.3130183257647,2730666.666666667,5333.333333333334,2295360955.37805,4483126.865972754,2356.8449027125966,measured_region,5005199954.576099
E057@h100,E057,h100,exact,Distributed training strategy,Must Have,distilbert,distilbert-base-uncased,training,2,bf16,fsdp,completed,training_tokens_per_second,1274379.7642157737,2489.022976983933,13.441440477967262,1.2,0.0014284944688875436,637189.8821078868,1244.5114884919665,2730666.666666667,5333.333333333334,2293883575.5883923,4480241.358571079,2382.111250577582,measured_region,4952111282.434752
E055@h100,E055,h100,exact,Distributed training strategy,Must Have,distilbert,distilbert-base-uncased,training,2,bf16,ddp,completed,training_tokens_per_second,1263869.4148185686,2468.494950817517,12.251717919949442,1.2,0.0014403738417119408,631934.7074092843,1234.2474754087584,2730666.666666667,5333.333333333334,2274964946.673424,4443290.911471531,2450.2258946275947,measured_region,4814445894.913263
E042@h100,E042,h100,exact,Weak scaling,Must Have,distilbert,distilbert-base-uncased,training,2,bf16,ddp,completed,training_tokens_per_second,1260204.4975206289,2461.336909219978,10.76333925302606,1.0,0.001444562726149646,630102.2487603144,1230.668454609989,3276800.0,6400.0,2268368095.537132,4430406.4365959605,2469.6701263435766,measured_region,4776540750.996999
E042@h100,E042,h100,exact,Weak scaling,Must Have,distilbert,distilbert-base-uncased,training,2,bf16,ddp,completed,training_tokens_per_second,1259351.7813276635,2459.6714479055927,12.081014308030717,1.0,0.0014455408500119423,629675.8906638317,1229.8357239527963,3276800.0,6400.0,2266833206.3897943,4427408.606230067,2459.8413687909283,measured_region,4795626315.447429
E055@h100,E055,h100,exact,Distributed training strategy,Must Have,distilbert,distilbert-base-uncased,training,2,bf16,ddp,completed,training_tokens_per_second,1254164.4792212003,2449.539998478907,11.791940476978198,1.2,0.0014515196966628234,627082.2396106002,1224.7699992394535,2730666.666666667,5333.333333333334,2257496062.5981603,4409171.997262032,2175.7730408003513,measured_region,5421741964.254094
E055@h100,E055,h100,exact,Distributed training strategy,Must Have,distilbert,distilbert-base-uncased,training,2,bf16,ddp,completed,training_tokens_per_second,1252780.1833235838,2446.8362955538746,10.760627140989527,1.2,0.0014531235955655575,626390.0916617919,1223.4181477769373,2730666.666666667,5333.333333333334,2255004329.982451,4404305.331996975,2473.2186010125424,measured_region,4769687562.260161
E042@h100,E042,h100,exact,Weak scaling,Must Have,distilbert,distilbert-base-uncased,training,2,bf16,ddp,completed,training_tokens_per_second,1251991.472847995,2445.2958454062405,12.672680835006759,1.0,0.0014540390121854014,625995.7364239976,1222.6479227031202,3276800.0,6400.0,2253584651.126391,4401532.521731232,2472.823745942633,measured_region,4770449175.504506
E060@h100,E060,h100,exact,Distributed training strategy,Should Have,distilbert,distilbert-base-uncased,training,2,bf16,deepspeed_zero1,completed,training_tokens_per_second,1185639.2612673484,2315.70168216279,15.280459166038781,1.2,0.0015354117427745628,592819.6306336742,1157.850841081395,2730666.666666667,5333.333333333334,2134150670.281227,4168263.0278930217,2271.851770815948,measured_region,5192451440.510676
E061@h100,E061,h100,exact,Distributed training strategy,Should Have,distilbert,distilbert-base-uncased,training,2,bf16,deepspeed_zero2,completed,training_tokens_per_second,1184566.3499300156,2313.6061522070618,15.180235208012164,1.2,0.0015368024294730275,592283.1749650078,1156.8030761035309,2730666.666666667,5333.333333333334,2132219429.874028,4164491.073972711,2267.487271824349,measured_region,5202445961.475639
E060@h100,E060,h100,exact,Distributed training strategy,Should Have,distilbert,distilbert-base-uncased,training,2,bf16,deepspeed_zero1,completed,training_tokens_per_second,1184241.9468367868,2312.9725524155992,15.158931919955648,1.2,0.0015372234105598182,592120.9734183934,1156.4862762077996,2730666.666666667,5333.333333333334,2131635504.3062162,4163350.5943480786,2266.432984538254,measured_region,5204866007.720641
E060@h100,E060,h100,exact,Distributed training strategy,Should Have,distilbert,distilbert-base-uncased,training,2,bf16,deepspeed_zero1,completed,training_tokens_per_second,1177116.0267519227,2299.054739749849,15.968317733961158,1.2,0.0015465293166279379,588558.0133759613,1149.5273698749245,2730666.666666667,5333.333333333334,2118808848.1534607,4138298.531549728,2286.533180343216,measured_region,5159111663.636261
E061@h100,E061,h100,exact,Distributed training strategy,Should Have,distilbert,distilbert-base-uncased,training,2,bf16,deepspeed_zero2,completed,training_tokens_per_second,1169227.3280176136,2283.6471250344016,15.522806494962424,1.2,0.0015569636466938796,584613.6640088068,1141.8235625172008,2730666.666666667,5333.333333333334,2104609190.4317043,4110564.8250619224,2262.301355433252,measured_region,5214371627.223316
E061@h100,E061,h100,exact,Distributed training strategy,Should Have,distilbert,distilbert-base-uncased,training,2,bf16,deepspeed_zero2,completed,training_tokens_per_second,1166332.0473550737,2277.9922799903784,15.067116484977305,1.2,0.001560828623866352,583166.0236775369,1138.9961399951892,2730666.666666667,5333.333333333334,2099397685.2391324,4100386.1039826805,2284.45083310443,measured_region,5163814352.690313
E038@h100,E038,h100,exact,Strong scaling,Must Have,distilbert,distilbert-base-uncased,training,1,bf16,ddp,completed,training_tokens_per_second,867086.5132728686,1693.5283462360715,18.927769838948734,0.8,0.0020994957441709833,867086.5132728686,1693.5283462360715,8192000.0,16000.0,3121511447.7823267,6096702.046449857,4748.8088322864605,measured_region,4968184829.760865
E038@h100,E038,h100,exact,Strong scaling,Must Have,distilbert,distilbert-base-uncased,training,1,bf16,ddp,completed,training_tokens_per_second,864211.8438740215,1687.9137575664483,14.83317983802408,0.8,0.0021064793977873504,864211.8438740215,1687.9137575664483,8192000.0,16000.0,3111162637.9464774,6076489.527239214,4811.43161080072,measured_region,4903521843.070249
E038@h100,E038,h100,exact,Strong scaling,Must Have,distilbert,distilbert-base-uncased,training,1,bf16,ddp,completed,training_tokens_per_second,864131.5333460083,1687.7569010664224,18.883432279923,0.8,0.002106675169456543,864131.5333460083,1687.7569010664224,8192000.0,16000.0,3110873520.04563,6075924.843839121,4647.390372895296,measured_region,5076603880.233484
E159@l40s,E159,l40s,exact,Inference batching,Should Have,distilbert,distilbert-base-uncased-finetuned-sst-2-english,inference,1,bf16,none,completed,input_tokens_per_second,739717.9404091414,5779.046409446417,9.795920358970761,0.4,3.845309528211752e-05,739717.9404091414,5779.046409446417,256000.0,2000.0,2662984585.472909,20804567.0740071,,legacy_full_window,
E159@l40s,E159,l40s,exact,Inference batching,Should Have,distilbert,distilbert-base-uncased-finetuned-sst-2-english,inference,1,bf16,none,completed,input_tokens_per_second,725831.6934222596,5670.5601048614035,9.760353969875723,0.4,3.918876056559384e-05,725831.6934222596,5670.5601048614035,256000.0,2000.0,2612994096.3201346,20414016.377501052,,legacy_full_window,
E159@l40s,E159,l40s,exact,Inference batching,Should Have,distilbert,distilbert-base-uncased-finetuned-sst-2-english,inference,1,bf16,none,completed,input_tokens_per_second,720588.1673838682,5629.595057686471,10.268125159665942,0.4,3.947392662262751e-05,720588.1673838682,5629.595057686471,256000.0,2000.0,2594117402.5819254,20266542.207671292,,legacy_full_window,
E026@h100,E026,h100,exact,Workload characterisation,Must Have,distilbert,distilbert-base-uncased,training,1,bf16,none,completed,training_tokens_per_second,691966.4623976289,1351.496996870369,8.40643115201965,0.5,0.0003288534458260983,691966.4623976289,1351.496996870369,1638400.0,3200.0,2491079264.631464,4865389.188733328,486.88234467779523,measured_region,6057151244.520158
E025@h100,E025,h100,exact,Workload characterisation,Must Have,distilbert,distilbert-base-uncased,training,1,bf16,none,completed,training_tokens_per_second,691605.5461634396,1350.792082350468,8.247560061980039,0.7,0.0003290250588906929,691605.5461634396,1350.792082350468,1170285.7142857143,2285.714285714286,2489779966.188383,4862851.496461686,485.7234208853345,measured_region,6071603454.131572
E013@h100,E013,h100,exact,Baseline profiling,Must Have,distilbert,distilbert-base-uncased,training,1,bf16,none,completed,training_tokens_per_second,691461.8496398424,1350.5114250778172,10.089814121020027,0.7,0.0006581868708275982,691461.8496398424,1350.5114250778172,2340571.4285714286,4571.428571428572,2489262658.7034326,4861841.130280142,1165.7235392000987,measured_region,5059724541.590094
E012@h100,E012,h100,exact,Baseline profiling,Must Have,distilbert,distilbert-base-uncased,training,1,bf16,none,completed,training_tokens_per_second,691269.9492216357,1350.1366195735072,12.956575991003774,1.0,0.0006583695871975377,691269.9492216357,1350.1366195735072,1638400.0,3200.0,2488571817.1978884,4860491.830464626,1159.8259403410011,measured_region,5085452734.628314
E026@h100,E026,h100,exact,Workload characterisation,Must Have,distilbert,distilbert-base-uncased,training,1,bf16,none,completed,training_tokens_per_second,691257.0324689901,1350.1113915409962,8.39255982497707,0.5,0.0003291909447095046,691257.0324689901,1350.1113915409962,1638400.0,3200.0,2488525316.8883643,4860401.009547587,486.65661539590104,measured_region,6059960774.6025505
E013@h100,E013,h100,exact,Baseline profiling,Must Have,distilbert,distilbert-base-uncased,training,1,bf16,none,completed,training_tokens_per_second,691216.9993439225,1350.0332018435986,10.098886166000739,0.7,0.0006584200208372851,691216.9993439225,1350.0332018435986,2340571.4285714286,4571.428571428572,2488381197.638121,4860119.526636955,1172.3565130817076,measured_region,5031097566.46946
E026@h100,E026,h100,exact,Workload characterisation,Must Have,distilbert,distilbert-base-uncased,training,1,bf16,none,completed,training_tokens_per_second,690864.1800519824,1349.3441016640281,8.461393525940366,0.5,0.0003293781355670136,690864.1800519824,1349.3441016640281,1638400.0,3200.0,2487111048.1871367,4857638.765990501,484.1500611718499,measured_region,6091334560.325924
E025@h100,E025,h100,exact,Workload characterisation,Must Have,distilbert,distilbert-base-uncased,training,1,bf16,none,completed,training_tokens_per_second,690292.8291484847,1348.2281819306343,8.333434239029884,0.7,0.000329650759716363,690292.8291484847,1348.2281819306343,1170285.7142857143,2285.714285714286,2485054184.934545,4853621.454950283,472.1816457022296,measured_region,6245731969.556043
E025@h100,E025,h100,exact,Workload characterisation,Must Have,distilbert,distilbert-base-uncased,training,1,bf16,none,completed,training_tokens_per_second,689171.3448992288,1346.0377830063062,8.541968608042225,0.7,0.0003301871983502578,689171.3448992288,1346.0377830063062,1170285.7142857143,2285.714285714286,2481016841.6372232,4845736.018822702,492.96412069547046,measured_region,5982423215.384116
E013@h100,E013,h100,exact,Baseline profiling,Must Have,distilbert,distilbert-base-uncased,training,1,bf16,none,completed,training_tokens_per_second,688694.8048047771,1345.1070406343304,9.79057745798491,0.7,0.0006608313405821617,688694.8048047771,1345.1070406343304,2340571.4285714286,4571.428571428572,2479301297.297198,4842385.3462835895,1174.1163316982968,measured_region,5023556730.0801525
E041@h100,E041,h100,exact,Weak scaling,Must Have,distilbert,distilbert-base-uncased,training,1,bf16,ddp,completed,training_tokens_per_second,688562.5251694355,1344.8486819715538,10.79277803003788,0.8,0.0006609582927841176,688562.5251694355,1344.8486819715538,2048000.0,4000.0,2478825090.6099677,4841455.255097593,1122.0373976853207,measured_region,5256723182.460432
E012@h100,E012,h100,exact,Baseline profiling,Must Have,distilbert,distilbert-base-uncased,training,1,bf16,none,completed,training_tokens_per_second,688153.4552416853,1344.0497172689165,9.09964703291189,1.0,0.000661351196661902,688153.4552416853,1344.0497172689165,1638400.0,3200.0,2477352438.8700666,4838578.982168099,1158.0877350887522,measured_region,5093085628.394102
E041@h100,E041,h100,exact,Weak scaling,Must Have,distilbert,distilbert-base-uncased,training,1,bf16,ddp,completed,training_tokens_per_second,688072.7860319437,1343.8921602186401,10.762528268969618,0.8,0.0006614287330497366,688072.7860319437,1343.8921602186401,2048000.0,4000.0,2477062029.714998,4838011.776787105,1154.387914153692,measured_region,5109409001.673527
E012@h100,E012,h100,exact,Baseline profiling,Must Have,distilbert,distilbert-base-uncased,training,1,bf16,none,completed,training_tokens_per_second,687928.725201381,1343.6107914089473,9.35783034504857,1.0,0.0006615672444523726,687928.725201381,1343.6107914089473,1638400.0,3200.0,2476543410.724972,4836998.8490722105,1145.5753119702008,measured_region,5148714308.320767
E041@h100,E041,h100,exact,Weak scaling,Must Have,distilbert,distilbert-base-uncased,training,1,bf16,ddp,completed,training_tokens_per_second,687382.1837570169,1342.5433276504236,9.305051862029359,0.8,0.0006620932602931539,687382.1837570169,1342.5433276504236,2048000.0,4000.0,2474575861.525261,4833155.979541525,1142.3145604300564,measured_region,5163411379.243421
E024@h100,E024,h100,exact,Workload characterisation,Must Have,distilbert,distilbert-base-uncased,training,1,bf16,none,completed,training_tokens_per_second,645649.2926297741,1261.0337746675275,38.295735026942566,0.7,0.0003524445208151721,645649.2926297741,1261.0337746675275,1170285.7142857143,2285.714285714286,2324337453.4671865,4539721.588803099,512.3972497949185,measured_region,5755534404.566679
E024@h100,E024,h100,exact,Workload characterisation,Must Have,distilbert,distilbert-base-uncased,training,1,bf16,none,completed,training_tokens_per_second,644912.9858945864,1259.595675575364,37.173033898929134,0.7,0.0003528469119596088,644912.9858945864,1259.595675575364,1170285.7142857143,2285.714285714286,2321686749.220511,4534544.4320713105,511.41829156944704,measured_region,5766551663.511492
E024@h100,E024,h100,exact,Workload characterisation,Must Have,distilbert,distilbert-base-uncased,training,1,bf16,none,completed,training_tokens_per_second,644707.4178314947,1259.194175452138,37.40992967796046,0.7,0.0003529594188957061,644707.4178314947,1259.194175452138,1170285.7142857143,2285.714285714286,2320946704.193381,4533099.031627697,519.3771488918381,measured_region,5678185893.030429
E062@h100,E062,h100,exact,Distributed training strategy,Optional,distilbert,distilbert-base-uncased,training,2,bf16,deepspeed_zero3,completed,training_tokens_per_second,631483.9333603213,1233.3670573443776,19.095127286040224,1.2,0.0028828040560862672,315741.96668016067,616.6835286721888,2730666.666666667,5333.333333333334,1136671080.0485785,2220060.70321988,3124.40215888566,measured_region,3775595906.06841
E062@h100,E062,h100,exact,Distributed training strategy,Optional,distilbert,distilbert-base-uncased,training,2,bf16,deepspeed_zero3,completed,training_tokens_per_second,628418.5325459987,1227.3799463789037,18.51363931002561,1.2,0.002896866260562092,314209.26627299935,613.6899731894518,2730666.666666667,5333.333333333334,1131153358.5827975,2209283.9034820264,3117.325323172902,measured_region,3784167123.11348
E062@h100,E062,h100,exact,Distributed training strategy,Optional,distilbert,distilbert-base-uncased,training,2,bf16,deepspeed_zero3,completed,training_tokens_per_second,621179.8292326379,1213.2418539699959,18.330371038988233,1.2,0.0029306238850242356,310589.91461631894,606.6209269849979,2730666.666666667,5333.333333333334,1118123692.6187482,2183835.3371459926,3149.242012896077,measured_region,3745815644.429254
E082@l40s,E082,l40s,exact,Memory optimisation,Optional,distilbert,distilbert-base-uncased,training,2,bf16,ddp,completed,training_tokens_per_second,618445.1652812514,1207.9007134399442,54.8592841103673,0.7,0.023548661018204357,309222.5826406257,603.9503567199721,37449142.85714286,73142.85714285714,1113201297.5062525,2174221.2841918995,,legacy_full_window,
E082@l40s,E082,l40s,exact,Memory optimisation,Optional,distilbert,distilbert-base-uncased,training,2,bf16,ddp,completed,training_tokens_per_second,617577.8217673835,1206.2066831394209,58.0754137490876,0.7,0.02358173341438588,308788.91088369174,603.1033415697104,37449142.85714286,73142.85714285714,1111640079.1812904,2171172.029650958,,legacy_full_window,
E082@l40s,E082,l40s,exact,Memory optimisation,Optional,distilbert,distilbert-base-uncased,training,2,bf16,ddp,completed,training_tokens_per_second,612647.2319595793,1196.5766249210533,58.77333648502827,0.7,0.023771519392935765,306323.61597978964,598.2883124605266,37449142.85714286,73142.85714285714,1102765017.5272427,2153837.924857896,,legacy_full_window,
E081@l40s,E081,l40s,exact,Memory optimisation,Should Have,distilbert,distilbert-base-uncased,training,2,bf16,ddp,completed,training_tokens_per_second,593640.3177280759,1159.4537455626482,33.45010373927653,0.7,0.012266312715493971,296820.15886403795,579.7268727813241,18724571.42857143,36571.42857142857,1068552571.9105365,2087016.7420127667,,legacy_full_window,
E081@l40s,E081,l40s,exact,Memory optimisation,Should Have,distilbert,distilbert-base-uncased,training,2,bf16,ddp,completed,training_tokens_per_second,591804.7677287934,1155.8686869702997,42.29333431785926,0.7,0.012304358083703037,295902.3838643967,577.9343434851498,18724571.42857143,36571.42857142857,1065248581.9118282,2080563.6365465394,,legacy_full_window,
E081@l40s,E081,l40s,exact,Memory optimisation,Should Have,distilbert,distilbert-base-uncased,training,2,bf16,ddp,completed,training_tokens_per_second,590412.1994845949,1153.1488271183493,41.9960814518854,0.7,0.01233337960180102,295206.09974229743,576.5744135591747,18724571.42857143,36571.42857142857,1062741959.0722709,2075667.888813029,,legacy_full_window,
E080@l40s,E080,l40s,exact,Memory optimisation,Optional,distilbert,distilbert-base-uncased,training,2,bf16,ddp,completed,training_tokens_per_second,546495.0941458703,1067.373230753653,23.45367256598547,0.7,0.006662253564378867,273247.54707293515,533.6866153768265,9362285.714285715,18285.714285714286,983691169.4625665,1921271.8153565752,,legacy_full_window,
E080@l40s,E080,l40s,exact,Memory optimisation,Optional,distilbert,distilbert-base-uncased,training,2,bf16,ddp,completed,training_tokens_per_second,546456.0667215162,1067.2970053154613,28.136619101278484,0.7,0.006662729376823538,273228.0333607581,533.6485026577307,9362285.714285715,18285.714285714286,983620920.0987291,1921134.6095678303,,legacy_full_window,
E080@l40s,E080,l40s,exact,Memory optimisation,Optional,distilbert,distilbert-base-uncased,training,2,bf16,ddp,completed,training_tokens_per_second,545803.639246552,1066.022732903422,30.438728600740433,0.7,0.006670693683748444,272901.819623276,533.011366451711,9362285.714285715,18285.714285714286,982446550.6437936,1918840.9192261593,,legacy_full_window,
E061@l40s,E061,l40s,exact,Distributed training strategy,Should Have,distilbert,distilbert-base-uncased,training,2,bf16,deepspeed_zero2,completed,training_tokens_per_second,518942.5032099388,1013.5595765819118,19.34958696179092,1.2,0.0035079887139403986,259471.2516049694,506.7797882909559,2730666.666666667,5333.333333333334,934096505.7778898,1824407.237847441,,legacy_full_window,
E060@l40s,E060,l40s,exact,Distributed training strategy,Should Have,distilbert,distilbert-base-uncased,training,2,bf16,deepspeed_zero1,completed,training_tokens_per_second,517950.09840604063,1011.6212859492981,22.38409261405468,1.2,0.0035147101044033964,258975.04920302032,505.81064297464906,2730666.666666667,5333.333333333334,932310177.1308731,1820918.3147087365,,legacy_full_window,
E060@l40s,E060,l40s,exact,Distributed training strategy,Should Have,distilbert,distilbert-base-uncased,training,2,bf16,deepspeed_zero1,completed,training_tokens_per_second,517160.8064834145,1010.0797001629189,20.232301380019635,1.2,0.0035200742624389627,258580.40324170724,505.03985008145946,2730666.666666667,5333.333333333334,930889451.6701461,1818143.4602932541,,legacy_full_window,
E061@l40s,E061,l40s,exact,Distributed training strategy,Should Have,distilbert,distilbert-base-uncased,training,2,bf16,deepspeed_zero2,completed,training_tokens_per_second,516772.16928051406,1009.320643126004,19.115528916940093,1.2,0.003522721525385148,258386.08464025703,504.660321563002,2730666.666666667,5333.333333333334,930189904.7049253,1816777.1576268072,,legacy_full_window,
E039@l40s,E039,l40s,exact,Strong scaling,Must Have,distilbert,distilbert-base-uncased,training,2,bf16,ddp,completed,training_tokens_per_second,512871.45072817465,1001.7020522034661,23.4836434610188,1.0,0.007099028194530142,256435.72536408732,500.85102610173305,6553600.0,12800.0,923168611.3107145,1803063.6939662392,,legacy_full_window,
E062@l40s,E062,l40s,exact,Distributed training strategy,Optional,distilbert,distilbert-base-uncased,training,2,bf16,deepspeed_zero3,completed,training_tokens_per_second,512412.17457701074,1000.8050284707241,20.764490517321974,1.2,0.0035526955345024664,256206.08728850537,500.40251423536205,2730666.666666667,5333.333333333334,922341914.2386194,1801449.0512473036,,legacy_full_window,
E062@l40s,E062,l40s,exact,Distributed training strategy,Optional,distilbert,distilbert-base-uncased,training,2,bf16,deepspeed_zero3,completed,training_tokens_per_second,512089.65184987726,1000.1751012692915,21.182784776203334,1.2,0.003554933082260605,256044.82592493863,500.08755063464577,2730666.666666667,5333.333333333334,921761373.3297791,1800315.182284725,,legacy_full_window,
E039@l40s,E039,l40s,exact,Strong scaling,Must Have,distilbert,distilbert-base-uncased,training,2,bf16,ddp,completed,training_tokens_per_second,511617.98967594496,999.25388608583,23.375154885929078,1.0,0.0071164207716679405,255808.99483797248,499.626943042915,6553600.0,12800.0,920912381.416701,1798656.994954494,,legacy_full_window,
E060@l40s,E060,l40s,exact,Distributed training strategy,Should Have,distilbert,distilbert-base-uncased,training,2,bf16,deepspeed_zero1,completed,training_tokens_per_second,511508.42658067815,999.039895665387,21.029306986834854,1.2,0.003558972540518476,255754.21329033907,499.5199478326935,2730666.666666667,5333.333333333334,920715167.8452207,1798271.8121976967,,legacy_full_window,
E062@l40s,E062,l40s,exact,Distributed training strategy,Optional,distilbert,distilbert-base-uncased,training,2,bf16,deepspeed_zero3,completed,training_tokens_per_second,511498.21234652953,999.0199459893155,21.101408505812287,1.2,0.003559043610520247,255749.10617326476,499.50997299465774,2730666.666666667,5333.333333333334,920696782.2237532,1798235.902780768,,legacy_full_window,
E061@l40s,E061,l40s,exact,Distributed training strategy,Should Have,distilbert,distilbert-base-uncased,training,2,bf16,deepspeed_zero2,completed,training_tokens_per_second,511262.2056047327,998.5589953217435,31.848969019018114,1.2,0.003560686521490829,255631.10280236634,499.27949766087175,2730666.666666667,5333.333333333334,920271970.0885187,1797406.1915791382,,legacy_full_window,
E039@l40s,E039,l40s,exact,Strong scaling,Must Have,distilbert,distilbert-base-uncased,training,2,bf16,ddp,completed,training_tokens_per_second,510079.65800095873,996.2493320331225,36.594299579039216,1.0,0.007137882940005511,255039.82900047937,498.12466601656126,6553600.0,12800.0,918143384.4017258,1793248.7976596206,,legacy_full_window,
E059@l40s,E059,l40s,exact,Distributed training strategy,Should Have,distilbert,distilbert-base-uncased,training,2,bf16,fsdp,completed,training_tokens_per_second,502725.775236421,981.8862797586347,25.418228466063738,1.2,0.0036211480177007617,251362.8876182105,490.94313987931736,2730666.666666667,5333.333333333334,904906395.4255577,1767395.3035655424,,legacy_full_window,
E050@h100,E050,h100,exact,Distributed training strategy,Must Have,gpt2_small,gpt2,training,4,bf16,fsdp,completed,training_tokens_per_second,501843.0297075274,490.08108369875725,28.12146494607441,2.4,0.014510070573305712,125460.75742688186,122.52027092468931,2730666.666666667,2666.666666666667,451658726.7367747,441072.9753288815,26829.591346107194,measured_region,879363375.1496998
E050@h100,E050,h100,exact,Distributed training strategy,Must Have,gpt2_small,gpt2,training,4,bf16,fsdp,completed,training_tokens_per_second,501654.7884534492,489.8972543490715,28.691354703973047,2.4,0.01451551534119062,125413.6971133623,122.47431358726787,2730666.666666667,2666.666666666667,451489309.6081043,440907.52891416434,26819.63866526939,measured_region,879689704.0433345
E050@h100,E050,h100,exact,Distributed training strategy,Must Have,gpt2_small,gpt2,training,4,bf16,fsdp,completed,training_tokens_per_second,501529.78331118135,489.77517901482554,27.33809889201075,2.4,0.014519133299925468,125382.44582779534,122.44379475370638,2730666.666666667,2666.666666666667,451376804.98006326,440797.661113343,26886.03996681596,measured_region,877517106.6144202
E059@l40s,E059,l40s,exact,Distributed training strategy,Should Have,distilbert,distilbert-base-uncased,training,2,bf16,fsdp,completed,training_tokens_per_second,501064.5686095438,978.6417355655152,25.522694784216583,1.2,0.003633153406747927,250532.2843047719,489.3208677827576,2730666.666666667,5333.333333333334,901916223.4971788,1761555.1240179273,,legacy_full_window,
E057@l40s,E057,l40s,exact,Distributed training strategy,Must Have,distilbert,distilbert-base-uncased,training,2,bf16,fsdp,completed,training_tokens_per_second,500088.3106738769,976.7349817849158,20.553160566370934,1.2,0.0036402459437441495,250044.15533693845,488.3674908924579,2730666.666666667,5333.333333333334,900158959.2129784,1758122.9672128484,,legacy_full_window,
E057@l40s,E057,l40s,exact,Distributed training strategy,Must Have,distilbert,distilbert-base-uncased,training,2,bf16,fsdp,completed,training_tokens_per_second,500073.12005125266,976.7053126001028,26.775812685023993,1.2,0.0036403565227778423,250036.56002562633,488.3526563000514,2730666.666666667,5333.333333333334,900131616.0922548,1758069.562680185,,legacy_full_window,
E057@l40s,E057,l40s,exact,Distributed training strategy,Must Have,distilbert,distilbert-base-uncased,training,2,bf16,fsdp,completed,training_tokens_per_second,499887.53567680187,976.3428431187536,21.8682575202547,1.2,0.0036417080133429006,249943.76783840093,488.1714215593768,2730666.666666667,5333.333333333334,899797564.2182434,1757417.1176137566,,legacy_full_window,
E059@l40s,E059,l40s,exact,Distributed training strategy,Should Have,distilbert,distilbert-base-uncased,training,2,bf16,fsdp,completed,training_tokens_per_second,498301.64818285557,973.2454066071398,27.755317375063896,1.2,0.0036532980596853627,249150.82409142778,486.6227033035699,2730666.666666667,5333.333333333334,896942966.72914,1751841.7318928516,,legacy_full_window,
E073@l40s,E073,l40s,exact,Memory optimisation,Must Have,distilbert,distilbert-base-uncased,training,2,bf16,fsdp,completed,training_tokens_per_second,498018.4104406232,972.6922078918421,15.499852975830436,1.0,0.0036553757979224124,249009.2052203116,486.3461039459211,3276800.0,6400.0,896433138.7931217,1750845.9742053158,,legacy_full_window,
E073@l40s,E073,l40s,exact,Memory optimisation,Must Have,distilbert,distilbert-base-uncased,training,2,bf16,fsdp,completed,training_tokens_per_second,496942.6885043745,970.5911884851065,16.505260391160846,1.0,0.0036632885170790057,248471.34425218726,485.29559424255325,3276800.0,6400.0,894496839.3078742,1747064.1392731918,,legacy_full_window,
E073@l40s,E073,l40s,exact,Memory optimisation,Must Have,distilbert,distilbert-base-uncased,training,2,bf16,fsdp,completed,training_tokens_per_second,496064.5392624122,968.8760532468988,15.777335193008184,1.0,0.003669773387050049,248032.2696312061,484.4380266234494,3276800.0,6400.0,892916170.672342,1743976.8958444179,,legacy_full_window,
E034@h100,E034,h100,exact,Strong scaling,Must Have,gpt2_small,gpt2,training,4,bf16,ddp,completed,training_tokens_per_second,489378.4367240437,477.9086296133239,27.91924446891062,2.0,0.014879645753341416,122344.60918101092,119.47715740333098,3276800.0,3200.0,440440593.0516393,430117.7666519915,28455.1541505709,measured_region,829127822.5082697
E034@h100,E034,h100,exact,Strong scaling,Must Have,gpt2_small,gpt2,training,4,bf16,ddp,completed,training_tokens_per_second,489350.8923237582,477.88173078492014,27.85426314501092,2.0,0.014880483293284973,122337.72308093956,119.47043269623003,3276800.0,3200.0,440415803.0913824,430093.5577064281,28336.153233150573,measured_region,832609839.6587759
E048@h100,E048,h100,exact,Distributed training strategy,Must Have,gpt2_small,gpt2,training,4,bf16,ddp,completed,training_tokens_per_second,489199.5754465921,477.7339603970626,29.100371219101362,2.4,0.014885086053335625,122299.89386164803,119.43349009926565,2730666.666666667,2666.666666666667,440279617.90193295,429960.5643573564,28325.016690385946,measured_region,832937196.7504578
E048@h100,E048,h100,exact,Distributed training strategy,Must Have,gpt2_small,gpt2,training,4,bf16,ddp,completed,training_tokens_per_second,489173.12917712936,477.7081339620404,27.8977344710147,2.4,0.014885890788864344,122293.28229428234,119.4270334905101,2730666.666666667,2666.666666666667,440255816.2594164,429937.32056583633,28359.825934634202,measured_region,831914838.0663117
E034@h100,E034,h100,exact,Strong scaling,Must Have,gpt2_small,gpt2,training,4,bf16,ddp,completed,training_tokens_per_second,488699.2551471851,477.24536635467297,28.549356509931386,2.0,0.014900325099911748,122174.81378679628,119.31134158866824,3276800.0,3200.0,439829329.6324666,429520.8297192057,28401.02936415641,measured_region,830707918.9804139
E048@h100,E048,h100,exact,Distributed training strategy,Must Have,gpt2_small,gpt2,training,4,bf16,ddp,completed,training_tokens_per_second,488446.05158392165,476.9980972499235,28.46724185498897,2.4,0.01490804921887401,122111.51289598041,119.24952431248087,2730666.666666667,2666.666666666667,439601446.4255295,429298.28752493113,28330.760224813806,measured_region,832768334.2339627
E037@h100,E037,h100,exact,Weak scaling,Must Have,gpt2_small,gpt2,training,4,bf16,ddp,completed,training_tokens_per_second,488297.5643305382,476.8530901665412,28.58878689201083,2.0,0.014912582633421859,122074.39108263455,119.2132725416353,3276800.0,3200.0,439467807.8974844,429167.78114988713,28310.81592297463,measured_region,833354999.8767072
E037@h100,E037,h100,exact,Weak scaling,Must Have,gpt2_small,gpt2,training,4,bf16,ddp,completed,training_tokens_per_second,488250.2964389301,476.80693011614267,28.43500886997208,2.0,0.014914026332165426,122062.57410973252,119.20173252903567,3276800.0,3200.0,439425266.79503703,429126.23710452835,28350.219808376823,measured_region,832196722.2641721
E037@h100,E037,h100,exact,Weak scaling,Must Have,gpt2_small,gpt2,training,4,bf16,ddp,completed,training_tokens_per_second,488215.20342491876,476.7726595946472,28.103601731010713,2.0,0.014915098355591504,122053.80085622969,119.1931648986618,3276800.0,3200.0,439393683.0824269,429095.3936351825,28323.810888724278,measured_region,832972656.5641055
E118@l40s,E118,l40s,platform_specific,Communication analysis,Must Have,distilbert,distilbert-base-uncased,training,2,bf16,fsdp,completed,training_tokens_per_second,483047.99726816127,943.4531196643775,73.80018244404346,0.8,0.003768661612800012,241523.99863408064,471.72655983218874,4096000.0,8000.0,869486395.0826902,1698215.6153958794,,legacy_full_window,
E042@l40s,E042,l40s,exact,Weak scaling,Must Have,distilbert,distilbert-base-uncased,training,2,bf16,ddp,completed,training_tokens_per_second,474398.58397840266,926.5597343328177,22.599799735937268,1.0,0.0038373732678074804,237199.29198920133,463.27986716640885,3276800.0,6400.0,853917451.1611248,1667807.521799072,,legacy_full_window,
E079@l40s,E079,l40s,exact,Memory optimisation,Should Have,distilbert,distilbert-base-uncased,training,2,bf16,ddp,completed,training_tokens_per_second,472136.1657642317,922.140948758265,25.29551518894732,0.7,0.0038557614867265025,236068.08288211585,461.0704743791325,4681142.857142857,9142.857142857143,849845098.375617,1659853.707764877,,legacy_full_window,
E117@l40s,E117,l40s,platform_specific,Communication analysis,Must Have,distilbert,distilbert-base-uncased,training,2,bf16,ddp,completed,training_tokens_per_second,472066.7808438926,922.0054313357277,80.81295424094424,0.8,0.003856328211000396,236033.3904219463,461.00271566786387,4096000.0,8000.0,849720205.5190067,1659609.77640431,,legacy_full_window,
E042@l40s,E042,l40s,exact,Weak scaling,Must Have,distilbert,distilbert-base-uncased,training,2,bf16,ddp,completed,training_tokens_per_second,471621.65504279477,921.1360450054585,22.934788768645376,1.0,0.0038599678894711865,235810.82752139738,460.56802250272926,3276800.0,6400.0,848918979.0770305,1658044.8810098253,,legacy_full_window,
E079@l40s,E079,l40s,exact,Memory optimisation,Should Have,distilbert,distilbert-base-uncased,training,2,bf16,ddp,completed,training_tokens_per_second,471620.19127654127,921.1331860869947,19.228286092169583,0.7,0.0038599798696426053,235810.09563827064,460.56659304349733,4681142.857142857,9142.857142857143,848916344.2977743,1658039.7349565905,,legacy_full_window,
E042@l40s,E042,l40s,exact,Weak scaling,Must Have,distilbert,distilbert-base-uncased,training,2,bf16,ddp,completed,training_tokens_per_second,471288.75995384186,920.4858592848474,21.724154290743172,1.0,0.0038626943800287943,235644.37997692093,460.2429296424237,3276800.0,6400.0,848319767.9169153,1656874.5467127252,,legacy_full_window,
E055@l40s,E055,l40s,exact,Distributed training strategy,Must Have,distilbert,distilbert-base-uncased,training,2,bf16,ddp,completed,training_tokens_per_second,471156.86890493665,920.2282595799544,20.263017455115914,1.2,0.0038637756649404762,235578.43445246833,460.1141297899772,2730666.666666667,5333.333333333334,848082364.028886,1656410.867243918,,legacy_full_window,
E079@l40s,E079,l40s,exact,Memory optimisation,Should Have,distilbert,distilbert-base-uncased,training,2,bf16,ddp,completed,training_tokens_per_second,470810.55647960014,919.551868124219,26.095256322063506,0.7,0.0038666177284903823,235405.27823980007,459.7759340621095,4681142.857142857,9142.857142857143,847459001.6632802,1655193.3626235942,,legacy_full_window,
E055@l40s,E055,l40s,exact,Distributed training strategy,Must Have,distilbert,distilbert-base-uncased,training,2,bf16,ddp,completed,training_tokens_per_second,470341.1751961233,918.6351078049283,18.246225653216243,1.2,0.003870476455065525,235170.58759806165,459.31755390246417,2730666.666666667,5333.333333333334,846614115.353022,1653543.194048871,,legacy_full_window,
E055@l40s,E055,l40s,exact,Distributed training strategy,Must Have,distilbert,distilbert-base-uncased,training,2,bf16,ddp,completed,training_tokens_per_second,470219.17151000426,918.3968193554771,17.128187869209796,1.2,0.003871480693988916,235109.58575500213,459.19840967773854,2730666.666666667,5333.333333333334,846394508.7180077,1653114.2748398588,,legacy_full_window,
E158@l40s,E158,l40s,exact,Inference batching,Must Have,distilbert,distilbert-base-uncased-finetuned-sst-2-english,inference,1,bf16,none,completed,input_tokens_per_second,354798.16780743265,2771.8606859955676,9.18298580404371,0.4,4.0085388011195595e-05,354798.16780743265,2771.8606859955676,128000.0,1000.0,1277273404.1067574,9978698.469584042,,legacy_full_window,
E170@l40s,E170,l40s,exact,Inference prompt length,Should Have,distilbert,distilbert-base-uncased-finetuned-sst-2-english,inference,1,bf16,none,completed,input_tokens_per_second,353245.1830013983,689.931998049606,9.388017931953073,0.4,4.026161687862542e-05,353245.1830013983,689.931998049606,128000.0,250.0,1271682658.805034,2483755.192978582,,legacy_full_window,
E158@l40s,E158,l40s,exact,Inference batching,Must Have,distilbert,distilbert-base-uncased-finetuned-sst-2-english,inference,1,bf16,none,completed,input_tokens_per_second,350797.0692818033,2740.6021037640885,10.012576206121594,0.4,4.0542591337321536e-05,350797.0692818033,2740.6021037640885,128000.0,1000.0,1262869449.414492,9866167.573550718,,legacy_full_window,
E170@l40s,E170,l40s,exact,Inference prompt length,Should Have,distilbert,distilbert-base-uncased-finetuned-sst-2-english,inference,1,bf16,none,completed,input_tokens_per_second,345162.5859868762,674.1456757556176,12.413495439104736,0.4,4.1204414382163024e-05,345162.5859868762,674.1456757556176,128000.0,250.0,1242585309.5527542,2426924.432720223,,legacy_full_window,
E158@l40s,E158,l40s,exact,Inference batching,Must Have,distilbert,distilbert-base-uncased-finetuned-sst-2-english,inference,1,bf16,none,completed,input_tokens_per_second,343888.40354010084,2686.628152657038,8.055739148985595,0.4,4.1357085833119025e-05,343888.40354010084,2686.628152657038,128000.0,1000.0,1237998252.744363,9671861.349565336,,legacy_full_window,
E170@l40s,E170,l40s,exact,Inference prompt length,Should Have,distilbert,distilbert-base-uncased-finetuned-sst-2-english,inference,1,bf16,none,completed,input_tokens_per_second,343209.99183690146,670.3320153064482,13.266882554627955,0.4,4.143883500041233e-05,343209.99183690146,670.3320153064482,128000.0,250.0,1235555970.6128452,2413195.2551032132,,legacy_full_window,
E053@h100,E053,h100,exact,Distributed training strategy,Should Have,gpt2_small,gpt2,training,2,bf16,deepspeed_zero2,completed,training_tokens_per_second,291146.7837978862,284.32303105262326,25.383288654033095,1.2,0.0062526689139324135,145573.3918989431,142.16151552631163,2730666.666666667,2666.666666666667,524064210.8361952,511781.45589472185,10867.598674546603,measured_region,1085472545.8006618
E052@h100,E052,h100,exact,Distributed training strategy,Should Have,gpt2_small,gpt2,training,2,bf16,deepspeed_zero1,completed,training_tokens_per_second,290804.1518148567,283.988429506696,25.03774426097516,1.2,0.006260035948879603,145402.07590742834,141.994214753348,2730666.666666667,2666.666666666667,523447473.266742,511179.1731120527,10880.716035098307,measured_region,1084163943.066585
E052@h100,E052,h100,exact,Distributed training strategy,Should Have,gpt2_small,gpt2,training,2,bf16,deepspeed_zero1,completed,training_tokens_per_second,290531.6587635318,283.72232301126155,26.27050944091752,1.2,0.006265907310039944,145265.8293817659,141.86116150563078,2730666.666666667,2666.666666666667,522956985.77435726,510700.18142027076,10890.963481390025,measured_region,1083143839.4001853
E053@h100,E053,h100,exact,Distributed training strategy,Should Have,gpt2_small,gpt2,training,2,bf16,deepspeed_zero2,completed,training_tokens_per_second,290323.5821387979,283.51912318241983,24.48406034905929,1.2,0.006270398122788821,145161.79106939895,141.75956159120992,2730666.666666667,2666.666666666667,522582447.84983623,510334.4217283557,10875.03662240723,measured_region,1084730140.1904433
E052@h100,E052,h100,exact,Distributed training strategy,Should Have,gpt2_small,gpt2,training,2,bf16,deepspeed_zero1,completed,training_tokens_per_second,290267.0866755643,283.46395183160575,24.313726807944477,1.2,0.006271618547228476,145133.54333778215,141.73197591580288,2730666.666666667,2666.666666666667,522480756.0160157,510235.11329689034,10883.815556484225,measured_region,1083855192.0307064
E053@h100,E053,h100,exact,Distributed training strategy,Should Have,gpt2_small,gpt2,training,2,bf16,deepspeed_zero2,completed,training_tokens_per_second,289927.03214533644,283.1318673294301,24.82625076302793,1.2,0.006278974509461679,144963.51607266822,141.56593366471506,2730666.666666667,2666.666666666667,521868657.86160564,509637.36119297426,10872.290571118918,measured_region,1085004114.1593559
E025@l40s,E025,l40s,exact,Workload characterisation,Must Have,distilbert,distilbert-base-uncased,training,1,bf16,none,completed,training_tokens_per_second,285647.58751059766,557.905444356636,8.918147291988134,0.7,0.0007966304128058254,285647.58751059766,557.905444356636,1170285.7142857143,2285.714285714286,1028331315.0381515,2008459.5996838897,,legacy_full_window,
E026@l40s,E026,l40s,exact,Workload characterisation,Must Have,distilbert,distilbert-base-uncased,training,1,bf16,none,completed,training_tokens_per_second,285517.04911259306,557.6504865480333,8.934033158700913,0.5,0.00079699463223935,285517.04911259306,557.6504865480333,1638400.0,3200.0,1027861376.805335,2007541.75157292,,legacy_full_window,
E025@l40s,E025,l40s,exact,Workload characterisation,Must Have,distilbert,distilbert-base-uncased,training,1,bf16,none,completed,training_tokens_per_second,285284.2550382938,557.1958106216675,8.998077296186239,0.7,0.0007976449857879844,285284.2550382938,557.1958106216675,1170285.7142857143,2285.714285714286,1027023318.1378577,2005904.9182380033,,legacy_full_window,
E092@l40s,E092,l40s,exact,Precision study,Must Have,distilbert,distilbert-base-uncased,training,1,bf16,none,completed,training_tokens_per_second,285221.04361147777,557.0723508036675,16.23240243224427,0.8,0.0015956435238735542,285221.04361147777,557.0723508036675,2048000.0,4000.0,1026795757.00132,2005460.4628932031,,legacy_full_window,
E012@l40s,E012,l40s,exact,Baseline profiling,Must Have,distilbert,distilbert-base-uncased,training,1,bf16,none,completed,training_tokens_per_second,284916.4489687822,556.4774393921527,14.137715740129352,1.0,0.001597349372976977,284916.4489687822,556.4774393921527,1638400.0,3200.0,1025699216.2876159,2003318.7818117498,,legacy_full_window,
E041@l40s,E041,l40s,exact,Weak scaling,Must Have,distilbert,distilbert-base-uncased,training,1,bf16,ddp,completed,training_tokens_per_second,284814.75391058833,556.2788162316178,22.250251481775194,0.8,0.0015979197175086787,284814.75391058833,556.2788162316178,2048000.0,4000.0,1025333114.0781178,2002603.738433824,,legacy_full_window,
E012@l40s,E012,l40s,exact,Baseline profiling,Must Have,distilbert,distilbert-base-uncased,training,1,bf16,none,completed,training_tokens_per_second,284807.99884584104,556.2656227457833,12.004666503984481,1.0,0.0015979576169047505,284807.99884584104,556.2656227457833,1638400.0,3200.0,1025308795.8450278,2002556.24188482,,legacy_full_window,
E038@l40s,E038,l40s,exact,Strong scaling,Must Have,distilbert,distilbert-base-uncased,training,1,bf16,ddp,completed,training_tokens_per_second,284776.32118419814,556.203752312887,36.45332575915381,0.8,0.006392541475619914,284776.32118419814,556.203752312887,8192000.0,16000.0,1025194756.2631133,2002333.508326393,,legacy_full_window,
E092@l40s,E092,l40s,exact,Precision study,Must Have,distilbert,distilbert-base-uncased,training,1,bf16,none,completed,training_tokens_per_second,284711.06870216207,556.0763060589103,16.49672703910619,0.8,0.0015985016430365955,284711.06870216207,556.0763060589103,2048000.0,4000.0,1024959847.3277835,2001874.701812077,,legacy_full_window,
E013@l40s,E013,l40s,exact,Baseline profiling,Must Have,distilbert,distilbert-base-uncased,training,1,bf16,none,completed,training_tokens_per_second,284602.01003523334,555.8633008500651,16.121283845975995,0.7,0.001599114184241949,284602.01003523334,555.8633008500651,2340571.4285714286,4571.428571428572,1024567236.12684,2001107.8830602344,,legacy_full_window,
E111@l40s,E111,l40s,exact,Data movement,Should Have,distilbert,distilbert-base-uncased,training,1,bf16,none,completed,training_tokens_per_second,284301.9644536966,555.2772743236262,16.89022099133581,0.4,0.0016008018516004085,284301.9644536966,555.2772743236262,4096000.0,8000.0,1023487072.0333079,1998998.1875650545,,legacy_full_window,
E038@l40s,E038,l40s,exact,Strong scaling,Must Have,distilbert,distilbert-base-uncased,training,1,bf16,ddp,completed,training_tokens_per_second,284246.6225375606,555.169184643673,37.597428726032376,0.8,0.006404454090580758,284246.6225375606,555.169184643673,8192000.0,16000.0,1023287841.1352181,1998609.064717223,,legacy_full_window,
E026@l40s,E026,l40s,exact,Workload characterisation,Must Have,distilbert,distilbert-base-uncased,training,1,bf16,none,completed,training_tokens_per_second,284027.7512446267,554.7417016496615,8.782127446029335,0.5,0.0008011736689756314,284027.7512446267,554.7417016496615,1638400.0,3200.0,1022499904.4806563,1997070.1259387818,,legacy_full_window,
E077@l40s,E077,l40s,exact,Memory optimisation,Must Have,distilbert,distilbert-base-uncased,training,1,bf16,ddp,completed,training_tokens_per_second,284012.65408640116,554.7122150125023,14.848153179045767,0.6,0.0016024325133508278,284012.65408640116,554.7122150125023,2730666.666666667,5333.333333333334,1022445554.7110443,1996963.9740450084,,legacy_full_window,
E110@l40s,E110,l40s,exact,Data movement,Must Have,distilbert,distilbert-base-uncased,training,1,bf16,none,completed,training_tokens_per_second,283865.36140979314,554.4245340035022,15.895638865884393,0.4,0.0016032639870213138,283865.36140979314,554.4245340035022,4096000.0,8000.0,1021915301.0752553,1995928.322412608,,legacy_full_window,
E111@l40s,E111,l40s,exact,Data movement,Should Have,distilbert,distilbert-base-uncased,training,1,bf16,none,completed,training_tokens_per_second,283853.48626012035,554.4013403517976,17.015707412734628,0.4,0.0016033310603557362,283853.48626012035,554.4013403517976,4096000.0,8000.0,1021872550.5364332,1995844.8252664711,,legacy_full_window,
E025@l40s,E025,l40s,exact,Workload characterisation,Must Have,distilbert,distilbert-base-uncased,training,1,bf16,none,completed,training_tokens_per_second,283823.0292827629,554.3418540678963,14.305463260039687,0.7,0.000801751556702786,283823.0292827629,554.3418540678963,1170285.7142857143,2285.714285714286,1021762905.4179463,1995630.6746444264,,legacy_full_window,
E106@l40s,E106,l40s,exact,Data movement,Must Have,distilbert,distilbert-base-uncased,training,1,bf16,none,completed,training_tokens_per_second,283805.66720279393,554.3079437554569,14.03459554631263,0.4,0.0016036012092243053,283805.66720279393,554.3079437554569,4096000.0,8000.0,1021700401.9300581,1995508.5975196448,,legacy_full_window,
E026@l40s,E026,l40s,exact,Workload characterisation,Must Have,distilbert,distilbert-base-uncased,training,1,bf16,none,completed,training_tokens_per_second,283799.5677543731,554.29603077026,8.860708094667643,0.5,0.000801817836990166,283799.5677543731,554.29603077026,1638400.0,3200.0,1021678443.9157434,1995465.7107729362,,legacy_full_window,
E041@l40s,E041,l40s,exact,Weak scaling,Must Have,distilbert,distilbert-base-uncased,training,1,bf16,ddp,completed,training_tokens_per_second,283781.29936381883,554.2603503199587,22.468562421854585,0.8,0.0016037389078539693,283781.29936381883,554.2603503199587,2048000.0,4000.0,1021612677.7097478,1995337.2611518512,,legacy_full_window,
E127@l40s,E127,l40s,exact,Hardware comparison,Should Have,distilbert,distilbert-base-uncased,training,1,bf16,none,completed,training_tokens_per_second,283760.05733892,554.2188619900782,17.983983076177537,0.8,0.0016038589623187565,283760.05733892,554.2188619900782,2048000.0,4000.0,1021536206.4201121,1995187.9031642815,,legacy_full_window,
E112@l40s,E112,l40s,exact,Data movement,Must Have,distilbert,distilbert-base-uncased,training,1,bf16,none,completed,training_tokens_per_second,283640.2143802978,553.9847937115192,14.089704274665564,0.4,0.0016045366208224247,283640.2143802978,553.9847937115192,4096000.0,8000.0,1021104771.769072,1994345.2573614689,,legacy_full_window,
E013@l40s,E013,l40s,exact,Baseline profiling,Must Have,distilbert,distilbert-base-uncased,training,1,bf16,none,completed,training_tokens_per_second,283432.3382629538,553.5787856698316,12.422013706061989,0.7,0.0016057134267046219,283432.3382629538,553.5787856698316,2340571.4285714286,4571.428571428572,1020356417.7466338,1992883.628411394,,legacy_full_window,
E038@l40s,E038,l40s,exact,Strong scaling,Must Have,distilbert,distilbert-base-uncased,training,1,bf16,ddp,completed,training_tokens_per_second,283420.0057462074,553.5546987230613,36.390531125012785,0.8,0.0064231331858577,283420.0057462074,553.5546987230613,8192000.0,16000.0,1020312020.6863464,1992796.9154030203,,legacy_full_window,
E092@l40s,E092,l40s,exact,Precision study,Must Have,distilbert,distilbert-base-uncased,training,1,bf16,none,completed,training_tokens_per_second,283050.8893704503,552.8337683016607,16.6553069408983,0.8,0.0016078773400901507,283050.8893704503,552.8337683016607,2048000.0,4000.0,1018983201.733621,1990201.5658859785,,legacy_full_window,
E013@l40s,E013,l40s,exact,Baseline profiling,Must Have,distilbert,distilbert-base-uncased,training,1,bf16,none,completed,training_tokens_per_second,283010.9887852002,552.7558374710942,14.569535714108497,0.7,0.0016081040282733738,283010.9887852002,552.7558374710942,2340571.4285714286,4571.428571428572,1018839559.6267208,1989921.014895939,,legacy_full_window,
E041@l40s,E041,l40s,exact,Weak scaling,Must Have,distilbert,distilbert-base-uncased,training,1,bf16,ddp,completed,training_tokens_per_second,282961.71783569216,552.6596051478363,22.749657695181668,0.8,0.0016083840407534605,282961.71783569216,552.6596051478363,2048000.0,4000.0,1018662184.2084918,1989574.5785322106,,legacy_full_window,
E108@l40s,E108,l40s,exact,Data movement,Should Have,distilbert,distilbert-base-uncased,training,1,bf16,none,completed,training_tokens_per_second,282875.805739327,552.491808084623,14.03702897997573,0.4,0.0016088725224189047,282875.805739327,552.491808084623,4096000.0,8000.0,1018352900.6615772,1988970.509104643,,legacy_full_window,
E012@l40s,E012,l40s,exact,Baseline profiling,Must Have,distilbert,distilbert-base-uncased,training,1,bf16,none,completed,training_tokens_per_second,282862.91442917654,552.4666297444854,14.498324630782008,1.0,0.001608945845833255,282862.91442917654,552.4666297444854,1638400.0,3200.0,1018306491.9450356,1988879.8670801476,,legacy_full_window,
E112@l40s,E112,l40s,exact,Data movement,Must Have,distilbert,distilbert-base-uncased,training,1,bf16,none,completed,training_tokens_per_second,282774.5513376566,552.2940455813606,14.430547999218106,0.4,0.0016094486189023073,282774.5513376566,552.2940455813606,4096000.0,8000.0,1017988384.815564,1988258.5640928985,,legacy_full_window,
E105@l40s,E105,l40s,exact,Data movement,Should Have,distilbert,distilbert-base-uncased,training,1,bf16,none,completed,training_tokens_per_second,282676.26619741385,552.1020824168239,17.80640096589923,0.4,0.0016100082162301987,282676.26619741385,552.1020824168239,4096000.0,8000.0,1017634558.3106899,1987567.4967005663,,legacy_full_window,
E110@l40s,E110,l40s,exact,Data movement,Must Have,distilbert,distilbert-base-uncased,training,1,bf16,none,completed,training_tokens_per_second,282413.3901354663,551.5886526083326,18.230426385998726,0.4,0.0016115068442498644,282413.3901354663,551.5886526083326,4096000.0,8000.0,1016688204.4876788,1985719.1493899976,,legacy_full_window,
E106@l40s,E106,l40s,exact,Data movement,Must Have,distilbert,distilbert-base-uncased,training,1,bf16,none,completed,training_tokens_per_second,282375.2858524315,551.5142301805303,12.906445647589862,0.4,0.0016117243041905264,282375.2858524315,551.5142301805303,4096000.0,8000.0,1016551029.0687532,1985451.2286499087,,legacy_full_window,
E024@l40s,E024,l40s,exact,Workload characterisation,Must Have,distilbert,distilbert-base-uncased,training,1,bf16,none,completed,training_tokens_per_second,282277.68914296984,551.323611607363,37.6818279591389,0.7,0.000806140776646013,282277.68914296984,551.323611607363,1170285.7142857143,2285.714285714286,1016199680.9146914,1984765.0017865067,,legacy_full_window,
E127@l40s,E127,l40s,exact,Hardware comparison,Should Have,distilbert,distilbert-base-uncased,training,1,bf16,none,completed,training_tokens_per_second,282150.49270748906,551.0751810693146,15.85976684698835,0.8,0.0016130083869211375,282150.49270748906,551.0751810693146,2048000.0,4000.0,1015741773.7469606,1983870.6518495325,,legacy_full_window,
E105@l40s,E105,l40s,exact,Data movement,Should Have,distilbert,distilbert-base-uncased,training,1,bf16,none,completed,training_tokens_per_second,282057.64901013224,550.8938457229145,14.426424433942884,0.4,0.0016135393339209258,282057.64901013224,550.8938457229145,4096000.0,8000.0,1015407536.4364762,1983217.8446024926,,legacy_full_window,
E111@l40s,E111,l40s,exact,Data movement,Should Have,distilbert,distilbert-base-uncased,training,1,bf16,none,completed,training_tokens_per_second,281949.7085851352,550.6830245803421,13.656660548876971,0.4,0.0016141570544439471,281949.7085851352,550.6830245803421,4096000.0,8000.0,1015018950.9064867,1982458.888489232,,legacy_full_window,
E107@l40s,E107,l40s,exact,Data movement,Must Have,distilbert,distilbert-base-uncased,training,1,bf16,none,completed,training_tokens_per_second,281905.076737813,550.595853003541,22.934588457923383,0.4,0.0016144126114280273,281905.076737813,550.595853003541,4096000.0,8000.0,1014858276.2561268,1982145.0708127476,,legacy_full_window,
E024@l40s,E024,l40s,exact,Workload characterisation,Must Have,distilbert,distilbert-base-uncased,training,1,bf16,none,completed,training_tokens_per_second,281831.869199778,550.4528695308164,37.712394875939935,0.7,0.0008074159824496343,281831.869199778,550.4528695308164,1170285.7142857143,2285.714285714286,1014594729.1192007,1981630.3303109389,,legacy_full_window,
E105@l40s,E105,l40s,exact,Data movement,Should Have,distilbert,distilbert-base-uncased,training,1,bf16,none,completed,training_tokens_per_second,281775.58676373225,550.3429428979146,14.228855271823704,0.4,0.0016151545147618485,281775.58676373225,550.3429428979146,4096000.0,8000.0,1014392112.349436,1981234.5944324923,,legacy_full_window,
E127@l40s,E127,l40s,exact,Hardware comparison,Should Have,distilbert,distilbert-base-uncased,training,1,bf16,none,completed,training_tokens_per_second,281769.0128869125,550.330103294751,18.005723951850086,0.8,0.0016151921974960715,281769.0128869125,550.330103294751,2048000.0,4000.0,1014368446.3928851,1981188.3718611037,,legacy_full_window,
E077@l40s,E077,l40s,exact,Memory optimisation,Must Have,distilbert,distilbert-base-uncased,training,1,bf16,ddp,completed,training_tokens_per_second,281723.90924152284,550.2420102373493,17.952839168719947,0.6,0.001615450787746037,281723.90924152284,550.2420102373493,2730666.666666667,5333.333333333334,1014206073.2694823,1980871.2368544575,,legacy_full_window,
E107@l40s,E107,l40s,exact,Data movement,Must Have,distilbert,distilbert-base-uncased,training,1,bf16,none,completed,training_tokens_per_second,281456.23832251795,549.7192154736679,13.023139751050621,0.4,0.0016169871160915741,281456.23832251795,549.7192154736679,4096000.0,8000.0,1013242457.9610647,1978989.1757052045,,legacy_full_window,
E107@l40s,E107,l40s,exact,Data movement,Must Have,distilbert,distilbert-base-uncased,training,1,bf16,none,completed,training_tokens_per_second,281285.8137561285,549.3863549924384,23.212309029884636,0.4,0.0016179668111726642,281285.8137561285,549.3863549924384,4096000.0,8000.0,1012628929.5220625,1977790.8779727784,,legacy_full_window,
E108@l40s,E108,l40s,exact,Data movement,Should Have,distilbert,distilbert-base-uncased,training,1,bf16,none,completed,training_tokens_per_second,281270.4655626896,549.3563780521281,15.611906846985221,0.4,0.0016180550993885846,281270.4655626896,549.3563780521281,4096000.0,8000.0,1012573676.0256824,1977682.960987661,,legacy_full_window,
E110@l40s,E110,l40s,exact,Data movement,Must Have,distilbert,distilbert-base-uncased,training,1,bf16,none,completed,training_tokens_per_second,281239.5974594059,549.2960887879021,19.313141687773168,0.4,0.0016182326927729365,281239.5974594059,549.2960887879021,4096000.0,8000.0,1012462550.8538612,1977465.9196364477,,legacy_full_window,
E112@l40s,E112,l40s,exact,Data movement,Must Have,distilbert,distilbert-base-uncased,training,1,bf16,none,completed,training_tokens_per_second,281169.64903285896,549.1594707673027,14.375752566382289,0.4,0.0016186352711843534,281169.64903285896,549.1594707673027,4096000.0,8000.0,1012210736.5182922,1976974.0947622894,,legacy_full_window,
E024@l40s,E024,l40s,exact,Workload characterisation,Must Have,distilbert,distilbert-base-uncased,training,1,bf16,none,completed,training_tokens_per_second,280778.89572864707,548.3962807200138,41.42748270183802,0.7,0.0008104439436768492,280778.89572864707,548.3962807200138,1170285.7142857143,2285.714285714286,1010804024.6231294,1974226.6105920495,,legacy_full_window,
E106@l40s,E106,l40s,exact,Data movement,Must Have,distilbert,distilbert-base-uncased,training,1,bf16,none,completed,training_tokens_per_second,280457.74806712073,547.7690391935952,15.310964825097471,0.4,0.0016227439400326048,280457.74806712073,547.7690391935952,4096000.0,8000.0,1009647893.0416346,1971968.5410969425,,legacy_full_window,
E108@l40s,E108,l40s,exact,Data movement,Should Have,distilbert,distilbert-base-uncased,training,1,bf16,none,completed,training_tokens_per_second,280092.57434258115,547.0558092628538,12.957639323081821,0.4,0.0016248596100033156,280092.57434258115,547.0558092628538,4096000.0,8000.0,1008333267.6332922,1969400.9133462738,,legacy_full_window,
E077@l40s,E077,l40s,exact,Memory optimisation,Must Have,distilbert,distilbert-base-uncased,training,1,bf16,ddp,completed,training_tokens_per_second,279705.196743843,546.2992123903183,18.410376525018364,0.6,0.0016271099586608923,279705.196743843,546.2992123903183,2730666.666666667,5333.333333333334,1006938708.2778348,1966677.164605146,,legacy_full_window,
E091@l40s,E091,l40s,exact,Precision study,Must Have,distilbert,distilbert-base-uncased,training,1,fp16,none,completed,training_tokens_per_second,279331.3364589322,545.569016521352,17.077675299718976,0.8,0.001629287701410552,279331.3364589322,545.569016521352,2048000.0,4000.0,1005592811.2521559,1964048.459476867,,legacy_full_window,
E091@l40s,E091,l40s,exact,Precision study,Must Have,distilbert,distilbert-base-uncased,training,1,fp16,none,completed,training_tokens_per_second,279027.81513486704,544.9762014352872,16.816187979653478,0.8,0.0016310600105983516,279027.81513486704,544.9762014352872,2048000.0,4000.0,1004500134.4855213,1961914.3251670338,,legacy_full_window,
E109@l40s,E109,l40s,exact,Data movement,Should Have,distilbert,distilbert-base-uncased,training,1,bf16,none,completed,training_tokens_per_second,278824.0684123887,544.5782586179466,16.297157797962427,0.4,0.001632251884503704,278824.0684123887,544.5782586179466,4096000.0,8000.0,1003766646.2845993,1960481.731024608,,legacy_full_window,
E078@l40s,E078,l40s,exact,Memory optimisation,Should Have,distilbert,distilbert-base-uncased,training,1,bf16,ddp,completed,training_tokens_per_second,278512.8639413662,543.9704373854809,22.692832380067557,0.6,0.003268151457499092,278512.8639413662,543.9704373854809,5461333.333333334,10666.666666666668,1002646310.1889184,1958293.5745877312,,legacy_full_window,
E078@l40s,E078,l40s,exact,Memory optimisation,Should Have,distilbert,distilbert-base-uncased,training,1,bf16,ddp,completed,training_tokens_per_second,278399.77871275024,543.7495677983403,22.2404894400388,0.6,0.003269478971681868,278399.77871275024,543.7495677983403,5461333.333333334,10666.666666666668,1002239203.3659009,1957498.4440740251,,legacy_full_window,
E109@l40s,E109,l40s,exact,Data movement,Should Have,distilbert,distilbert-base-uncased,training,1,bf16,none,completed,training_tokens_per_second,277464.6370508191,541.9231192398811,15.618433279916644,0.4,0.0016402490636230342,277464.6370508191,541.9231192398811,4096000.0,8000.0,998872693.3829489,1950923.229263572,,legacy_full_window,
E091@l40s,E091,l40s,exact,Precision study,Must Have,distilbert,distilbert-base-uncased,training,1,fp16,none,completed,training_tokens_per_second,277356.4128415623,541.7117438311764,18.301693704910576,0.8,0.001640889087252112,277356.4128415623,541.7117438311764,2048000.0,4000.0,998483086.2296243,1950162.277792235,,legacy_full_window,
E078@l40s,E078,l40s,exact,Memory optimisation,Should Have,distilbert,distilbert-base-uncased,training,1,bf16,ddp,completed,training_tokens_per_second,276957.43970547995,540.9324994247655,24.0511178500019,0.6,0.0032865057648935668,276957.43970547995,540.9324994247655,5461333.333333334,10666.666666666668,997046782.9397278,1947356.9979291558,,legacy_full_window,
E109@l40s,E109,l40s,exact,Data movement,Should Have,distilbert,distilbert-base-uncased,training,1,bf16,none,completed,training_tokens_per_second,276549.0357286697,540.1348354075581,13.745097761042416,0.4,0.001645679616679748,276549.0357286697,540.1348354075581,4096000.0,8000.0,995576528.623211,1944485.407467209,,legacy_full_window,
E054@h100,E054,h100,exact,Distributed training strategy,Optional,gpt2_small,gpt2,training,2,bf16,deepspeed_zero3,completed,training_tokens_per_second,265810.31124589115,259.5803820760656,27.673978701001033,1.2,0.006848659993330431,132905.15562294557,129.7901910380328,2730666.666666667,2666.666666666667,478458560.242604,467244.687736918,11111.712027340704,measured_region,1061625784.6652616
E054@h100,E054,h100,exact,Distributed training strategy,Optional,gpt2_small,gpt2,training,2,bf16,deepspeed_zero3,completed,training_tokens_per_second,265127.9762409803,258.91403929783235,26.9049518390093,1.2,0.006866285747188765,132563.98812049016,129.45701964891617,2730666.666666667,2666.666666666667,477230357.2337645,466045.2707360982,11132.933232453295,measured_region,1059602150.9957877
E054@h100,E054,h100,exact,Distributed training strategy,Optional,gpt2_small,gpt2,training,2,bf16,deepspeed_zero3,completed,training_tokens_per_second,264404.7975588794,258.2078101160932,27.460478666005656,1.2,0.006885065858304087,132202.3987794397,129.1039050580466,2730666.666666667,2666.666666666667,475928635.60598296,464774.05820896773,11151.675944168554,measured_region,1057821269.1132429
E076@l40s,E076,l40s,exact,Memory optimisation,Must Have,distilbert,distilbert-base-uncased,training,1,bf16,ddp,completed,training_tokens_per_second,260129.9113279491,508.0662330624006,11.172869239933789,0.6,0.0008747765852604062,260129.9113279491,508.0662330624006,1365333.3333333335,2666.666666666667,936467680.7806168,1829038.439024642,,legacy_full_window,
E076@l40s,E076,l40s,exact,Memory optimisation,Must Have,distilbert,distilbert-base-uncased,training,1,bf16,ddp,completed,training_tokens_per_second,259541.50278416707,506.9169976253263,21.643220173660666,0.6,0.0008767597980072929,259541.50278416707,506.9169976253263,1365333.3333333335,2666.666666666667,934349410.0230014,1824901.1914511747,,legacy_full_window,
E033@h100,E033,h100,exact,Strong scaling,Must Have,gpt2_small,gpt2,training,2,bf16,ddp,completed,training_tokens_per_second,259530.87294041505,253.44811810587407,35.32561918301508,1.0,0.014028731332186403,129765.43647020753,126.72405905293704,6553600.0,6400.0,467155571.2927471,456206.6125905733,27105.061285236876,measured_region,870426366.1949443
E033@h100,E033,h100,exact,Strong scaling,Must Have,gpt2_small,gpt2,training,2,bf16,ddp,completed,training_tokens_per_second,259453.9862802028,253.37303347676055,35.27863959397655,1.0,0.014032888609993582,129726.9931401014,126.68651673838028,6553600.0,6400.0,467017175.30436504,456071.460258169,27260.711352962782,measured_region,865456506.0510001
E033@h100,E033,h100,exact,Strong scaling,Must Have,gpt2_small,gpt2,training,2,bf16,ddp,completed,training_tokens_per_second,259428.5793659236,253.34822203703476,36.32433154806495,1.0,0.014034262908842517,129714.2896829618,126.67411101851738,6553600.0,6400.0,466971442.8586625,456026.7996666626,27618.604646257474,measured_region,854241562.967484
E076@l40s,E076,l40s,exact,Memory optimisation,Must Have,distilbert,distilbert-base-uncased,training,1,bf16,ddp,completed,training_tokens_per_second,258593.03626378166,505.06452395269855,21.388527263887227,0.6,0.000879975574142817,258593.03626378166,505.06452395269855,1365333.3333333335,2666.666666666667,930934930.549614,1818232.2862297148,,legacy_full_window,
E049@h100,E049,h100,exact,Distributed training strategy,Must Have,gpt2_small,gpt2,training,2,bf16,fsdp,completed,training_tokens_per_second,249958.25148554475,244.0998549663523,22.10347324295435,1.2,0.0072829939944980045,124979.12574277238,122.04992748317615,2730666.666666667,2666.666666666667,449924852.6739806,439379.7389394342,13282.963995415856,measured_region,888090941.4548694
E051@h100,E051,h100,exact,Distributed training strategy,Should Have,gpt2_small,gpt2,training,2,bf16,fsdp,completed,training_tokens_per_second,248523.24130879584,242.69847784062094,25.16483025101479,1.2,0.007325047085566136,124261.62065439792,121.34923892031047,2730666.666666667,2666.666666666667,447341834.3558325,436857.2601131177,13339.813161373235,measured_region,884306238.5729576
E049@h100,E049,h100,exact,Distributed training strategy,Must Have,gpt2_small,gpt2,training,2,bf16,fsdp,completed,training_tokens_per_second,248521.46216184506,242.69674039242682,23.90582084597554,1.2,0.007325099525041878,124260.73108092253,121.34837019621341,2730666.666666667,2666.666666666667,447338631.8913211,436854.1327063683,13324.053849570262,measured_region,885352170.8320377
E051@h100,E051,h100,exact,Distributed training strategy,Should Have,gpt2_small,gpt2,training,2,bf16,fsdp,completed,training_tokens_per_second,248411.24275359572,242.58910425155833,25.28100524097681,1.2,0.007328349652234465,124205.62137679786,121.29455212577916,2730666.666666667,2666.666666666667,447140236.9564723,436660.38765280496,13281.43565657142,measured_region,888193137.0245588
E049@h100,E049,h100,exact,Distributed training strategy,Must Have,gpt2_small,gpt2,training,2,bf16,fsdp,completed,training_tokens_per_second,248051.72358031716,242.23801130890348,25.035892546060495,1.2,0.007338971155566267,124025.86179015858,121.11900565445174,2730666.666666667,2666.666666666667,446493102.4445709,436028.42035602627,13321.525101895006,measured_region,885520232.0882865
E051@h100,E051,h100,exact,Distributed training strategy,Should Have,gpt2_small,gpt2,training,2,bf16,fsdp,completed,training_tokens_per_second,247933.1542835406,242.12222098002013,25.457586404052563,1.2,0.007342480878384474,123966.5771417703,121.06111049001007,2730666.666666667,2666.666666666667,446279677.7103731,435819.99776403623,13354.250353996418,measured_region,883350220.8882705
E047@h100,E047,h100,exact,Distributed training strategy,Must Have,gpt2_small,gpt2,training,2,bf16,ddp,completed,training_tokens_per_second,244192.5051958541,238.46924335532626,23.6523657849757,1.2,0.007454956256681018,122096.25259792704,119.23462167766313,2730666.666666667,2666.666666666667,439546509.35253733,429244.63803958724,13621.315490800234,measured_region,866030891.6541344
E047@h100,E047,h100,exact,Distributed training strategy,Must Have,gpt2_small,gpt2,training,2,bf16,ddp,completed,training_tokens_per_second,243924.83568305848,238.2078473467368,22.932588028954342,1.2,0.007463136909969358,121962.41784152924,119.1039236733684,2730666.666666667,2666.666666666667,439064704.22950524,428774.1252241262,13698.12616682123,measured_region,861174722.4647936
E036@h100,E036,h100,exact,Weak scaling,Must Have,gpt2_small,gpt2,training,2,bf16,ddp,completed,training_tokens_per_second,243758.61157582994,238.04551911702143,23.820672972942702,1.0,0.0074682261794805525,121879.30578791497,119.02275955851071,3276800.0,3200.0,438765500.8364939,428481.9344106386,13642.51545517747,measured_region,864685111.6832064
E036@h100,E036,h100,exact,Weak scaling,Must Have,gpt2_small,gpt2,training,2,bf16,ddp,completed,training_tokens_per_second,243665.91234154152,237.95499252103664,22.609060932067223,1.0,0.007471067360020242,121832.95617077076,118.97749626051832,3276800.0,3200.0,438598642.2147747,428318.98653786595,13620.687912760019,measured_region,866070794.335499
E047@h100,E047,h100,exact,Distributed training strategy,Must Have,gpt2_small,gpt2,training,2,bf16,ddp,completed,training_tokens_per_second,243478.74270198366,237.77220966990592,24.828451432986185,1.2,0.007476810600556847,121739.37135099183,118.88610483495296,2730666.666666667,2666.666666666667,438261736.8635706,427989.97740583064,13631.585977247023,measured_region,865378395.4185474
E036@h100,E036,h100,exact,Weak scaling,Must Have,gpt2_small,gpt2,training,2,bf16,ddp,completed,training_tokens_per_second,243452.62119843456,237.74670038909625,23.874085939954966,1.0,0.007477612832768096,121726.31059921728,118.87335019454812,3276800.0,3200.0,438214718.1571822,427944.06070037326,13885.26186874891,measured_region,849568420.9276556
E117@l40s,E117,l40s,platform_specific,Communication analysis,Must Have,distilbert,distilbert-base-uncased,training,2,bf16,ddp,completed,training_tokens_per_second,233746.81540759248,456.53674884295407,86.4813612960279,0.8,0.007788103727830781,116873.40770379624,228.26837442147703,4096000.0,8000.0,420744267.7336665,821766.1479173173,,legacy_full_window,
E117@l40s,E117,l40s,platform_specific,Communication analysis,Must Have,distilbert,distilbert-base-uncased,training,2,bf16,ddp,completed,training_tokens_per_second,226585.20169481492,442.5492220601854,85.53555855061859,0.8,0.008034260096545849,113292.60084740746,221.2746110300927,4096000.0,8000.0,407853363.05066687,796588.5997083337,,legacy_full_window,
E074@l40s,E074,l40s,exact,Memory optimisation,Must Have,distilbert,distilbert-base-uncased,training,2,bf16,fsdp,completed,training_tokens_per_second,209724.42346188825,409.6180145740005,27.530151836108416,1.0,0.008680173793755885,104862.21173094412,204.80900728700024,3276800.0,6400.0,377503962.2313989,737312.4262332009,,legacy_full_window,
E074@l40s,E074,l40s,exact,Memory optimisation,Must Have,distilbert,distilbert-base-uncased,training,2,bf16,fsdp,completed,training_tokens_per_second,207118.79611351353,404.5288986592061,25.75025055091828,1.0,0.008789373434976572,103559.39805675676,202.26444932960305,3276800.0,6400.0,372813833.0043243,728152.0175865709,,legacy_full_window,
E074@l40s,E074,l40s,exact,Memory optimisation,Must Have,distilbert,distilbert-base-uncased,training,2,bf16,fsdp,completed,training_tokens_per_second,203275.94132420092,397.0233228988299,25.70317049138248,1.0,0.008955533215517385,101637.97066210046,198.51166144941496,3276800.0,6400.0,365896694.3835617,714641.9812178939,,legacy_full_window,
E075@l40s,E075,l40s,exact,Memory optimisation,Should Have,distilbert,distilbert-base-uncased,training,1,bf16,ddp,completed,training_tokens_per_second,200429.5279262752,391.4639217310062,15.609219003934413,0.6,0.00056766973886018,200429.5279262752,391.4639217310062,682666.6666666667,1333.3333333333335,721546300.5345906,1409270.1182316223,,legacy_full_window,
E075@l40s,E075,l40s,exact,Memory optimisation,Should Have,distilbert,distilbert-base-uncased,training,1,bf16,ddp,completed,training_tokens_per_second,200165.46432139305,390.9481725027208,9.76876295125112,0.6,0.0005684186238795519,200165.46432139305,390.9481725027208,682666.6666666667,1333.3333333333335,720595671.557015,1407413.4210097948,,legacy_full_window,
E075@l40s,E075,l40s,exact,Memory optimisation,Should Have,distilbert,distilbert-base-uncased,training,1,bf16,ddp,completed,training_tokens_per_second,200084.51134189576,390.79006121464016,15.610007607843727,0.6,0.0005686486026065217,200084.51134189576,390.79006121464016,682666.6666666667,1333.3333333333335,720304240.8308249,1406844.2203727048,,legacy_full_window,
E118@l40s,E118,l40s,platform_specific,Communication analysis,Must Have,distilbert,distilbert-base-uncased,training,2,bf16,fsdp,completed,training_tokens_per_second,192952.7707130627,376.8608802989506,81.98690321296453,0.8,0.009434663403468827,96476.38535653135,188.4304401494753,4096000.0,8000.0,347314987.2835129,678349.5845381111,,legacy_full_window,
E118@l40s,E118,l40s,platform_specific,Communication analysis,Must Have,distilbert,distilbert-base-uncased,training,2,bf16,fsdp,completed,training_tokens_per_second,192096.3372468999,375.18815868535137,83.08851629588753,0.8,0.009476726472429517,96048.16862344995,187.59407934267568,4096000.0,8000.0,345773407.0444198,675338.6856336325,,legacy_full_window,
E157@l40s,E157,l40s,exact,Inference batching,Should Have,distilbert,distilbert-base-uncased-finetuned-sst-2-english,inference,1,bf16,none,completed,input_tokens_per_second,182140.75368804953,1422.974638187887,9.636804201640189,0.4,3.904184520555039e-05,182140.75368804953,1422.974638187887,64000.0,500.0,655706713.2769783,5122708.697476393,,legacy_full_window,
E169@l40s,E169,l40s,exact,Inference prompt length,Must Have,distilbert,distilbert-base-uncased-finetuned-sst-2-english,inference,1,bf16,none,completed,input_tokens_per_second,180304.05678624005,704.3127218212502,11.592458941973746,0.4,3.94395513770481e-05,180304.05678624005,704.3127218212502,64000.0,250.0,649094604.4304641,2535525.7985565006,,legacy_full_window,
E169@l40s,E169,l40s,exact,Inference prompt length,Must Have,distilbert,distilbert-base-uncased-finetuned-sst-2-english,inference,1,bf16,none,completed,input_tokens_per_second,179959.90149136816,702.9683652006569,11.704975073225796,0.4,3.951497557055619e-05,179959.90149136816,702.9683652006569,64000.0,250.0,647855645.3689253,2530686.1147223646,,legacy_full_window,
E169@l40s,E169,l40s,exact,Inference prompt length,Must Have,distilbert,distilbert-base-uncased-finetuned-sst-2-english,inference,1,bf16,none,completed,input_tokens_per_second,179492.9640018073,701.1443906320598,11.574282289948314,0.4,3.9617770817130804e-05,179492.9640018073,701.1443906320598,64000.0,250.0,646174670.4065063,2524119.8062754152,,legacy_full_window,
E157@l40s,E157,l40s,exact,Inference batching,Should Have,distilbert,distilbert-base-uncased-finetuned-sst-2-english,inference,1,bf16,none,completed,input_tokens_per_second,175212.08665368147,1368.8444269818865,9.478893091902137,0.4,4.058573382078774e-05,175212.08665368147,1368.8444269818865,64000.0,500.0,630763511.9532533,4927839.937134791,,legacy_full_window,
E157@l40s,E157,l40s,exact,Inference batching,Should Have,distilbert,distilbert-base-uncased-finetuned-sst-2-english,inference,1,bf16,none,completed,input_tokens_per_second,173818.3914784404,1357.9561834253157,9.601158951409161,0.4,4.0911154743904866e-05,173818.3914784404,1357.9561834253157,64000.0,500.0,625746209.3223855,4888642.260331137,,legacy_full_window,
E022@h100,E022,h100,exact,Workload characterisation,Must Have,gpt2_small,gpt2,training,1,bf16,none,completed,training_tokens_per_second,125961.89462382381,123.00966271857794,15.609798421966843,0.5,0.0018065428138814039,125961.89462382381,123.00966271857794,1638400.0,1600.0,453462820.6457657,442834.7857868806,3370.1540664251174,measured_region,875069786.6843433
E022@h100,E022,h100,exact,Workload characterisation,Must Have,gpt2_small,gpt2,training,1,bf16,none,completed,training_tokens_per_second,125957.81626550137,123.00567994677868,15.70002873800695,0.5,0.0018066013075036204,125957.81626550137,123.00567994677868,1638400.0,1600.0,453448138.5558049,442820.44780840323,3342.6564159802733,measured_region,882268361.7440041
E021@h100,E021,h100,exact,Workload characterisation,Must Have,gpt2_small,gpt2,training,1,bf16,none,completed,training_tokens_per_second,125945.9936838828,122.9941344569168,15.534119527088478,0.7,0.001806770893615774,125945.9936838828,122.9941344569168,1170285.7142857143,1142.857142857143,453405577.2619781,442778.8840449005,3364.3567596840385,measured_region,876577667.1903739
E009@h100,E009,h100,exact,Baseline profiling,Must Have,gpt2_small,gpt2,training,1,bf16,none,completed,training_tokens_per_second,125920.41472042668,122.96915500041668,22.285846070968546,0.7,0.003614275827486482,125920.41472042668,122.96915500041668,2340571.4285714286,2285.714285714286,453313492.99353606,442688.95800150005,6827.095378380409,measured_region,863945744.5809463
E054@l40s,E054,l40s,exact,Distributed training strategy,Optional,gpt2_small,gpt2,training,2,bf16,deepspeed_zero3,completed,training_tokens_per_second,125910.42579265717,122.95940018814177,47.126369439065456,1.2,0.014458250244044596,62955.21289632859,61.479700094070886,2730666.666666667,2666.666666666667,226638766.4267829,221326.92033865518,,legacy_full_window,
E022@h100,E022,h100,exact,Workload characterisation,Must Have,gpt2_small,gpt2,training,1,bf16,none,completed,training_tokens_per_second,125889.49532414263,122.93896027748303,15.360456463997252,0.5,0.0018075817602544299,125889.49532414263,122.93896027748303,1638400.0,1600.0,453202183.16691345,442580.2569989389,3387.1180028420936,measured_region,870687114.392066
E021@h100,E021,h100,exact,Workload characterisation,Must Have,gpt2_small,gpt2,training,1,bf16,none,completed,training_tokens_per_second,125782.41249716424,122.83438720426196,14.637635049992241,0.7,0.001809120615814916,125782.41249716424,122.83438720426196,1170285.7142857143,1142.857142857143,452816684.9897913,442203.79393534304,3373.0580372574964,measured_region,874316411.8213086
E009@h100,E009,h100,exact,Baseline profiling,Must Have,gpt2_small,gpt2,training,1,bf16,none,completed,training_tokens_per_second,125774.80678839596,122.82695975429293,23.876210100017488,0.7,0.003618460029732281,125774.80678839596,122.82695975429293,2340571.4285714286,2285.714285714286,452789304.43822545,442177.05511545454,6808.915944308183,measured_region,866252432.5815111
E054@l40s,E054,l40s,exact,Distributed training strategy,Optional,gpt2_small,gpt2,training,2,bf16,deepspeed_zero3,completed,training_tokens_per_second,125756.67915855156,122.80925699077301,47.8952851020731,1.2,0.014475926500486416,62878.33957927578,61.404628495386504,2730666.666666667,2666.666666666667,226362022.4853928,221056.66258339141,,legacy_full_window,
E009@h100,E009,h100,exact,Baseline profiling,Must Have,gpt2_small,gpt2,training,1,bf16,none,completed,training_tokens_per_second,125756.10228025196,122.80869363305855,23.877386959968135,0.7,0.003618998226399223,125756.10228025196,122.80869363305855,2340571.4285714286,2285.714285714286,452721968.208907,442111.29707901075,6780.89508648341,measured_region,869832068.5947735
E008@h100,E008,h100,exact,Baseline profiling,Must Have,gpt2_small,gpt2,training,1,bf16,none,completed,training_tokens_per_second,125744.70115780673,122.79755972442064,24.59404184995219,1.0,0.0036193263566625927,125744.70115780673,122.79755972442064,1638400.0,1600.0,452680924.16810423,442071.2150079143,6801.556789084833,measured_region,867189701.2556773
E035@h100,E035,h100,exact,Weak scaling,Must Have,gpt2_small,gpt2,training,1,bf16,ddp,completed,training_tokens_per_second,125736.87459677276,122.7899165984109,22.224619009997696,0.8,0.0036195516436257295,125736.87459677276,122.7899165984109,2048000.0,2000.0,452652748.548382,442043.6997542793,6825.088579606708,measured_region,864199772.8240303
E008@h100,E008,h100,exact,Baseline profiling,Must Have,gpt2_small,gpt2,training,1,bf16,none,completed,training_tokens_per_second,125703.36938999337,122.7571966699154,24.579495902056806,1.0,0.00362051640556375,125703.36938999337,122.7571966699154,1638400.0,1600.0,452532129.8039761,441925.9080116954,6880.993505721639,measured_region,857178544.7981508
E021@h100,E021,h100,exact,Workload characterisation,Must Have,gpt2_small,gpt2,training,1,bf16,none,completed,training_tokens_per_second,125587.89353175338,122.6444272771029,15.555133653921075,0.7,0.001811922703345772,125587.89353175338,122.6444272771029,1170285.7142857143,1142.857142857143,452116416.71431214,441519.93819757045,3381.2410901035846,measured_region,872200449.8974231
E035@h100,E035,h100,exact,Weak scaling,Must Have,gpt2_small,gpt2,training,1,bf16,ddp,completed,training_tokens_per_second,125556.46084772618,122.6137312966076,22.21020192198921,0.8,0.00362475262553845,125556.46084772618,122.6137312966076,2048000.0,2000.0,452003259.05181426,441409.43266778736,6687.600985012167,measured_region,881966494.8938739
E035@h100,E035,h100,exact,Weak scaling,Must Have,gpt2_small,gpt2,training,1,bf16,ddp,completed,training_tokens_per_second,125547.8543729817,122.60532653611494,21.001776819932275,0.8,0.0036250011072196586,125547.8543729817,122.60532653611494,2048000.0,2000.0,451972275.74273413,441379.1755300138,6576.6674361654605,measured_region,896843280.7724547
E054@l40s,E054,l40s,exact,Distributed training strategy,Optional,gpt2_small,gpt2,training,2,bf16,deepspeed_zero3,completed,training_tokens_per_second,125261.68132892366,122.32586067277701,44.97242775000632,1.2,0.014533131162946423,62630.84066446183,61.162930336388506,2730666.666666667,2666.666666666667,225471026.39206257,220186.5492109986,,legacy_full_window,
E008@h100,E008,h100,exact,Baseline profiling,Must Have,gpt2_small,gpt2,training,1,bf16,none,completed,training_tokens_per_second,125178.2170041733,122.24435254313799,24.60576144105289,1.0,0.003635705332789156,125178.2170041733,122.24435254313799,1638400.0,1600.0,450641581.21502393,440079.6691552968,6712.1075319290085,measured_region,878746350.820886
E020@h100,E020,h100,exact,Workload characterisation,Must Have,gpt2_small,gpt2,training,1,bf16,none,completed,training_tokens_per_second,124288.25843961728,121.37525238243875,64.41539395903237,0.7,0.0018308692905702629,124288.25843961728,121.37525238243875,1170285.7142857143,1142.857142857143,447437730.3826222,436950.9085767795,3387.123287310026,measured_region,870685755.977345
E020@h100,E020,h100,exact,Workload characterisation,Must Have,gpt2_small,gpt2,training,1,bf16,none,completed,training_tokens_per_second,124221.91197227029,121.3104609104202,64.40416356595233,0.7,0.0018318471511399063,124221.91197227029,121.3104609104202,1170285.7142857143,1142.857142857143,447198883.10017306,436717.65927751275,3390.2026183968565,measured_region,869894909.5244833
E020@h100,E020,h100,exact,Workload characterisation,Must Have,gpt2_small,gpt2,training,1,bf16,none,completed,training_tokens_per_second,124200.1916060366,121.28924961527012,63.87686634401325,0.7,0.0018321675080611992,124200.1916060366,121.28924961527012,1170285.7142857143,1142.857142857143,447120689.7817318,436641.29861497245,3388.437728157883,measured_region,870348000.0511276
E053@l40s,E053,l40s,exact,Distributed training strategy,Should Have,gpt2_small,gpt2,training,2,bf16,deepspeed_zero2,completed,training_tokens_per_second,122752.18951923307,119.87518507737605,41.79341033566743,1.2,0.014830240108745379,61376.094759616535,59.93759253868802,2730666.666666667,2666.666666666667,220953941.13461953,215775.3331392769,,legacy_full_window,
E052@l40s,E052,l40s,exact,Distributed training strategy,Should Have,gpt2_small,gpt2,training,2,bf16,deepspeed_zero1,completed,training_tokens_per_second,122740.1217088055,119.86340010625537,43.56605656677857,1.2,0.014831698218153583,61370.06085440275,59.931700053127685,2730666.666666667,2666.666666666667,220932219.0758499,215754.12019125966,,legacy_full_window,
E053@l40s,E053,l40s,exact,Distributed training strategy,Should Have,gpt2_small,gpt2,training,2,bf16,deepspeed_zero2,completed,training_tokens_per_second,122670.20980760676,119.79512676524098,51.09620068781078,1.2,0.014840151062752637,61335.10490380338,59.89756338262049,2730666.666666667,2666.666666666667,220806377.65369216,215631.22817743375,,legacy_full_window,
E052@l40s,E052,l40s,exact,Distributed training strategy,Should Have,gpt2_small,gpt2,training,2,bf16,deepspeed_zero1,completed,training_tokens_per_second,122329.07432385511,119.46198664438975,48.458985407836735,1.2,0.014881535354587767,61164.537161927554,59.73099332219488,2730666.666666667,2666.666666666667,220192333.7829392,215031.57595990156,,legacy_full_window,
E053@l40s,E053,l40s,exact,Distributed training strategy,Should Have,gpt2_small,gpt2,training,2,bf16,deepspeed_zero2,completed,training_tokens_per_second,122050.40500172031,119.18984863449249,41.70621921820566,1.2,0.014915513344005578,61025.202500860156,59.594924317246246,2730666.666666667,2666.666666666667,219690729.00309658,214541.7275420865,,legacy_full_window,
E052@l40s,E052,l40s,exact,Distributed training strategy,Should Have,gpt2_small,gpt2,training,2,bf16,deepspeed_zero1,completed,training_tokens_per_second,121897.92053384252,119.04093802133059,42.95659312373027,1.2,0.01493417144830649,60948.96026692126,59.520469010665295,2730666.666666667,2666.666666666667,219416256.96091655,214273.68843839507,,legacy_full_window,
E090@l40s,E090,l40s,exact,Precision study,Must Have,distilbert,distilbert-base-uncased,training,1,fp32,none,completed,training_tokens_per_second,95012.34467206465,185.57098568762626,28.888320298865438,0.8,0.004790020840785777,95012.34467206465,185.57098568762626,2048000.0,4000.0,342044440.81943274,668055.5484754546,,legacy_full_window,
E090@l40s,E090,l40s,exact,Precision study,Must Have,distilbert,distilbert-base-uncased,training,1,fp32,none,completed,training_tokens_per_second,94462.09131044983,184.49627209072233,26.98107663076371,0.8,0.004817923304443765,94462.09131044983,184.49627209072233,2048000.0,4000.0,340063528.71761936,664186.5795266003,,legacy_full_window,
E168@l40s,E168,l40s,exact,Inference prompt length,Should Have,distilbert,distilbert-base-uncased-finetuned-sst-2-english,inference,1,bf16,none,completed,input_tokens_per_second,94329.4507246709,736.9488337864914,9.292440860997885,0.4,3.7692953030475315e-05,94329.4507246709,736.9488337864914,32000.0,250.0,339586022.6088152,2653015.8016313687,,legacy_full_window,
E156@l40s,E156,l40s,exact,Inference batching,Must Have,distilbert,distilbert-base-uncased-finetuned-sst-2-english,inference,1,bf16,none,completed,input_tokens_per_second,94058.2359541905,734.8299683921133,13.569426425732672,0.4,3.780163979778687e-05,94058.2359541905,734.8299683921133,32000.0,250.0,338609649.4350858,2645387.8862116076,,legacy_full_window,
E090@l40s,E090,l40s,exact,Precision study,Must Have,distilbert,distilbert-base-uncased,training,1,fp32,none,completed,training_tokens_per_second,94049.42651905454,183.6902861700284,25.314376200083643,0.8,0.0048390631177203935,94049.42651905454,183.6902861700284,2048000.0,4000.0,338577935.46859634,661285.0302121022,,legacy_full_window,
E027@l40s,E027,l40s,exact,Workload characterisation,Should Have,distilbert,distilbert-base-uncased,inference,1,bf16,none,completed,input_tokens_per_second,93949.98919505376,733.9842905863575,6.835289946757257,0.5,3.784519387409091e-05,93949.98919505376,733.9842905863575,25600.0,200.0,338219961.10219353,2642343.446110887,,legacy_full_window,
E153@l40s,E153,l40s,exact,Inference framework,Must Have,distilbert,distilbert-base-uncased-finetuned-sst-2-english,inference,1,bf16,none,completed,input_tokens_per_second,93793.39841835378,732.7609251433889,13.817041332833469,0.6,3.7908377513910334e-05,93793.39841835378,732.7609251433889,21333.333333333336,166.66666666666669,337656234.3060736,2637939.3305162,,legacy_full_window,
E174@l40s,E174,l40s,exact,Inference precision/quantization,Must Have,distilbert,distilbert-base-uncased-finetuned-sst-2-english,inference,1,bf16,none,completed,input_tokens_per_second,93711.89454506026,732.1241761332833,14.19192168302834,0.5,3.794134749720494e-05,93711.89454506026,732.1241761332833,25600.0,200.0,337362820.36221695,2635647.03407982,,legacy_full_window,
E072@l40s,E072,l40s,exact,Memory optimisation,Optional,gpt2_small,gpt2,training,2,bf16,ddp,completed,training_tokens_per_second,93602.98003878929,91.40916019413017,302.83658697409555,0.7,0.15558858862741748,46801.490019394645,45.70458009706508,37449142.85714286,36571.42857142857,168485364.0698207,164536.48834943428,,legacy_full_window,
E072@l40s,E072,l40s,exact,Memory optimisation,Optional,gpt2_small,gpt2,training,2,bf16,ddp,completed,training_tokens_per_second,93448.19276601386,91.25800074806041,302.91521097999066,0.7,0.15584630504328137,46724.09638300693,45.629000374030205,37449142.85714286,36571.42857142857,168206746.97882494,164264.40134650873,,legacy_full_window,
E162@l40s,E162,l40s,exact,Inference concurrency,Must Have,distilbert,distilbert-base-uncased-finetuned-sst-2-english,inference,1,bf16,none,completed,input_tokens_per_second,93309.92701348387,728.9838047928428,7.2727910643443465,0.4,3.810479409164852e-05,93309.92701348387,728.9838047928428,32000.0,250.0,335915737.24854195,2624341.697254234,,legacy_full_window,
E153@l40s,E153,l40s,exact,Inference framework,Must Have,distilbert,distilbert-base-uncased-finetuned-sst-2-english,inference,1,bf16,none,completed,input_tokens_per_second,93279.86830823834,728.748971158112,13.817416684236377,0.6,3.81170730623934e-05,93279.86830823834,728.748971158112,21333.333333333336,166.66666666666669,335807525.909658,2623496.2961692032,,legacy_full_window,
E072@l40s,E072,l40s,exact,Memory optimisation,Optional,gpt2_small,gpt2,training,2,bf16,ddp,completed,training_tokens_per_second,93175.59300779812,90.99179004667785,303.8023134628311,0.7,0.15630225776332535,46587.79650389906,45.495895023338925,37449142.85714286,36571.42857142857,167716067.4140366,163785.22208402012,,legacy_full_window,
E095@l40s,E095,l40s,exact,Precision study,Must Have,distilbert,distilbert-base-uncased,inference,1,bf16,none,completed,input_tokens_per_second,93139.04000703264,727.6487500549425,15.832329329103231,0.5,3.817470692512062e-05,93139.04000703264,727.6487500549425,25600.0,200.0,335300544.02531755,2619535.5001977934,,legacy_full_window,
E095@l40s,E095,l40s,exact,Precision study,Must Have,distilbert,distilbert-base-uncased,inference,1,bf16,none,completed,input_tokens_per_second,93078.16174012059,727.1731385946921,16.18901956360787,0.5,3.819967529529499e-05,93078.16174012059,727.1731385946921,25600.0,200.0,335081382.2644341,2617823.2989408914,,legacy_full_window,
E168@l40s,E168,l40s,exact,Inference prompt length,Should Have,distilbert,distilbert-base-uncased-finetuned-sst-2-english,inference,1,bf16,none,completed,input_tokens_per_second,93069.36312009019,727.1043993757046,11.276448836084455,0.4,3.8203286627928416e-05,93069.36312009019,727.1043993757046,32000.0,250.0,335049707.23232466,2617575.8377525364,,legacy_full_window,
E153@l40s,E153,l40s,exact,Inference framework,Must Have,distilbert,distilbert-base-uncased-finetuned-sst-2-english,inference,1,bf16,none,completed,input_tokens_per_second,93052.74454216768,726.974566735685,13.845580073073506,0.6,3.821010947123998e-05,93052.74454216768,726.974566735685,21333.333333333336,166.66666666666669,334989880.35180366,2617108.440248466,,legacy_full_window,
E128@l40s,E128,l40s,exact,Hardware comparison,Should Have,distilbert,distilbert-base-uncased,inference,1,bf16,none,completed,input_tokens_per_second,92926.66349020574,725.9895585172324,8.355186962988228,0.5,3.826195218910774e-05,92926.66349020574,725.9895585172324,25600.0,200.0,334535988.56474066,2613562.4106620364,,legacy_full_window,
E071@l40s,E071,l40s,exact,Memory optimisation,Should Have,gpt2_small,gpt2,training,2,bf16,ddp,completed,training_tokens_per_second,92865.56628096735,90.68902957125718,156.64718970935792,0.7,0.078412032246124,46432.783140483676,45.34451478562859,18724571.42857143,18285.714285714286,167158019.30574122,163240.2532282629,,legacy_full_window,
E014@l40s,E014,l40s,exact,Baseline profiling,Must Have,distilbert,distilbert-base-uncased,inference,1,bf16,none,completed,input_tokens_per_second,92801.85259404626,725.0144733909864,10.223849918693304,0.5,3.8313411383165255e-05,92801.85259404626,725.0144733909864,25600.0,200.0,334086669.3385665,2610052.1042075506,,legacy_full_window,
E094@l40s,E094,l40s,exact,Precision study,Must Have,distilbert,distilbert-base-uncased,inference,1,fp16,none,completed,input_tokens_per_second,92795.12695481439,724.9619293344874,14.613349705003202,0.5,3.83161882766419e-05,92795.12695481439,724.9619293344874,25600.0,200.0,334062457.03733176,2609862.9456041544,,legacy_full_window,
E015@l40s,E015,l40s,exact,Baseline profiling,Must Have,distilbert,distilbert-base-uncased,inference,1,bf16,none,completed,input_tokens_per_second,92611.43366394106,723.5268254995395,10.686955094803125,0.4,3.8392187820540534e-05,92611.43366394106,723.5268254995395,32000.0,250.0,333401161.1901878,2604696.5717983423,,legacy_full_window,
E071@l40s,E071,l40s,exact,Memory optimisation,Should Have,gpt2_small,gpt2,training,2,bf16,ddp,completed,training_tokens_per_second,92505.1150621192,90.33702642785079,159.27977050608024,0.7,0.0787175690002429,46252.5575310596,45.168513213925394,18724571.42857143,18285.714285714286,166509207.11181456,162606.6475701314,,legacy_full_window,
E071@l40s,E071,l40s,exact,Memory optimisation,Should Have,gpt2_small,gpt2,training,2,bf16,ddp,completed,training_tokens_per_second,92445.64730950064,90.27895245068422,156.87702908506617,0.7,0.07876820585612829,46222.82365475032,45.13947622534211,18724571.42857143,18285.714285714286,166402165.15710112,162502.11441123157,,legacy_full_window,
E027@l40s,E027,l40s,exact,Workload characterisation,Should Have,distilbert,distilbert-base-uncased,inference,1,bf16,none,completed,input_tokens_per_second,92290.31125020242,721.0180566422064,8.485503720119596,0.5,3.852577272078229e-05,92290.31125020242,721.0180566422064,25600.0,200.0,332245120.5007287,2595665.003911943,,legacy_full_window,
E165@l40s,E165,l40s,exact,Inference concurrency,Must Have,distilbert,distilbert-base-uncased-finetuned-sst-2-english,inference,1,bf16,none,completed,input_tokens_per_second,92289.73750017145,721.0135742200895,12.97416550014168,0.4,0.00030820809783310525,92289.73750017145,721.0135742200895,256000.0,2000.0,332243055.0006172,2595648.867192322,,legacy_full_window,
E173@l40s,E173,l40s,exact,Inference precision/quantization,Must Have,distilbert,distilbert-base-uncased-finetuned-sst-2-english,inference,1,fp16,none,completed,input_tokens_per_second,92224.89497201162,720.5069919688408,14.32550902524963,0.5,3.855309953602652e-05,92224.89497201162,720.5069919688408,25600.0,200.0,332009621.89924186,2593825.171087827,,legacy_full_window,
E014@l40s,E014,l40s,exact,Baseline profiling,Must Have,distilbert,distilbert-base-uncased,inference,1,bf16,none,completed,input_tokens_per_second,92027.0292165511,718.9611657543055,9.322349804919213,0.5,3.8635991901780166e-05,92027.0292165511,718.9611657543055,25600.0,200.0,331297305.179584,2588260.1967155,,legacy_full_window,
E014@l40s,E014,l40s,exact,Baseline profiling,Must Have,distilbert,distilbert-base-uncased,inference,1,bf16,none,completed,input_tokens_per_second,91937.87834679145,718.2646745843082,8.962397114839405,0.5,3.867345668065051e-05,91937.87834679145,718.2646745843082,25600.0,200.0,330976362.0484492,2585752.8285035095,,legacy_full_window,
E015@l40s,E015,l40s,exact,Baseline profiling,Must Have,distilbert,distilbert-base-uncased,inference,1,bf16,none,completed,input_tokens_per_second,91921.11757855515,718.1337310824621,10.2305418998003,0.4,3.8680508344744644e-05,91921.11757855515,718.1337310824621,32000.0,250.0,330916023.28279847,2585281.431896863,,legacy_full_window,
E015@l40s,E015,l40s,exact,Baseline profiling,Must Have,distilbert,distilbert-base-uncased,inference,1,bf16,none,completed,input_tokens_per_second,91872.08971607822,717.7507009068611,10.336034017149359,0.4,3.8701150333508846e-05,91872.08971607822,717.7507009068611,32000.0,250.0,330739522.9778816,2583902.5232647,,legacy_full_window,
E128@l40s,E128,l40s,exact,Hardware comparison,Should Have,distilbert,distilbert-base-uncased,inference,1,bf16,none,completed,input_tokens_per_second,91867.82235404511,717.7173621409775,12.155642520170659,0.5,3.870294804477857e-05,91867.82235404511,717.7173621409775,25600.0,200.0,330724160.4745624,2583782.503707519,,legacy_full_window,
E173@l40s,E173,l40s,exact,Inference precision/quantization,Must Have,distilbert,distilbert-base-uncased-finetuned-sst-2-english,inference,1,fp16,none,completed,input_tokens_per_second,91800.99032341463,717.1952369016768,14.040801270864904,0.5,3.87311241744707e-05,91800.99032341463,717.1952369016768,25600.0,200.0,330483565.1642927,2581902.8528460367,,legacy_full_window,
E165@l40s,E165,l40s,exact,Inference concurrency,Must Have,distilbert,distilbert-base-uncased-finetuned-sst-2-english,inference,1,bf16,none,completed,input_tokens_per_second,91770.84076307078,716.9596934614905,10.940026610158384,0.4,0.000309950788376025,91770.84076307078,716.9596934614905,256000.0,2000.0,330375026.7470548,2581054.8964613657,,legacy_full_window,
E095@l40s,E095,l40s,exact,Precision study,Must Have,distilbert,distilbert-base-uncased,inference,1,bf16,none,completed,input_tokens_per_second,91642.5379521951,715.9573277515242,11.239599894266576,0.5,3.87980913122495e-05,91642.5379521951,715.9573277515242,25600.0,200.0,329913136.6279023,2577446.379905487,,legacy_full_window,
E128@l40s,E128,l40s,exact,Hardware comparison,Should Have,distilbert,distilbert-base-uncased,inference,1,bf16,none,completed,input_tokens_per_second,91585.90564276896,715.5148878341325,13.401057642884552,0.5,3.8822082181771596e-05,91585.90564276896,715.5148878341325,25600.0,200.0,329709260.31396824,2575853.596202877,,legacy_full_window,
E156@l40s,E156,l40s,exact,Inference batching,Must Have,distilbert,distilbert-base-uncased-finetuned-sst-2-english,inference,1,bf16,none,completed,input_tokens_per_second,91338.65562849925,713.5832470976504,12.972197578754276,0.4,3.892717197433942e-05,91338.65562849925,713.5832470976504,32000.0,250.0,328819160.2625973,2568899.6895515416,,legacy_full_window,
E063@l40s,E063,l40s,exact,Memory optimisation,Must Have,gpt2_small,gpt2,training,2,bf16,fsdp,completed,training_tokens_per_second,91262.52730760114,89.12356182382923,52.17124638520181,1.0,0.019947337622029913,45631.26365380057,44.56178091191462,3276800.0,3200.0,164272549.15368205,160422.41128289263,,legacy_full_window,
E051@l40s,E051,l40s,exact,Distributed training strategy,Should Have,gpt2_small,gpt2,training,2,bf16,fsdp,completed,training_tokens_per_second,91196.81152148554,89.05938625145072,46.551121555734426,1.2,0.019961711534350696,45598.40576074277,44.52969312572536,2730666.666666667,2666.666666666667,164154260.73867399,160306.8952526113,,legacy_full_window,
E027@l40s,E027,l40s,exact,Workload characterisation,Should Have,distilbert,distilbert-base-uncased,inference,1,bf16,none,completed,input_tokens_per_second,91153.9598005456,712.1403109417626,12.64637012919411,0.5,3.9006046071234676e-05,91153.9598005456,712.1403109417626,25600.0,200.0,328154255.2819642,2563705.119390345,,legacy_full_window,
E166@l40s,E166,l40s,exact,Inference concurrency,Should Have,distilbert,distilbert-base-uncased-finetuned-sst-2-english,inference,1,bf16,none,completed,input_tokens_per_second,91105.22978485012,711.7596076941416,10.775642856955528,0.4,0.0006244305516075757,91105.22978485012,711.7596076941416,512000.0,4000.0,327978827.22546035,2562334.587698909,,legacy_full_window,
E168@l40s,E168,l40s,exact,Inference prompt length,Should Have,distilbert,distilbert-base-uncased-finetuned-sst-2-english,inference,1,bf16,none,completed,input_tokens_per_second,91094.76383389973,711.6778424523417,14.928349717985839,0.4,3.903139330860641e-05,91094.76383389973,711.6778424523417,32000.0,250.0,327941149.802039,2562040.23282843,,legacy_full_window,
E166@l40s,E166,l40s,exact,Inference concurrency,Should Have,distilbert,distilbert-base-uncased-finetuned-sst-2-english,inference,1,bf16,none,completed,input_tokens_per_second,91091.83500298414,711.6549609608136,11.000910948961973,0.4,0.0006245223722524113,91091.83500298414,711.6549609608136,512000.0,4000.0,327930606.0107429,2561957.859458929,,legacy_full_window,
E174@l40s,E174,l40s,exact,Inference precision/quantization,Must Have,distilbert,distilbert-base-uncased-finetuned-sst-2-english,inference,1,bf16,none,completed,input_tokens_per_second,91082.98173266328,711.5857947864318,14.13611452607438,0.5,3.903644224111405e-05,91082.98173266328,711.5857947864318,25600.0,200.0,327898734.23758775,2561708.8612311543,,legacy_full_window,
E162@l40s,E162,l40s,exact,Inference concurrency,Must Have,distilbert,distilbert-base-uncased-finetuned-sst-2-english,inference,1,bf16,none,completed,input_tokens_per_second,91055.0194087332,711.3673391307282,8.207758515141904,0.4,3.9048430044204e-05,91055.0194087332,711.3673391307282,32000.0,250.0,327798069.8714395,2560922.420870621,,legacy_full_window,
E049@l40s,E049,l40s,exact,Distributed training strategy,Must Have,gpt2_small,gpt2,training,2,bf16,fsdp,completed,training_tokens_per_second,91037.85995960092,88.90416011679777,48.57390790898353,1.2,0.019996564563932933,45518.92997980046,44.452080058398884,2730666.666666667,2666.666666666667,163868147.92728165,160027.48821023598,,legacy_full_window,
E070@l40s,E070,l40s,exact,Memory optimisation,Optional,gpt2_small,gpt2,training,2,bf16,ddp,completed,training_tokens_per_second,91010.4265942773,88.87736972097393,84.12228157464415,0.7,0.04000518429739815,45505.21329713865,44.438684860486966,9362285.714285715,9142.857142857143,163818767.86969915,159979.26549775308,,legacy_full_window,
E051@l40s,E051,l40s,exact,Distributed training strategy,Should Have,gpt2_small,gpt2,training,2,bf16,fsdp,completed,training_tokens_per_second,91008.2180921249,88.87521298059072,52.3243069848977,1.2,0.02000307755286081,45504.10904606245,44.43760649029536,2730666.666666667,2666.666666666667,163814792.5658248,159975.3833650633,,legacy_full_window,
E070@l40s,E070,l40s,exact,Memory optimisation,Optional,gpt2_small,gpt2,training,2,bf16,ddp,completed,training_tokens_per_second,90938.03993358728,88.80667962264383,85.62958575226367,0.7,0.04003702841569773,45469.01996679364,44.40333981132191,9362285.714285715,9142.857142857143,163688471.8804571,159852.0233207589,,legacy_full_window,
E094@l40s,E094,l40s,exact,Precision study,Must Have,distilbert,distilbert-base-uncased,inference,1,fp16,none,completed,input_tokens_per_second,90937.40399266213,710.4484686926729,14.86693558190018,0.5,3.9098933985870744e-05,90937.40399266213,710.4484686926729,25600.0,200.0,327374654.3735837,2557614.4872936225,,legacy_full_window,
E049@l40s,E049,l40s,exact,Distributed training strategy,Must Have,gpt2_small,gpt2,training,2,bf16,fsdp,completed,training_tokens_per_second,90931.85007051105,88.80063483448345,55.05994504597038,1.2,0.020019876897179833,45465.925035255525,44.40031741724172,2730666.666666667,2666.666666666667,163677330.1269199,159841.1427020702,,legacy_full_window,
E070@l40s,E070,l40s,exact,Memory optimisation,Optional,gpt2_small,gpt2,training,2,bf16,ddp,completed,training_tokens_per_second,90835.59731581398,88.70663800372459,87.1931468793191,0.7,0.0400821813966872,45417.79865790699,44.353319001862296,9362285.714285715,9142.857142857143,163504075.16846517,159671.94840670426,,legacy_full_window,
E063@l40s,E063,l40s,exact,Memory optimisation,Must Have,gpt2_small,gpt2,training,2,bf16,fsdp,completed,training_tokens_per_second,90761.94392778832,88.63471086698078,51.63894177880138,1.0,0.02005735405901861,45380.97196389416,44.31735543349039,3276800.0,3200.0,163371499.07001898,159542.4795605654,,legacy_full_window,
E051@l40s,E051,l40s,exact,Distributed training strategy,Should Have,gpt2_small,gpt2,training,2,bf16,fsdp,completed,training_tokens_per_second,90715.70061212851,88.58955137903175,47.16506457095966,1.2,0.02006757851353743,45357.850306064254,44.29477568951587,2730666.666666667,2666.666666666667,163288261.10183132,159461.19248225715,,legacy_full_window,
E063@l40s,E063,l40s,exact,Memory optimisation,Must Have,gpt2_small,gpt2,training,2,bf16,fsdp,completed,training_tokens_per_second,90707.1254478517,88.58117719516767,52.06847437238321,1.0,0.02006947563883538,45353.56272392585,44.290588597583834,3276800.0,3200.0,163272825.80613306,159446.11895130182,,legacy_full_window,
E162@l40s,E162,l40s,exact,Inference concurrency,Must Have,distilbert,distilbert-base-uncased-finetuned-sst-2-english,inference,1,bf16,none,completed,input_tokens_per_second,90539.9757735209,707.343560730632,9.096752315759659,0.4,3.927056005017625e-05,90539.9757735209,707.343560730632,32000.0,250.0,325943912.7846753,2546436.818630276,,legacy_full_window,
E049@l40s,E049,l40s,exact,Distributed training strategy,Must Have,gpt2_small,gpt2,training,2,bf16,fsdp,completed,training_tokens_per_second,90508.18486331303,88.38689928057913,47.39030537009239,1.2,0.020113589143277044,45254.092431656514,44.193449640289565,2730666.666666667,2666.666666666667,162914732.75396344,159096.41870504242,,legacy_full_window,
E094@l40s,E094,l40s,exact,Precision study,Must Have,distilbert,distilbert-base-uncased,inference,1,fp16,none,completed,input_tokens_per_second,90382.98184395011,706.1170456558602,16.408705220092088,0.5,3.933877244384752e-05,90382.98184395011,706.1170456558602,25600.0,200.0,325378734.6382204,2542021.364361097,,legacy_full_window,
E173@l40s,E173,l40s,exact,Inference precision/quantization,Must Have,distilbert,distilbert-base-uncased-finetuned-sst-2-english,inference,1,fp16,none,completed,input_tokens_per_second,90240.8759146565,705.0068430832539,13.974412008188665,0.5,3.9400720787752e-05,90240.8759146565,705.0068430832539,25600.0,200.0,324867153.2927634,2538024.635099714,,legacy_full_window,
E156@l40s,E156,l40s,exact,Inference batching,Must Have,distilbert,distilbert-base-uncased-finetuned-sst-2-english,inference,1,bf16,none,completed,input_tokens_per_second,90017.90620823167,703.2648922518099,9.225892522837967,0.4,3.9498314339046675e-05,90017.90620823167,703.2648922518099,32000.0,250.0,324064462.349634,2531753.6121065156,,legacy_full_window,
E166@l40s,E166,l40s,exact,Inference concurrency,Should Have,distilbert,distilbert-base-uncased-finetuned-sst-2-english,inference,1,bf16,none,completed,input_tokens_per_second,89826.77617592257,701.7716888743951,10.321297300048172,0.4,0.0006333177178425507,89826.77617592257,701.7716888743951,512000.0,4000.0,323376394.23332125,2526378.0799478223,,legacy_full_window,
E165@l40s,E165,l40s,exact,Inference concurrency,Must Have,distilbert,distilbert-base-uncased-finetuned-sst-2-english,inference,1,bf16,none,completed,input_tokens_per_second,89803.62906307986,701.5908520553114,13.09380746865645,0.4,0.00031674047854418554,89803.62906307986,701.5908520553114,256000.0,2000.0,323293064.62708753,2525727.0673991214,,legacy_full_window,
E164@l40s,E164,l40s,exact,Inference concurrency,Must Have,distilbert,distilbert-base-uncased-finetuned-sst-2-english,inference,1,bf16,none,completed,input_tokens_per_second,89719.95203980312,700.9371253109618,10.63714118488133,0.4,0.000158517942763865,89719.95203980312,700.9371253109618,128000.0,1000.0,322991827.3432912,2523373.6511194627,,legacy_full_window,
E174@l40s,E174,l40s,exact,Inference precision/quantization,Must Have,distilbert,distilbert-base-uncased-finetuned-sst-2-english,inference,1,bf16,none,completed,input_tokens_per_second,88324.99738208922,690.039042047572,19.25922967074439,0.5,4.0255371196609406e-05,88324.99738208922,690.039042047572,25600.0,200.0,317969990.5755212,2484140.551371259,,legacy_full_window,
E069@l40s,E069,l40s,exact,Memory optimisation,Should Have,gpt2_small,gpt2,training,2,bf16,ddp,completed,training_tokens_per_second,87883.01514458556,85.82325697713433,49.72713025379926,0.7,0.02071440586613284,43941.50757229278,42.91162848856717,4681142.857142857,4571.428571428572,158189427.26025403,154481.86255884182,,legacy_full_window,
E047@l40s,E047,l40s,exact,Distributed training strategy,Must Have,gpt2_small,gpt2,training,2,bf16,ddp,completed,training_tokens_per_second,87782.05321875945,85.72466134644478,48.371863273438066,1.2,0.0207382303978213,43891.026609379725,42.86233067322239,2730666.666666667,2666.666666666667,158007695.79376704,154304.39042360062,,legacy_full_window,
E036@l40s,E036,l40s,exact,Weak scaling,Must Have,gpt2_small,gpt2,training,2,bf16,ddp,completed,training_tokens_per_second,87756.46247357072,85.6996703843464,49.008514433167875,1.0,0.020744277892841233,43878.23123678536,42.8498351921732,3276800.0,3200.0,157961632.4524273,154259.40669182353,,legacy_full_window,
E036@l40s,E036,l40s,exact,Weak scaling,Must Have,gpt2_small,gpt2,training,2,bf16,ddp,completed,training_tokens_per_second,87582.0460028358,85.52934179964434,49.11327097984031,1.0,0.02078558937051437,43791.0230014179,42.76467089982217,3276800.0,3200.0,157647682.80510446,153952.81523935983,,legacy_full_window,
E069@l40s,E069,l40s,exact,Memory optimisation,Should Have,gpt2_small,gpt2,training,2,bf16,ddp,completed,training_tokens_per_second,87567.27160511955,85.51491367687456,50.29460664186627,0.7,0.020789096326463752,43783.63580255977,42.75745683843728,4681142.857142857,4571.428571428572,157621088.8892152,153926.84461837422,,legacy_full_window,
E069@l40s,E069,l40s,exact,Memory optimisation,Should Have,gpt2_small,gpt2,training,2,bf16,ddp,completed,training_tokens_per_second,87556.97416150324,85.50485757959301,60.05646138405427,0.7,0.020791541300714016,43778.48708075162,42.752428789796504,4681142.857142857,4571.428571428572,157602553.49070582,153908.7436432674,,legacy_full_window,
E036@l40s,E036,l40s,exact,Weak scaling,Must Have,gpt2_small,gpt2,training,2,bf16,ddp,completed,training_tokens_per_second,87544.32923625121,85.49250901977658,54.50196088664234,1.0,0.0207945444362445,43772.16461812561,42.74625450988829,3276800.0,3200.0,157579792.6252522,153886.51623559784,,legacy_full_window,
E047@l40s,E047,l40s,exact,Distributed training strategy,Must Have,gpt2_small,gpt2,training,2,bf16,ddp,completed,training_tokens_per_second,87543.16092858823,85.49136809432444,56.50329669099301,1.2,0.02079482194993438,43771.580464294115,42.74568404716222,2730666.666666667,2666.666666666667,157577689.67145884,153884.46256978402,,legacy_full_window,
E047@l40s,E047,l40s,exact,Distributed training strategy,Must Have,gpt2_small,gpt2,training,2,bf16,ddp,completed,training_tokens_per_second,87479.45840819963,85.42915860175745,53.93087881663814,1.2,0.020809964734233088,43739.729204099815,42.714579300878725,2730666.666666667,2666.666666666667,157463025.13475934,153772.48548316341,,legacy_full_window,
E164@l40s,E164,l40s,exact,Inference concurrency,Must Have,distilbert,distilbert-base-uncased-finetuned-sst-2-english,inference,1,bf16,none,completed,input_tokens_per_second,87467.0515738395,683.3363404206211,10.646501755341887,0.4,0.00016260091047216622,87467.0515738395,683.3363404206211,128000.0,1000.0,314881385.6658222,2460010.825514236,,legacy_full_window,
E211@l40s,E211,l40s,platform_specific,Telemetry revalidation,Supplemental,gpt2_small,gpt2,training,2,bf16,ddp,completed,training_tokens_per_second,87442.41358481484,85.39298201642075,52.43276086496189,1.0,0.020818780838874066,43721.20679240742,42.69649100821037,3276800.0,3200.0,157396344.4526667,153707.36762955732,,legacy_full_window,
E211@l40s,E211,l40s,platform_specific,Telemetry revalidation,Supplemental,gpt2_small,gpt2,training,2,bf16,ddp,completed,training_tokens_per_second,87441.65766804221,85.39224381644748,51.82765473611653,1.0,0.0208189608133398,43720.82883402111,42.69612190822374,3276800.0,3200.0,157394983.802476,153706.03886960546,,legacy_full_window,
E164@l40s,E164,l40s,exact,Inference concurrency,Must Have,distilbert,distilbert-base-uncased-finetuned-sst-2-english,inference,1,bf16,none,completed,input_tokens_per_second,87420.49844907777,682.9726441334201,10.569044306874275,0.4,0.0001626874986363368,87420.49844907777,682.9726441334201,128000.0,1000.0,314713794.41668,2458701.5188803123,,legacy_full_window,
E211@l40s,E211,l40s,platform_specific,Telemetry revalidation,Supplemental,gpt2_small,gpt2,training,2,bf16,ddp,completed,training_tokens_per_second,87415.09628160372,85.36630496250363,51.98683801619336,1.0,0.020825286728278217,43707.54814080186,42.68315248125182,3276800.0,3200.0,157347173.3068867,153659.34893250655,,legacy_full_window,
E213@l40s,E213,l40s,platform_specific,Telemetry revalidation,Supplemental,gpt2_small,gpt2,training,2,bf16,ddp,completed,training_tokens_per_second,87307.35583710173,85.26108968466966,154.40416229097173,0.8,0.020850985887615633,43653.677918550864,42.63054484233483,4096000.0,4000.0,157153240.5067831,153469.96143240537,,legacy_full_window,
E163@l40s,E163,l40s,exact,Inference concurrency,Should Have,distilbert,distilbert-base-uncased-finetuned-sst-2-english,inference,1,bf16,none,completed,input_tokens_per_second,86890.32944852978,678.8306988166389,7.752767015714198,0.4,8.184007537137303e-05,86890.32944852978,678.8306988166389,64000.0,500.0,312805186.0147072,2443790.5157399,,legacy_full_window,
E163@l40s,E163,l40s,exact,Inference concurrency,Should Have,distilbert,distilbert-base-uncased-finetuned-sst-2-english,inference,1,bf16,none,completed,input_tokens_per_second,84968.61182751588,663.8172799024678,8.322831817902625,0.4,8.369103552670115e-05,84968.61182751588,663.8172799024678,64000.0,500.0,305887002.57905716,2389742.207648884,,legacy_full_window,
E114@l40s,E114,l40s,platform_specific,Communication analysis,Must Have,gpt2_small,gpt2,training,2,bf16,fsdp,completed,training_tokens_per_second,84942.20232348118,82.95136945652459,165.1430109348148,0.8,0.02143156634333233,42471.10116174059,41.475684728262294,4096000.0,4000.0,152895964.18226612,149312.46502174425,,legacy_full_window,
E027@h100,E027,h100,exact,Workload characterisation,Should Have,distilbert,distilbert-base-uncased,inference,1,bf16,none,completed,input_tokens_per_second,83209.69813025903,650.0757666426487,6.934020888991654,0.5,4.273006194529848e-05,83209.69813025903,650.0757666426487,25600.0,200.0,299554913.2689325,2340272.7599135353,17.195846705782458,measured_region,2679716840.2591453
E014@h100,E014,h100,exact,Baseline profiling,Must Have,distilbert,distilbert-base-uncased,inference,1,bf16,none,completed,input_tokens_per_second,81830.82715407346,639.3033371411989,10.995754274073988,0.5,4.345007473602891e-05,81830.82715407346,639.3033371411989,25600.0,200.0,294590977.7546645,2301492.0137083163,18.360372494134353,measured_region,2509753002.817417
E163@l40s,E163,l40s,exact,Inference concurrency,Should Have,distilbert,distilbert-base-uncased-finetuned-sst-2-english,inference,1,bf16,none,completed,input_tokens_per_second,81774.10976480311,638.8602325375243,10.713482460007071,0.4,8.696042221143015e-05,81774.10976480311,638.8602325375243,64000.0,500.0,294386795.15329117,2299896.8371350872,,legacy_full_window,
E015@h100,E015,h100,exact,Baseline profiling,Must Have,distilbert,distilbert-base-uncased,inference,1,bf16,none,completed,input_tokens_per_second,81574.14130124361,637.2979789159657,10.824571299017407,0.4,4.358679722321944e-05,81574.14130124361,637.2979789159657,32000.0,250.0,293666908.68447703,2294272.724097477,17.5907078004675,measured_region,2619564859.0544696
E014@h100,E014,h100,exact,Baseline profiling,Must Have,distilbert,distilbert-base-uncased,inference,1,bf16,none,completed,input_tokens_per_second,81197.26327869126,634.3536193647755,10.584134920034558,0.5,4.378910583909601e-05,81197.26327869126,634.3536193647755,25600.0,200.0,292310147.8032885,2283673.0297131916,17.359978587081425,measured_region,2654381154.2654104
E015@h100,E015,h100,exact,Baseline profiling,Must Have,distilbert,distilbert-base-uncased,inference,1,bf16,none,completed,input_tokens_per_second,81118.40017077725,633.7375013341973,10.840283948928118,0.4,4.3831677499434186e-05,81118.40017077725,633.7375013341973,32000.0,250.0,292026240.6147981,2281455.0048031104,17.799052884461126,measured_region,2588901797.141612
E027@h100,E027,h100,exact,Workload characterisation,Should Have,distilbert,distilbert-base-uncased,inference,1,bf16,none,completed,input_tokens_per_second,80660.77202628735,630.1622814553699,7.184225004049949,0.5,4.408035611656184e-05,80660.77202628735,630.1622814553699,25600.0,200.0,290378779.2946344,2268584.2132393313,17.320175644961417,measured_region,2660481102.7655516
E014@h100,E014,h100,exact,Baseline profiling,Must Have,distilbert,distilbert-base-uncased,inference,1,bf16,none,completed,input_tokens_per_second,80499.88871189285,628.9053805616629,12.117138486006297,0.5,4.416845305564089e-05,80499.88871189285,628.9053805616629,25600.0,200.0,289799599.36281425,2264059.3700219863,16.528880377323368,measured_region,2787847630.8182974
E027@h100,E027,h100,exact,Workload characterisation,Should Have,distilbert,distilbert-base-uncased,inference,1,bf16,none,completed,input_tokens_per_second,80422.40967731441,628.3000756040188,7.0831694069784135,0.5,4.421100499004953e-05,80422.40967731441,628.3000756040188,25600.0,200.0,289520674.8383319,2261880.272174468,17.41649941295036,measured_region,2645767034.317836
E015@h100,E015,h100,exact,Baseline profiling,Must Have,distilbert,distilbert-base-uncased,inference,1,bf16,none,completed,input_tokens_per_second,80053.02112720245,625.4142275562691,14.15928319003433,0.4,4.441500777223458e-05,80053.02112720245,625.4142275562691,32000.0,250.0,288190876.0579288,2251491.2192025688,17.711940491071438,measured_region,2601634757.254794
E214@l40s,E214,l40s,platform_specific,Telemetry revalidation,Supplemental,gpt2_small,gpt2,training,2,bf16,ddp,completed,training_tokens_per_second,72758.12863654776,71.05285999662867,169.97698287898675,0.8,0.025020495696614187,36379.06431827388,35.526429998314335,4096000.0,4000.0,130964631.54578595,127895.14799393159,21891.301683408066,measured_region,538866083.4609406
E113@l40s,E113,l40s,platform_specific,Communication analysis,Must Have,gpt2_small,gpt2,training,2,bf16,ddp,completed,training_tokens_per_second,72349.79217314116,70.65409391908317,173.68895095586777,0.8,0.02516170938111221,36174.89608657058,35.32704695954158,4096000.0,4000.0,130229625.91165408,127177.36905434969,,legacy_full_window,
E213@l40s,E213,l40s,platform_specific,Telemetry revalidation,Supplemental,gpt2_small,gpt2,training,2,bf16,ddp,completed,training_tokens_per_second,69090.62477794588,67.47131325971277,166.73020963789895,0.8,0.026348646437852747,34545.31238897294,33.735656629856386,4096000.0,4000.0,124363124.60030258,121448.36386748299,,legacy_full_window,
E213@l40s,E213,l40s,platform_specific,Telemetry revalidation,Supplemental,gpt2_small,gpt2,training,2,bf16,ddp,completed,training_tokens_per_second,68971.87292642311,67.35534465471007,168.07555433921516,0.8,0.026394012040044698,34485.936463211554,33.67767232735503,4096000.0,4000.0,124149371.2675616,121239.62037847812,,legacy_full_window,
E214@l40s,E214,l40s,platform_specific,Telemetry revalidation,Supplemental,gpt2_small,gpt2,training,2,bf16,ddp,completed,training_tokens_per_second,66178.51849275937,64.62745946558532,178.65057325409725,0.8,0.027508087003241397,33089.25924637968,32.31372973279266,4096000.0,4000.0,119121333.28696686,116329.42703805357,22150.736850454938,measured_region,532554744.32480204
E113@l40s,E113,l40s,platform_specific,Communication analysis,Must Have,gpt2_small,gpt2,training,2,bf16,ddp,completed,training_tokens_per_second,65414.86460870313,63.88170371943665,180.94654505699873,0.8,0.02782921672824563,32707.432304351565,31.940851859718325,4096000.0,4000.0,117746756.29566565,114987.06669498599,,legacy_full_window,
E113@l40s,E113,l40s,platform_specific,Communication analysis,Must Have,gpt2_small,gpt2,training,2,bf16,ddp,completed,training_tokens_per_second,61299.70416277678,59.8629923464617,181.90589445922524,0.8,0.029697442578358782,30649.85208138839,29.93149617323085,4096000.0,4000.0,110339467.49299821,107753.38622363107,,legacy_full_window,
E214@l40s,E214,l40s,platform_specific,Telemetry revalidation,Supplemental,gpt2_small,gpt2,training,2,bf16,ddp,completed,training_tokens_per_second,61154.17699722199,59.7208759738496,180.0464144339785,0.8,0.029768112888300998,30577.088498610996,29.8604379869248,4096000.0,4000.0,110077518.59499958,107497.57675292928,22686.278594602212,measured_region,519983035.1553013
E114@l40s,E114,l40s,platform_specific,Communication analysis,Must Have,gpt2_small,gpt2,training,2,bf16,fsdp,completed,training_tokens_per_second,57655.467002263664,56.30416699439811,180.36624107090756,0.8,0.03157453298180674,28827.733501131832,28.152083497199055,4096000.0,4000.0,103779840.6040746,101347.5005899166,,legacy_full_window,
E114@l40s,E114,l40s,platform_specific,Communication analysis,Must Have,gpt2_small,gpt2,training,2,bf16,fsdp,completed,training_tokens_per_second,56539.91095069159,55.21475678778476,178.78699555108324,0.8,0.03219751170163767,28269.955475345796,27.60737839389238,4096000.0,4000.0,101771839.71124487,99386.56221801256,,legacy_full_window,
E064@l40s,E064,l40s,exact,Memory optimisation,Must Have,gpt2_small,gpt2,training,2,bf16,fsdp,completed,training_tokens_per_second,53677.7474743797,52.419675267948925,75.53156128479168,1.0,0.03391432260292479,26838.87373718985,26.209837633974463,3276800.0,3200.0,96619945.45388345,94355.41548230806,,legacy_full_window,
E064@l40s,E064,l40s,exact,Memory optimisation,Must Have,gpt2_small,gpt2,training,2,bf16,fsdp,completed,training_tokens_per_second,53382.70281513459,52.13154571790487,74.8285472560674,1.0,0.03410176608608001,26691.351407567294,26.065772858952435,3276800.0,3200.0,96088865.06724225,93836.78229222876,,legacy_full_window,
E064@l40s,E064,l40s,exact,Memory optimisation,Must Have,gpt2_small,gpt2,training,2,bf16,fsdp,completed,training_tokens_per_second,52881.09232003676,51.6416917187859,74.78407134767622,1.0,0.03442524283400012,26440.54616001838,25.82084585939295,3276800.0,3200.0,95185966.17606618,92955.04509381462,,legacy_full_window,
E123@l40s,E123,l40s,exact,Hardware comparison,Should Have,gpt2_small,gpt2,training,1,bf16,none,completed,training_tokens_per_second,45909.407985587626,44.833406235925416,50.711445580236614,0.8,0.009913242864163799,45909.407985587626,44.833406235925416,2048000.0,2000.0,165273868.74811548,161400.26244933152,,legacy_full_window,
E009@l40s,E009,l40s,exact,Baseline profiling,Must Have,gpt2_small,gpt2,training,1,bf16,none,completed,training_tokens_per_second,45896.709149767834,44.82100502907015,45.4057630719617,0.7,0.009915985689213914,45896.709149767834,44.82100502907015,2340571.4285714286,2285.714285714286,165228152.9391642,161355.61810465253,,legacy_full_window,
E103@l40s,E103,l40s,exact,Data movement,Should Have,gpt2_small,gpt2,training,1,bf16,none,completed,training_tokens_per_second,45886.37689695428,44.810914938431914,48.10207359492779,0.4,0.009918218475456039,45886.37689695428,44.810914938431914,4096000.0,4000.0,165190956.82903543,161319.2937783549,,legacy_full_window,
E021@l40s,E021,l40s,exact,Workload characterisation,Must Have,gpt2_small,gpt2,training,1,bf16,none,completed,training_tokens_per_second,45862.44810477568,44.78754697732,25.788721137214452,0.7,0.004961696659447626,45862.44810477568,44.78754697732,1170285.7142857143,1142.857142857143,165104813.17719242,161235.16911835197,,legacy_full_window,
E008@l40s,E008,l40s,exact,Baseline profiling,Must Have,gpt2_small,gpt2,training,1,bf16,none,completed,training_tokens_per_second,45858.56925380907,44.78375903692292,45.445945060346276,1.0,0.00992423266832096,45858.56925380907,44.78375903692292,1638400.0,1600.0,165090849.31371266,161221.53253292252,,legacy_full_window,
E066@l40s,E066,l40s,exact,Memory optimisation,Must Have,gpt2_small,gpt2,training,1,bf16,ddp,completed,training_tokens_per_second,45858.434907314775,44.783627839174585,45.3691439749673,0.6,0.009924261742271482,45858.434907314775,44.783627839174585,2730666.666666667,2666.666666666667,165090365.6663332,161221.0602210285,,legacy_full_window,
E098@l40s,E098,l40s,exact,Data movement,Must Have,gpt2_small,gpt2,training,1,bf16,none,completed,training_tokens_per_second,45850.44936866362,44.775829461585566,46.26342370873317,0.4,0.009925990200265208,45850.44936866362,44.775829461585566,4096000.0,4000.0,165061617.727189,161192.986061708,,legacy_full_window,
E022@l40s,E022,l40s,exact,Workload characterisation,Must Have,gpt2_small,gpt2,training,1,bf16,none,completed,training_tokens_per_second,45845.85644491087,44.77134418448327,26.734047688078135,0.5,0.00496349230227578,45845.85644491087,44.77134418448327,1638400.0,1600.0,165045083.20167914,161176.8390641398,,legacy_full_window,
E123@l40s,E123,l40s,exact,Hardware comparison,Should Have,gpt2_small,gpt2,training,1,bf16,none,completed,training_tokens_per_second,45840.6329520836,44.76624311726914,51.122730685863644,0.8,0.009928115774204747,45840.6329520836,44.76624311726914,2048000.0,2000.0,165026278.62750098,161158.47522216893,,legacy_full_window,
E022@l40s,E022,l40s,exact,Workload characterisation,Must Have,gpt2_small,gpt2,training,1,bf16,none,completed,training_tokens_per_second,45838.46403964511,44.764125038715925,27.357984812930226,0.5,0.004964292768595947,45838.46403964511,44.764125038715925,1638400.0,1600.0,165018470.54272237,161150.85013937732,,legacy_full_window,
E009@l40s,E009,l40s,exact,Baseline profiling,Must Have,gpt2_small,gpt2,training,1,bf16,none,completed,training_tokens_per_second,45835.06510954756,44.76080577104254,46.3435245458968,0.7,0.009929321798133767,45835.06510954756,44.76080577104254,2340571.4285714286,2285.714285714286,165006234.39437124,161138.90077575317,,legacy_full_window,
E035@l40s,E035,l40s,exact,Weak scaling,Must Have,gpt2_small,gpt2,training,1,bf16,ddp,completed,training_tokens_per_second,45827.24803425071,44.75317190844796,51.403697991743684,0.8,0.009931015512233392,45827.24803425071,44.75317190844796,2048000.0,2000.0,164978092.9233026,161111.4188704127,,legacy_full_window,
E085@l40s,E085,l40s,exact,Precision study,Must Have,gpt2_small,gpt2,training,1,bf16,none,completed,training_tokens_per_second,45823.17618199178,44.74919549022635,45.233797239139676,0.8,0.00993189798331716,45823.17618199178,44.74919549022635,2048000.0,2000.0,164963434.2551704,161097.10376481485,,legacy_full_window,
E102@l40s,E102,l40s,exact,Data movement,Must Have,gpt2_small,gpt2,training,1,bf16,none,completed,training_tokens_per_second,45822.60643612264,44.748639097776014,49.94533168012276,0.4,0.009932021473844846,45822.60643612264,44.748639097776014,4096000.0,4000.0,164961383.1700415,161095.10075199365,,legacy_full_window,
E097@l40s,E097,l40s,exact,Data movement,Should Have,gpt2_small,gpt2,training,1,bf16,none,completed,training_tokens_per_second,45814.24922701934,44.740477760761074,52.45783132035285,0.4,0.00993383322415563,45814.24922701934,44.740477760761074,4096000.0,4000.0,164931297.21726963,161065.71993873987,,legacy_full_window,
E098@l40s,E098,l40s,exact,Data movement,Must Have,gpt2_small,gpt2,training,1,bf16,none,completed,training_tokens_per_second,45808.996398210875,44.73534804512781,46.84305460425094,0.4,0.009934972317553022,45808.996398210875,44.73534804512781,4096000.0,4000.0,164912387.03355914,161047.2529624601,,legacy_full_window,
E035@l40s,E035,l40s,exact,Weak scaling,Must Have,gpt2_small,gpt2,training,1,bf16,ddp,completed,training_tokens_per_second,45795.62202511055,44.72228713389702,51.030756569933146,0.8,0.009937873774518569,45795.62202511055,44.72228713389702,2048000.0,2000.0,164864239.290398,161000.2336820293,,legacy_full_window,
E020@l40s,E020,l40s,exact,Workload characterisation,Must Have,gpt2_small,gpt2,training,1,bf16,none,completed,training_tokens_per_second,45789.80983624419,44.716611168207216,71.70987877482548,0.7,0.004969567604000784,45789.80983624419,44.716611168207216,1170285.7142857143,1142.857142857143,164843315.4104791,160979.800205546,,legacy_full_window,
E097@l40s,E097,l40s,exact,Data movement,Should Have,gpt2_small,gpt2,training,1,bf16,none,completed,training_tokens_per_second,45787.32750148611,44.714187013170026,47.91002977080643,0.4,0.009939674052746138,45787.32750148611,44.714187013170026,4096000.0,4000.0,164834379.00535,160971.0732474121,,legacy_full_window,
E021@l40s,E021,l40s,exact,Workload characterisation,Must Have,gpt2_small,gpt2,training,1,bf16,none,completed,training_tokens_per_second,45786.62754848563,44.713503465318,25.927134205121547,0.7,0.004969913001663776,45786.62754848563,44.713503465318,1170285.7142857143,1142.857142857143,164831859.17454827,160968.6124751448,,legacy_full_window,
E099@l40s,E099,l40s,exact,Data movement,Must Have,gpt2_small,gpt2,training,1,bf16,none,completed,training_tokens_per_second,45777.48296660297,44.70457320957321,50.248286911752075,0.4,0.009941811598578675,45777.48296660297,44.70457320957321,4096000.0,4000.0,164798938.67977068,160936.46355446355,,legacy_full_window,
E066@l40s,E066,l40s,exact,Memory optimisation,Must Have,gpt2_small,gpt2,training,1,bf16,ddp,completed,training_tokens_per_second,45775.61692296712,44.70275090133508,52.52269196975976,0.6,0.009942216876661405,45775.61692296712,44.70275090133508,2730666.666666667,2666.666666666667,164792220.92268163,160929.90324480628,,legacy_full_window,
E104@l40s,E104,l40s,exact,Data movement,Must Have,gpt2_small,gpt2,training,1,bf16,none,completed,training_tokens_per_second,45772.13171701796,44.69934737990035,50.759652284905314,0.4,0.009942973902216181,45772.13171701796,44.69934737990035,4096000.0,4000.0,164779674.18126467,160917.65056764128,,legacy_full_window,
E008@l40s,E008,l40s,exact,Baseline profiling,Must Have,gpt2_small,gpt2,training,1,bf16,none,completed,training_tokens_per_second,45765.9326175782,44.69329357185371,45.53565074503422,1.0,0.009944320700597017,45765.9326175782,44.69329357185371,1638400.0,1600.0,164757357.42328152,160895.85685867336,,legacy_full_window,
E008@l40s,E008,l40s,exact,Baseline profiling,Must Have,gpt2_small,gpt2,training,1,bf16,none,completed,training_tokens_per_second,45758.061557089044,44.68560698934477,45.584854315035045,1.0,0.00994603127021239,45758.061557089044,44.68560698934477,1638400.0,1600.0,164729021.60552058,160868.1851616412,,legacy_full_window,
E021@l40s,E021,l40s,exact,Workload characterisation,Must Have,gpt2_small,gpt2,training,1,bf16,none,completed,training_tokens_per_second,45754.400862023795,44.68203209182011,25.991020656190813,0.7,0.004973413513637045,45754.400862023795,44.68203209182011,1170285.7142857143,1142.857142857143,164715843.10328564,160855.31553055238,,legacy_full_window,
E103@l40s,E103,l40s,exact,Data movement,Should Have,gpt2_small,gpt2,training,1,bf16,none,completed,training_tokens_per_second,45752.61941277206,44.680292395285214,48.09497550409287,0.4,0.009947214322423355,45752.61941277206,44.680292395285214,4096000.0,4000.0,164709429.88597944,160849.0526230268,,legacy_full_window,
E098@l40s,E098,l40s,exact,Data movement,Must Have,gpt2_small,gpt2,training,1,bf16,none,completed,training_tokens_per_second,45752.57244609865,44.680246529393216,46.389193516690284,0.4,0.009947224533599284,45752.57244609865,44.680246529393216,4096000.0,4000.0,164709260.80595514,160848.88750581557,,legacy_full_window,
E100@l40s,E100,l40s,exact,Data movement,Should Have,gpt2_small,gpt2,training,1,bf16,none,completed,training_tokens_per_second,45751.96291021758,44.67965127950936,46.0521581992507,0.4,0.00994735705666244,45751.96291021758,44.67965127950936,4096000.0,4000.0,164707066.47678328,160846.74460623367,,legacy_full_window,
E104@l40s,E104,l40s,exact,Data movement,Must Have,gpt2_small,gpt2,training,1,bf16,none,completed,training_tokens_per_second,45749.59149772411,44.6773354469962,49.48715434875339,0.4,0.00994787267409265,45749.59149772411,44.6773354469962,4096000.0,4000.0,164698529.3918068,160838.40760918634,,legacy_full_window,
E100@l40s,E100,l40s,exact,Data movement,Should Have,gpt2_small,gpt2,training,1,bf16,none,completed,training_tokens_per_second,45748.8512306549,44.67661252993643,45.78083407599479,0.4,0.009948033641687492,45748.8512306549,44.67661252993643,4096000.0,4000.0,164695864.43035764,160835.80510777113,,legacy_full_window,
E210@l40s,E210,l40s,platform_specific,Telemetry revalidation,Supplemental,gpt2_small,gpt2,training,1,bf16,none,completed,training_tokens_per_second,45746.373297769285,44.67419267360282,49.50320766540244,1.0,0.009948572494451784,45746.373297769285,44.67419267360282,1638400.0,1600.0,164686943.87196943,160827.09362497015,,legacy_full_window,
E102@l40s,E102,l40s,exact,Data movement,Must Have,gpt2_small,gpt2,training,1,bf16,none,completed,training_tokens_per_second,45745.734087260156,44.673568444589996,51.486046875827014,0.4,0.009948711507022381,45745.734087260156,44.673568444589996,4096000.0,4000.0,164684642.71413657,160824.846400524,,legacy_full_window,
E020@l40s,E020,l40s,exact,Workload characterisation,Must Have,gpt2_small,gpt2,training,1,bf16,none,completed,training_tokens_per_second,45744.85807566213,44.6727129645138,72.20812617987394,0.7,0.00497445101215918,45744.85807566213,44.6727129645138,1170285.7142857143,1142.857142857143,164681489.07238367,160821.76667224968,,legacy_full_window,
E102@l40s,E102,l40s,exact,Data movement,Must Have,gpt2_small,gpt2,training,1,bf16,none,completed,training_tokens_per_second,45738.96350075174,44.666956543702874,54.02851292490959,0.4,0.0099501841816689,45738.96350075174,44.666956543702874,4096000.0,4000.0,164660268.60270625,160801.04355733033,,legacy_full_window,
E123@l40s,E123,l40s,exact,Hardware comparison,Should Have,gpt2_small,gpt2,training,1,bf16,none,completed,training_tokens_per_second,45731.68463638473,44.65984827771946,51.0772009389475,0.8,0.009951767898552741,45731.68463638473,44.65984827771946,2048000.0,2000.0,164634064.69098502,160775.45379979006,,legacy_full_window,
E022@l40s,E022,l40s,exact,Workload characterisation,Must Have,gpt2_small,gpt2,training,1,bf16,none,completed,training_tokens_per_second,45716.50197525746,44.64502146021236,26.518599185161293,0.5,0.004977536463282174,45716.50197525746,44.64502146021236,1638400.0,1600.0,164579407.11092687,160722.07725676452,,legacy_full_window,
E100@l40s,E100,l40s,exact,Data movement,Should Have,gpt2_small,gpt2,training,1,bf16,none,completed,training_tokens_per_second,45713.96952552121,44.6425483647668,48.78462173696607,0.4,0.009955624414918323,45713.96952552121,44.6425483647668,4096000.0,4000.0,164570290.29187635,160713.1741131605,,legacy_full_window,
E066@l40s,E066,l40s,exact,Memory optimisation,Must Have,gpt2_small,gpt2,training,1,bf16,ddp,completed,training_tokens_per_second,45713.69781515792,44.64228302261515,45.95592117123306,0.6,0.009955683588567707,45713.69781515792,44.64228302261515,2730666.666666667,2666.666666666667,164569312.1345685,160712.21888141456,,legacy_full_window,
E085@l40s,E085,l40s,exact,Precision study,Must Have,gpt2_small,gpt2,training,1,bf16,none,completed,training_tokens_per_second,45712.46115294235,44.64107534467026,45.60931108891964,0.8,0.009955952920330068,45712.46115294235,44.64107534467026,2048000.0,2000.0,164564860.15059245,160707.87124081294,,legacy_full_window,
E210@l40s,E210,l40s,platform_specific,Telemetry revalidation,Supplemental,gpt2_small,gpt2,training,1,bf16,none,completed,training_tokens_per_second,45708.593358361024,44.63729820152444,49.56269913027063,1.0,0.00995679537856227,45708.593358361024,44.63729820152444,1638400.0,1600.0,164550936.0900997,160694.27352548798,,legacy_full_window,
E035@l40s,E035,l40s,exact,Weak scaling,Must Have,gpt2_small,gpt2,training,1,bf16,ddp,completed,training_tokens_per_second,45694.02642755393,44.623072683158135,51.48042802186683,0.8,0.009959969534150636,45694.02642755393,44.623072683158135,2048000.0,2000.0,164498495.13919413,160643.06165936927,,legacy_full_window,
E167@l40s,E167,l40s,exact,Inference prompt length,Must Have,distilbert,distilbert-base-uncased-finetuned-sst-2-english,inference,1,bf16,none,completed,input_tokens_per_second,45683.930736491,713.8114177576718,8.90432200813666,0.4,3.891472885799077e-05,45683.930736491,713.8114177576718,16000.0,250.0,164462150.6513676,2569721.103927619,,legacy_full_window,
E085@l40s,E085,l40s,exact,Precision study,Must Have,gpt2_small,gpt2,training,1,bf16,none,completed,training_tokens_per_second,45681.26452371053,44.610609886436066,46.15844824910164,0.8,0.009962752035353333,45681.26452371053,44.610609886436066,2048000.0,2000.0,164452552.28535792,160598.19559116985,,legacy_full_window,
E099@l40s,E099,l40s,exact,Data movement,Must Have,gpt2_small,gpt2,training,1,bf16,none,completed,training_tokens_per_second,45679.02687887567,44.608424686402024,45.49868619721383,0.4,0.00996324007334705,45679.02687887567,44.608424686402024,4096000.0,4000.0,164444496.7639524,160590.32887104727,,legacy_full_window,
E009@l40s,E009,l40s,exact,Baseline profiling,Must Have,gpt2_small,gpt2,training,1,bf16,none,completed,training_tokens_per_second,45673.76132402213,44.603282542990364,44.50176834408194,0.7,0.00996438869753749,45673.76132402213,44.603282542990364,2340571.4285714286,2285.714285714286,164425540.76647967,160571.8171547653,,legacy_full_window,
E104@l40s,E104,l40s,exact,Data movement,Must Have,gpt2_small,gpt2,training,1,bf16,none,completed,training_tokens_per_second,45662.34285965892,44.592131698885666,50.58015842130408,0.4,0.009966880422887495,45662.34285965892,44.592131698885666,4096000.0,4000.0,164384434.29477212,160531.6741159884,,legacy_full_window,
E101@l40s,E101,l40s,exact,Data movement,Should Have,gpt2_small,gpt2,training,1,bf16,none,completed,training_tokens_per_second,45654.90805423922,44.58487114671799,50.34884189488366,0.4,0.00996850350832877,45654.90805423922,44.58487114671799,4096000.0,4000.0,164357668.9952612,160505.53612818476,,legacy_full_window,
E020@l40s,E020,l40s,exact,Workload characterisation,Must Have,gpt2_small,gpt2,training,1,bf16,none,completed,training_tokens_per_second,45651.16820785839,44.58121895298671,72.1217002836056,0.7,0.0049846600752789525,45651.16820785839,44.58121895298671,1170285.7142857143,1142.857142857143,164344205.54829022,160492.38823075217,,legacy_full_window,
E097@l40s,E097,l40s,exact,Data movement,Should Have,gpt2_small,gpt2,training,1,bf16,none,completed,training_tokens_per_second,45650.06383874254,44.580140467522014,47.879862940870225,0.4,0.009969561328956237,45650.06383874254,44.580140467522014,4096000.0,4000.0,164340229.81947312,160488.50568307922,,legacy_full_window,
E099@l40s,E099,l40s,exact,Data movement,Must Have,gpt2_small,gpt2,training,1,bf16,none,completed,training_tokens_per_second,45642.52713918931,44.57278040936456,50.317349690012634,0.4,0.009971207547803514,45642.52713918931,44.57278040936456,4096000.0,4000.0,164313097.70108148,160462.0094737124,,legacy_full_window,
E101@l40s,E101,l40s,exact,Data movement,Should Have,gpt2_small,gpt2,training,1,bf16,none,completed,training_tokens_per_second,45616.245081890585,44.547114337783775,51.485629928298295,0.4,0.009976952515361417,45616.245081890585,44.547114337783775,4096000.0,4000.0,164218482.2948061,160369.61161602158,,legacy_full_window,
E201@l40s,E201,l40s,capacity_adjusted,Memory optimisation,Supplemental,gpt2_small,gpt2,training,1,bf16,ddp,completed,training_tokens_per_second,45603.501553704984,44.53466948604002,57.671047645621,0.6,0.012474675617154894,45603.501553704984,44.53466948604002,3413333.3333333335,3333.3333333333335,164172605.59333795,160324.8101497441,,legacy_full_window,
E103@l40s,E103,l40s,exact,Data movement,Should Have,gpt2_small,gpt2,training,1,bf16,none,completed,training_tokens_per_second,45599.60207129727,44.53086139775124,45.229991420172155,0.4,0.009980593918331174,45599.60207129727,44.53086139775124,4096000.0,4000.0,164158567.45667017,160311.10103190446,,legacy_full_window,
E210@l40s,E210,l40s,platform_specific,Telemetry revalidation,Supplemental,gpt2_small,gpt2,training,1,bf16,none,completed,training_tokens_per_second,45566.988169286626,44.49901188406897,46.35590067692101,1.0,0.009987737381727332,45566.988169286626,44.49901188406897,1638400.0,1600.0,164041157.40943184,160196.4427826483,,legacy_full_window,
E201@l40s,E201,l40s,capacity_adjusted,Memory optimisation,Supplemental,gpt2_small,gpt2,training,1,bf16,ddp,completed,training_tokens_per_second,45556.6279703775,44.48889450232178,57.62596922600642,0.6,0.012487510911887512,45556.6279703775,44.48889450232178,3413333.3333333335,3333.3333333333335,164003860.69335902,160160.02020835842,,legacy_full_window,
E101@l40s,E101,l40s,exact,Data movement,Should Have,gpt2_small,gpt2,training,1,bf16,none,completed,training_tokens_per_second,45493.732310662075,44.42747295963093,46.224827954079956,0.4,0.010003820042798503,45493.732310662075,44.42747295963093,4096000.0,4000.0,163777436.31838349,159938.90265467137,,legacy_full_window,
E201@l40s,E201,l40s,capacity_adjusted,Memory optimisation,Supplemental,gpt2_small,gpt2,training,1,bf16,ddp,completed,training_tokens_per_second,45455.15697595179,44.38980173432792,57.74061867734417,0.6,0.012515387180157834,45455.15697595179,44.38980173432792,3413333.3333333335,3333.3333333333335,163638565.11342642,159803.2862435805,,legacy_full_window,
E084@l40s,E084,l40s,exact,Precision study,Must Have,gpt2_small,gpt2,training,1,fp16,none,completed,training_tokens_per_second,45236.492325307314,44.176262036432924,52.42759418161586,0.8,0.010060707356315106,45236.492325307314,44.176262036432924,2048000.0,2000.0,162851372.37110633,159034.54333115852,,legacy_full_window,
E084@l40s,E084,l40s,exact,Precision study,Must Have,gpt2_small,gpt2,training,1,fp16,none,completed,training_tokens_per_second,45208.351783656944,44.148781038727485,50.664706679061055,0.8,0.010066969777819597,45208.351783656944,44.148781038727485,2048000.0,2000.0,162750066.421165,158935.61173941894,,legacy_full_window,
E202@l40s,E202,l40s,capacity_adjusted,Memory optimisation,Supplemental,gpt2_small,gpt2,training,1,bf16,ddp,completed,training_tokens_per_second,45139.347507493316,44.08139405028644,68.2432708889246,0.6,0.015123538650029028,45139.347507493316,44.08139405028644,4096000.0,4000.0,162501651.02697596,158693.0185810312,,legacy_full_window,
E065@l40s,E065,l40s,exact,Memory optimisation,Should Have,gpt2_small,gpt2,training,1,bf16,ddp,completed,training_tokens_per_second,45103.589832617916,44.04647444591593,33.97823248570785,0.6,0.005045176146733057,45103.589832617916,44.04647444591593,1365333.3333333335,1333.3333333333335,162372923.3974245,158567.30800529735,,legacy_full_window,
E205@l40s,E205,l40s,capacity_adjusted,Memory optimisation,Supplemental,gpt2_small,gpt2,training,1,bf16,ddp,completed,training_tokens_per_second,45086.57031119601,44.029853819527354,75.96586162783206,0.6,0.015772126959378106,45086.57031119601,44.029853819527354,4266666.666666667,4166.666666666667,162311653.12030563,158507.47375029846,,legacy_full_window,
E084@l40s,E084,l40s,exact,Precision study,Must Have,gpt2_small,gpt2,training,1,fp16,none,completed,training_tokens_per_second,45043.82752523602,43.9881128176133,50.86583442892879,0.8,0.010103739760039995,45043.82752523602,43.9881128176133,2048000.0,2000.0,162157779.09084967,158357.20614340788,,legacy_full_window,
E065@l40s,E065,l40s,exact,Memory optimisation,Should Have,gpt2_small,gpt2,training,1,bf16,ddp,completed,training_tokens_per_second,45040.54276208177,43.98490504109548,35.79853911232203,0.6,0.005052238307996756,45040.54276208177,43.98490504109548,1365333.3333333335,1333.3333333333335,162145953.94349438,158345.65814794373,,legacy_full_window,
E205@l40s,E205,l40s,capacity_adjusted,Memory optimisation,Supplemental,gpt2_small,gpt2,training,1,bf16,ddp,completed,training_tokens_per_second,44996.8297819867,43.94221658397139,76.1033253390342,0.6,0.015803582486955244,44996.8297819867,43.94221658397139,4266666.666666667,4166.666666666667,161988587.2151521,158191.979702297,,legacy_full_window,
E202@l40s,E202,l40s,capacity_adjusted,Memory optimisation,Supplemental,gpt2_small,gpt2,training,1,bf16,ddp,completed,training_tokens_per_second,44948.33860886944,43.89486192272406,65.25788371777162,0.6,0.01518780644168146,44948.33860886944,43.89486192272406,4096000.0,4000.0,161814018.99192995,158021.5029218066,,legacy_full_window,
E205@l40s,E205,l40s,capacity_adjusted,Memory optimisation,Supplemental,gpt2_small,gpt2,training,1,bf16,ddp,completed,training_tokens_per_second,44948.32465981043,43.894848300596124,76.1443973891437,0.6,0.01582063661978787,44948.32465981043,43.894848300596124,4266666.666666667,4166.666666666667,161813968.77531758,158021.45388214607,,legacy_full_window,
E065@l40s,E065,l40s,exact,Memory optimisation,Should Have,gpt2_small,gpt2,training,1,bf16,ddp,completed,training_tokens_per_second,44920.956666596234,43.868121744722885,35.150568837765604,0.6,0.00506568809841863,44920.956666596234,43.868121744722885,1365333.3333333335,1333.3333333333335,161715443.99974644,157925.23828100238,,legacy_full_window,
E202@l40s,E202,l40s,capacity_adjusted,Memory optimisation,Supplemental,gpt2_small,gpt2,training,1,bf16,ddp,completed,training_tokens_per_second,44894.62798295882,43.84241013960822,66.03730921912938,0.6,0.015205976691148761,44894.62798295882,43.84241013960822,4096000.0,4000.0,161620660.73865172,157832.67650258957,,legacy_full_window,
E167@l40s,E167,l40s,exact,Inference prompt length,Must Have,distilbert,distilbert-base-uncased-finetuned-sst-2-english,inference,1,bf16,none,completed,input_tokens_per_second,44779.28660201688,699.6763531565138,13.875207913573831,0.4,3.9700895496126677e-05,44779.28660201688,699.6763531565138,16000.0,250.0,161205431.7672608,2518834.87136345,,legacy_full_window,
E167@l40s,E167,l40s,exact,Inference prompt length,Must Have,distilbert,distilbert-base-uncased-finetuned-sst-2-english,inference,1,bf16,none,completed,input_tokens_per_second,44532.66026552107,695.8228166487668,8.365916534792632,0.4,3.9920763034994405e-05,44532.66026552107,695.8228166487668,16000.0,250.0,160317576.95587587,2504962.1399355605,,legacy_full_window,
E171@l40s,E171,l40s,exact,Inference multi-GPU,Should Have,distilbert,distilbert-base-uncased-finetuned-sst-2-english,inference,2,bf16,none,completed,input_tokens_per_second,36765.553728759136,287.23088850593075,9.371928242966533,0.8,0.0001934177617335485,18382.776864379568,143.61544425296537,16000.0,125.0,66177996.71176645,517015.5993106754,,legacy_full_window,
E171@l40s,E171,l40s,exact,Inference multi-GPU,Should Have,distilbert,distilbert-base-uncased-finetuned-sst-2-english,inference,2,bf16,none,completed,input_tokens_per_second,36602.96815446548,285.9606887067616,8.864343601744622,0.8,0.00019427689801280697,18301.48407723274,142.9803443533808,16000.0,125.0,65885342.67803786,514729.2396721708,,legacy_full_window,
E171@l40s,E171,l40s,exact,Inference multi-GPU,Should Have,distilbert,distilbert-base-uncased-finetuned-sst-2-english,inference,2,bf16,none,completed,input_tokens_per_second,36326.98092936466,283.8045385106614,10.611103049013764,0.8,0.00019575287924251622,18163.49046468233,141.9022692553307,16000.0,125.0,65388565.6728564,510848.1693191906,,legacy_full_window,
E029@h100,E029,h100,exact,Workload characterisation,Must Have,tinyllama,TinyLlama/TinyLlama-1.1B-Chat-v1.0,training,1,bf16,none,completed,training_tokens_per_second,29724.85945232938,29.02818305891541,15.84417401009705,0.7,0.0019138488772376958,29724.85945232938,29.02818305891541,292571.4285714286,285.7142857142857,107009494.02838576,104501.45901209547,3961.342212586767,measured_region,186118734.61913157
E030@h100,E030,h100,exact,Workload characterisation,Must Have,tinyllama,TinyLlama/TinyLlama-1.1B-Chat-v1.0,training,1,bf16,none,completed,training_tokens_per_second,29714.24388002236,29.017816289084337,16.384401021990925,0.5,0.001914532609969481,29714.24388002236,29.017816289084337,409600.0,400.0,106971277.9680805,104464.13864070362,3975.819917533716,measured_region,185440994.63573042
E030@h100,E030,h100,exact,Workload characterisation,Must Have,tinyllama,TinyLlama/TinyLlama-1.1B-Chat-v1.0,training,1,bf16,none,completed,training_tokens_per_second,29590.871008263013,28.89733496900685,16.491887153009884,0.5,0.001922514848346408,29590.871008263013,28.89733496900685,409600.0,400.0,106527135.62974684,104030.40588842465,3993.8443112322957,measured_region,184604091.33287248
E029@h100,E029,h100,exact,Workload characterisation,Must Have,tinyllama,TinyLlama/TinyLlama-1.1B-Chat-v1.0,training,1,bf16,none,completed,training_tokens_per_second,29582.595165389048,28.889253091200242,15.392338071018457,0.7,0.0019230526791458639,29582.595165389048,28.889253091200242,292571.4285714286,285.7142857142857,106497342.59540057,104001.31112832087,3975.414286704207,measured_region,185459916.08115828
E030@h100,E030,h100,exact,Workload characterisation,Must Have,tinyllama,TinyLlama/TinyLlama-1.1B-Chat-v1.0,training,1,bf16,none,completed,training_tokens_per_second,29553.820633943244,28.8611529628352,16.45023597800173,0.5,0.0019249250238580215,29553.820633943244,28.8611529628352,409600.0,400.0,106393754.28219569,103900.15066620673,3991.872962170165,measured_region,184695256.33380395
E029@h100,E029,h100,exact,Workload characterisation,Must Have,tinyllama,TinyLlama/TinyLlama-1.1B-Chat-v1.0,training,1,bf16,none,completed,training_tokens_per_second,29544.761033689207,28.852305696962116,15.359274988994002,0.7,0.0019255152825240253,29544.761033689207,28.852305696962116,292571.4285714286,285.7142857142857,106361139.72128116,103868.30050906363,3972.1822915874714,measured_region,185610816.89565364
E028@h100,E028,h100,exact,Workload characterisation,Must Have,tinyllama,TinyLlama/TinyLlama-1.1B-Chat-v1.0,training,1,bf16,none,completed,training_tokens_per_second,29127.661521782004,28.444981954865238,142.1798242360819,0.7,0.001953088092785846,29127.661521782004,28.444981954865238,292571.4285714286,285.7142857142857,104859581.47841522,102401.93503751486,4014.0090503329643,measured_region,183676715.91045418
E028@h100,E028,h100,exact,Workload characterisation,Must Have,tinyllama,TinyLlama/TinyLlama-1.1B-Chat-v1.0,training,1,bf16,none,completed,training_tokens_per_second,29118.147215033026,28.43569063968069,141.0075046750717,0.7,0.001953726261110407,29118.147215033026,28.43569063968069,292571.4285714286,285.7142857142857,104825329.9741189,102368.48630285049,3994.8657101101603,measured_region,184556892.14636183
E028@h100,E028,h100,exact,Workload characterisation,Must Have,tinyllama,TinyLlama/TinyLlama-1.1B-Chat-v1.0,training,1,bf16,none,completed,training_tokens_per_second,28974.774916675913,28.29567862956632,142.32991237193346,0.7,0.0019633936433496677,28974.774916675913,28.29567862956632,292571.4285714286,285.7142857142857,104309189.70003329,101864.44306643876,4019.6598789149925,measured_region,183418503.6070789
E083@l40s,E083,l40s,exact,Precision study,Must Have,gpt2_small,gpt2,training,1,fp32,none,completed,training_tokens_per_second,26424.443655404844,25.805120757231293,80.45927034690976,0.8,0.017223110429347595,26424.443655404844,25.805120757231293,2048000.0,2000.0,95127997.15945745,92898.43472603266,,legacy_full_window,
E083@l40s,E083,l40s,exact,Precision study,Must Have,gpt2_small,gpt2,training,1,fp32,none,completed,training_tokens_per_second,26345.08969815466,25.72762665835416,74.40911329211667,0.8,0.01727498810311469,26345.08969815466,25.72762665835416,2048000.0,2000.0,94842322.91335678,92619.45597007498,,legacy_full_window,
E083@l40s,E083,l40s,exact,Precision study,Must Have,gpt2_small,gpt2,training,1,fp32,none,completed,training_tokens_per_second,26292.466919297098,25.676237225876072,74.19484004098922,0.8,0.017309562944703632,26292.466919297098,25.676237225876072,2048000.0,2000.0,94652880.90946956,92434.45401315387,,legacy_full_window,
E045@l40s,E045,l40s,exact,Strong scaling,Optional,tinyllama,TinyLlama/TinyLlama-1.1B-Chat-v1.0,training,2,bf16,ddp,completed,training_tokens_per_second,19939.6268711171,19.472291866325293,99.79940460296348,1.2,0.04564890948589891,9969.81343555855,9.736145933162646,1365333.3333333335,1333.3333333333335,35891328.36801078,35050.12535938553,,legacy_full_window,
E045@l40s,E045,l40s,exact,Strong scaling,Optional,tinyllama,TinyLlama/TinyLlama-1.1B-Chat-v1.0,training,2,bf16,ddp,completed,training_tokens_per_second,19919.49991004336,19.45263663090172,100.63484669895843,1.2,0.04569503382779658,9959.74995502168,9.72631831545086,1365333.3333333335,1333.3333333333335,35855099.83807805,35014.7459356231,,legacy_full_window,
E045@l40s,E045,l40s,exact,Strong scaling,Optional,tinyllama,TinyLlama/TinyLlama-1.1B-Chat-v1.0,training,2,bf16,ddp,completed,training_tokens_per_second,19833.535084757696,19.368686606208687,100.71460001310334,1.2,0.0458930905828149,9916.767542378848,9.684343303104344,1365333.3333333335,1333.3333333333335,35700363.15256385,34863.63589117563,,legacy_full_window,
E209@l40s,E209,l40s,capacity_adjusted,Strong scaling,Supplemental,tinyllama,TinyLlama/TinyLlama-1.1B-Chat-v1.0,training,2,bf16,ddp,completed,training_tokens_per_second,15406.30208221202,15.045216877160176,128.02244881168008,1.2,0.05908116155097054,7703.15104110601,7.522608438580088,1365333.3333333335,1333.3333333333335,27731343.747981638,27081.390378888318,,legacy_full_window,
E209@l40s,E209,l40s,capacity_adjusted,Strong scaling,Supplemental,tinyllama,TinyLlama/TinyLlama-1.1B-Chat-v1.0,training,2,bf16,ddp,completed,training_tokens_per_second,15403.823670480338,15.042796553203456,128.00103130191565,1.2,0.059090667466322584,7701.911835240169,7.521398276601728,1365333.3333333335,1333.3333333333335,27726882.60686461,27077.03379576622,,legacy_full_window,
E209@l40s,E209,l40s,capacity_adjusted,Strong scaling,Supplemental,tinyllama,TinyLlama/TinyLlama-1.1B-Chat-v1.0,training,2,bf16,ddp,completed,training_tokens_per_second,15392.341438296055,15.03158343583599,122.0441392059438,1.2,0.05913474735933252,7696.170719148027,7.515791717917995,1365333.3333333335,1333.3333333333335,27706214.588932898,27056.850184504783,,legacy_full_window,
E030@l40s,E030,l40s,exact,Workload characterisation,Must Have,tinyllama,TinyLlama/TinyLlama-1.1B-Chat-v1.0,training,1,bf16,none,completed,training_tokens_per_second,10872.140608174268,10.617324812670184,28.17905591521412,0.5,0.0052325380014048685,10872.140608174268,10.617324812670184,409600.0,400.0,39139706.18942736,38222.36932561266,,legacy_full_window,
E030@l40s,E030,l40s,exact,Workload characterisation,Must Have,tinyllama,TinyLlama/TinyLlama-1.1B-Chat-v1.0,training,1,bf16,none,completed,training_tokens_per_second,10858.170599020754,10.603682225606205,28.181214195676148,0.5,0.0052392701302758525,10858.170599020754,10.603682225606205,409600.0,400.0,39089414.15647471,38173.25601218233,,legacy_full_window,
E029@l40s,E029,l40s,exact,Workload characterisation,Must Have,tinyllama,TinyLlama/TinyLlama-1.1B-Chat-v1.0,training,1,bf16,none,completed,training_tokens_per_second,10806.038124908377,10.552771606355837,26.76816105702892,0.7,0.005264546379653944,10806.038124908377,10.552771606355837,292571.4285714286,285.7142857142857,38901737.249670155,37989.97778288101,,legacy_full_window,
E028@l40s,E028,l40s,exact,Workload characterisation,Must Have,tinyllama,TinyLlama/TinyLlama-1.1B-Chat-v1.0,training,1,bf16,none,completed,training_tokens_per_second,10805.498502272645,10.55224463112563,160.01151602203026,0.7,0.00526480928917105,10805.498502272645,10.55224463112563,292571.4285714286,285.7142857142857,38899794.60818152,37988.08067205227,,legacy_full_window,
E029@l40s,E029,l40s,exact,Workload characterisation,Must Have,tinyllama,TinyLlama/TinyLlama-1.1B-Chat-v1.0,training,1,bf16,none,completed,training_tokens_per_second,10803.41904919045,10.550213915225049,26.565424310043454,0.7,0.005265822665015649,10803.41904919045,10.550213915225049,292571.4285714286,285.7142857142857,38892308.57708562,37980.77009481018,,legacy_full_window,
E016@l40s,E016,l40s,exact,Baseline profiling,Should Have,tinyllama,TinyLlama/TinyLlama-1.1B-Chat-v1.0,training,1,bf16,none,completed,training_tokens_per_second,10800.33058848874,10.547197840321035,70.11845619603992,1.5,0.01053465695754211,10800.33058848874,10.547197840321035,273066.6666666667,266.6666666666667,38881190.118559465,37969.91222515573,,legacy_full_window,
E030@l40s,E030,l40s,exact,Workload characterisation,Must Have,tinyllama,TinyLlama/TinyLlama-1.1B-Chat-v1.0,training,1,bf16,none,completed,training_tokens_per_second,10799.051268248313,10.545948504148743,30.01333580026403,0.5,0.0052679524780251084,10799.051268248313,10.545948504148743,409600.0,400.0,38876584.56569392,37965.41461493547,,legacy_full_window,
E028@l40s,E028,l40s,exact,Workload characterisation,Must Have,tinyllama,TinyLlama/TinyLlama-1.1B-Chat-v1.0,training,1,bf16,none,completed,training_tokens_per_second,10796.958018335334,10.5439043147806,157.52985176816583,0.7,0.0052689737972751675,10796.958018335334,10.5439043147806,292571.4285714286,285.7142857142857,38869048.8660072,37958.05553321016,,legacy_full_window,
E017@l40s,E017,l40s,exact,Baseline profiling,Should Have,tinyllama,TinyLlama/TinyLlama-1.1B-Chat-v1.0,training,1,bf16,none,completed,training_tokens_per_second,10790.474285771645,10.537572544698872,70.12323776865378,1.0,0.01054427958999036,10790.474285771645,10.537572544698872,409600.0,400.0,38845707.428777926,37935.26116091594,,legacy_full_window,
E029@l40s,E029,l40s,exact,Workload characterisation,Must Have,tinyllama,TinyLlama/TinyLlama-1.1B-Chat-v1.0,training,1,bf16,none,completed,training_tokens_per_second,10789.966807708028,10.53707696065237,27.48137627216056,0.7,0.005272387756396913,10789.966807708028,10.53707696065237,292571.4285714286,285.7142857142857,38843880.5077489,37933.47705834854,,legacy_full_window,
E016@l40s,E016,l40s,exact,Baseline profiling,Should Have,tinyllama,TinyLlama/TinyLlama-1.1B-Chat-v1.0,training,1,bf16,none,completed,training_tokens_per_second,10760.044303543655,10.50785576517935,70.21252243872732,1.5,0.01057409937803944,10760.044303543655,10.50785576517935,273066.6666666667,266.6666666666667,38736159.49275716,37828.28075464566,,legacy_full_window,
E028@l40s,E028,l40s,exact,Workload characterisation,Must Have,tinyllama,TinyLlama/TinyLlama-1.1B-Chat-v1.0,training,1,bf16,none,completed,training_tokens_per_second,10755.89787040297,10.503806514065401,155.71665126504377,0.7,0.005289087863638997,10755.89787040297,10.503806514065401,292571.4285714286,285.7142857142857,38721232.3334507,37813.70345063545,,legacy_full_window,
E017@l40s,E017,l40s,exact,Baseline profiling,Should Have,tinyllama,TinyLlama/TinyLlama-1.1B-Chat-v1.0,training,1,bf16,none,completed,training_tokens_per_second,10738.631084354336,10.486944418314781,70.26054071774706,1.0,0.010595184515049268,10738.631084354336,10.486944418314781,409600.0,400.0,38659071.90367561,37752.99990593321,,legacy_full_window,
E017@l40s,E017,l40s,exact,Baseline profiling,Should Have,tinyllama,TinyLlama/TinyLlama-1.1B-Chat-v1.0,training,1,bf16,none,completed,training_tokens_per_second,10722.745283914752,10.471430941323,70.39180480269715,1.0,0.010610881333575687,10722.745283914752,10.471430941323,409600.0,400.0,38601883.02209311,37697.1513887628,,legacy_full_window,
E016@l40s,E016,l40s,exact,Baseline profiling,Should Have,tinyllama,TinyLlama/TinyLlama-1.1B-Chat-v1.0,training,1,bf16,none,completed,training_tokens_per_second,10703.456119770453,10.452593866963333,70.47416986105964,1.5,0.010630003664668443,10703.456119770453,10.452593866963333,273066.6666666667,266.6666666666667,38532442.03117363,37629.337921068,,legacy_full_window,
E137@l40s,E137,l40s,exact,Inference batching,Should Have,gpt2_small,gpt2,inference,1,bf16,none,completed,generated_tokens_per_second,10380.999177252072,,67.89686859492213,0.4,0.010960195240849215,10380.999177252072,,1024000.0,,37371597.03810746,,,legacy_full_window,
E137@l40s,E137,l40s,exact,Inference batching,Should Have,gpt2_small,gpt2,inference,1,bf16,none,completed,generated_tokens_per_second,10235.765645162619,,68.18543786602095,0.4,0.011115707580853874,10235.765645162619,,1024000.0,,36848756.32258543,,,legacy_full_window,
E137@l40s,E137,l40s,exact,Inference batching,Should Have,gpt2_small,gpt2,inference,1,bf16,none,completed,generated_tokens_per_second,10170.5646928352,,68.05479979794472,0.4,0.011186967608389548,10170.5646928352,,1024000.0,,36614032.89420672,,,legacy_full_window,
E137@h100,E137,h100,exact,Inference batching,Should Have,gpt2_small,gpt2,inference,1,bf16,none,completed,generated_tokens_per_second,9524.486409641067,,69.63406630209647,0.4,0.011945817641422359,9524.486409641067,,1024000.0,,34288151.07470784,,6425.14336619371,measured_region,229498380.96352664
E137@h100,E137,h100,exact,Inference batching,Should Have,gpt2_small,gpt2,inference,1,bf16,none,completed,generated_tokens_per_second,9475.446601764217,,70.35079278703779,0.4,0.012007642759191287,9475.446601764217,,1024000.0,,34111607.76635118,,6556.056403467529,measured_region,224915697.67766157
E137@h100,E137,h100,exact,Inference batching,Should Have,gpt2_small,gpt2,inference,1,bf16,none,completed,generated_tokens_per_second,9389.66692073055,,69.9309159279801,0.4,0.012117339064134284,9389.66692073055,,1024000.0,,33802800.91462998,,6517.084903293968,measured_region,226260670.51155105
E208@l40s,E208,l40s,capacity_adjusted,Strong scaling,Supplemental,tinyllama,TinyLlama/TinyLlama-1.1B-Chat-v1.0,training,1,bf16,ddp,completed,training_tokens_per_second,9101.408934234758,8.88809466233863,207.13029715092853,1.5,0.05000446792355635,9101.408934234758,8.88809466233863,1092266.6666666667,1066.6666666666667,32765072.163245123,31997.140784419065,,legacy_full_window,
E208@l40s,E208,l40s,capacity_adjusted,Strong scaling,Supplemental,tinyllama,TinyLlama/TinyLlama-1.1B-Chat-v1.0,training,1,bf16,ddp,completed,training_tokens_per_second,9083.648346681819,8.870750338556464,207.35609820578247,1.5,0.05010223797108564,9083.648346681819,8.870750338556464,1092266.6666666667,1066.6666666666667,32701134.048054546,31934.701218803268,,legacy_full_window,
E208@l40s,E208,l40s,capacity_adjusted,Strong scaling,Supplemental,tinyllama,TinyLlama/TinyLlama-1.1B-Chat-v1.0,training,1,bf16,ddp,completed,training_tokens_per_second,8996.961964080523,8.786095668047386,209.834287640173,1.5,0.05058497667635998,8996.961964080523,8.786095668047386,1092266.6666666667,1066.6666666666667,32389063.070689883,31629.94440497059,,legacy_full_window,
E185@h100,E185,h100,exact,Inference batching,Should Have,tinyllama,TinyLlama/TinyLlama-1.1B-Chat-v1.0,inference,1,bf16,none,completed,generated_tokens_per_second,5695.510965110893,,97.88400682597421,0.5,0.019976746331408828,5695.510965110893,,819200.0,,20503839.474399213,,14264.495074626157,measured_region,103372744.16554455
E185@l40s,E185,l40s,exact,Inference batching,Should Have,tinyllama,TinyLlama/TinyLlama-1.1B-Chat-v1.0,inference,1,bf16,none,completed,generated_tokens_per_second,5680.227001062922,,100.81151055498049,0.5,0.020030498386153745,5680.227001062922,,819200.0,,20448817.203826517,,,legacy_full_window,
E185@l40s,E185,l40s,exact,Inference batching,Should Have,tinyllama,TinyLlama/TinyLlama-1.1B-Chat-v1.0,inference,1,bf16,none,completed,generated_tokens_per_second,5663.8023474393985,,100.44536483194679,0.5,0.020088585511677796,5663.8023474393985,,819200.0,,20389688.450781833,,,legacy_full_window,
E185@h100,E185,h100,exact,Inference batching,Should Have,tinyllama,TinyLlama/TinyLlama-1.1B-Chat-v1.0,inference,1,bf16,none,completed,generated_tokens_per_second,5640.153461430839,,98.65769318700768,0.5,0.020172815962513496,5640.153461430839,,819200.0,,20304552.46115102,,14612.179773687185,measured_region,100913075.45061189
E185@h100,E185,h100,exact,Inference batching,Should Have,tinyllama,TinyLlama/TinyLlama-1.1B-Chat-v1.0,inference,1,bf16,none,completed,generated_tokens_per_second,5558.8085723960185,,100.52456955006346,0.5,0.020468015096396106,5558.8085723960185,,819200.0,,20011710.860625666,,14449.728828125852,measured_region,102047589.7879706
E185@l40s,E185,l40s,exact,Inference batching,Should Have,tinyllama,TinyLlama/TinyLlama-1.1B-Chat-v1.0,inference,1,bf16,none,completed,generated_tokens_per_second,5497.701400422698,,104.18085466092452,0.5,0.020695517906634552,5497.701400422698,,819200.0,,19791725.04152171,,,legacy_full_window,
E142@l40s,E142,l40s,exact,Inference concurrency,Should Have,gpt2_small,gpt2,inference,1,bf16,none,completed,generated_tokens_per_second,5491.89159977276,,64.06001027999446,0.4,0.010358705712844514,5491.89159977276,,512000.0,,19770809.75918194,,,legacy_full_window,
E142@l40s,E142,l40s,exact,Inference concurrency,Should Have,gpt2_small,gpt2,inference,1,bf16,none,completed,generated_tokens_per_second,5488.427114039924,,64.24705219920725,0.4,0.010365244487507476,5488.427114039924,,512000.0,,19758337.610543728,,,legacy_full_window,
E136@l40s,E136,l40s,exact,Inference batching,Must Have,gpt2_small,gpt2,inference,1,bf16,none,completed,generated_tokens_per_second,5420.8339701721325,,65.73705356614664,0.4,0.010494490183967475,5420.8339701721325,,512000.0,,19515002.29261968,,,legacy_full_window,
E136@l40s,E136,l40s,exact,Inference batching,Must Have,gpt2_small,gpt2,inference,1,bf16,none,completed,generated_tokens_per_second,5363.690495709864,,67.69253985909745,0.4,0.010606295969983977,5363.690495709864,,512000.0,,19309285.78455551,,,legacy_full_window,
E142@l40s,E142,l40s,exact,Inference concurrency,Should Have,gpt2_small,gpt2,inference,1,bf16,none,completed,generated_tokens_per_second,5296.41296956326,,68.71900629904121,0.4,0.010741022124938254,5296.41296956326,,512000.0,,19067086.690427735,,,legacy_full_window,
E136@l40s,E136,l40s,exact,Inference batching,Must Have,gpt2_small,gpt2,inference,1,bf16,none,completed,generated_tokens_per_second,5260.5177471005,,66.37688695918769,0.4,0.010814313651968001,5260.5177471005,,512000.0,,18937863.8895618,,,legacy_full_window,
E136@h100,E136,h100,exact,Inference batching,Must Have,gpt2_small,gpt2,inference,1,bf16,none,completed,generated_tokens_per_second,5008.84204234449,,68.21401207498275,0.4,0.011357692737753193,5008.84204234449,,512000.0,,18031831.352440167,,5718.794571725686,measured_region,128922273.8730971
E142@h100,E142,h100,exact,Inference concurrency,Should Have,gpt2_small,gpt2,inference,1,bf16,none,completed,generated_tokens_per_second,5004.517537920077,,68.46158204996027,0.4,0.011367507148857436,5004.517537920077,,512000.0,,18016263.136512276,,5748.186895057111,measured_region,128263052.9348289
E142@h100,E142,h100,exact,Inference concurrency,Should Have,gpt2_small,gpt2,inference,1,bf16,none,completed,generated_tokens_per_second,4993.8862939711435,,67.73283020593226,0.4,0.011391706887192817,4993.8862939711435,,512000.0,,17977990.658296116,,5651.494815149208,measured_region,130457520.37561317
E136@h100,E136,h100,exact,Inference batching,Must Have,gpt2_small,gpt2,inference,1,bf16,none,completed,generated_tokens_per_second,4945.625064450948,,68.24075517989695,0.4,0.011502871355494588,4945.625064450948,,512000.0,,17804250.232023414,,5692.992974604484,measured_region,129506571.19882041
E142@h100,E142,h100,exact,Inference concurrency,Should Have,gpt2_small,gpt2,inference,1,bf16,none,completed,generated_tokens_per_second,4932.785178861048,,68.14333839411847,0.4,0.011532812969979002,4932.785178861048,,512000.0,,17758026.643899776,,5787.863520056743,measured_region,127383791.52257064
E136@h100,E136,h100,exact,Inference batching,Must Have,gpt2_small,gpt2,inference,1,bf16,none,completed,generated_tokens_per_second,4911.419404308235,,69.7419838400092,0.4,0.011582983289715937,4911.419404308235,,512000.0,,17681109.855509646,,5843.9601262879005,measured_region,126161025.06988224
E184@l40s,E184,l40s,exact,Inference batching,Must Have,tinyllama,TinyLlama/TinyLlama-1.1B-Chat-v1.0,inference,1,bf16,none,completed,generated_tokens_per_second,3114.510033182796,,100.65479324897751,0.5,0.018265758749459765,3114.510033182796,,409600.0,,11212236.119458068,,,legacy_full_window,
E190@l40s,E190,l40s,exact,Inference concurrency,Should Have,tinyllama,TinyLlama/TinyLlama-1.1B-Chat-v1.0,inference,1,bf16,none,completed,generated_tokens_per_second,3082.3574671301217,,96.46452023927122,0.5,0.0184562918141536,3082.3574671301217,,409600.0,,11096486.88166844,,,legacy_full_window,
E190@l40s,E190,l40s,exact,Inference concurrency,Should Have,tinyllama,TinyLlama/TinyLlama-1.1B-Chat-v1.0,inference,1,bf16,none,completed,generated_tokens_per_second,3042.364046981727,,94.49778241990134,0.5,0.018698909141175037,3042.364046981727,,409600.0,,10952510.569134217,,,legacy_full_window,
E184@l40s,E184,l40s,exact,Inference batching,Must Have,tinyllama,TinyLlama/TinyLlama-1.1B-Chat-v1.0,inference,1,bf16,none,completed,generated_tokens_per_second,3030.7540521512915,,97.07972107222304,0.5,0.018770539578593648,3030.7540521512915,,409600.0,,10910714.587744648,,,legacy_full_window,
E190@l40s,E190,l40s,exact,Inference concurrency,Should Have,tinyllama,TinyLlama/TinyLlama-1.1B-Chat-v1.0,inference,1,bf16,none,completed,generated_tokens_per_second,3013.9141593915456,,93.70324007980525,0.5,0.01887541777247356,3013.9141593915456,,409600.0,,10850090.973809564,,,legacy_full_window,
E184@l40s,E184,l40s,exact,Inference batching,Must Have,tinyllama,TinyLlama/TinyLlama-1.1B-Chat-v1.0,inference,1,bf16,none,completed,generated_tokens_per_second,2995.6352576286167,,102.91091135516763,0.5,0.018990592644420556,2995.6352576286167,,409600.0,,10784286.927463021,,,legacy_full_window,
E184@h100,E184,h100,exact,Inference batching,Must Have,tinyllama,TinyLlama/TinyLlama-1.1B-Chat-v1.0,inference,1,bf16,none,completed,generated_tokens_per_second,2950.5404521991964,,95.77589312009513,0.5,0.019280836785845974,2950.5404521991964,,409600.0,,10621945.627917109,,13556.779037023502,measured_region,54384599.61518084
E190@h100,E190,h100,exact,Inference concurrency,Should Have,tinyllama,TinyLlama/TinyLlama-1.1B-Chat-v1.0,inference,1,bf16,none,completed,generated_tokens_per_second,2939.876799996609,,97.52241407101974,0.5,0.019350773096666673,2939.876799996609,,409600.0,,10583556.479987793,,13048.653124138453,measured_region,56502383.27173552
E184@h100,E184,h100,exact,Inference batching,Must Have,tinyllama,TinyLlama/TinyLlama-1.1B-Chat-v1.0,inference,1,bf16,none,completed,generated_tokens_per_second,2885.569339975562,,97.38154951599427,0.5,0.019714961654454882,2885.569339975562,,409600.0,,10388049.623912023,,13203.477017160914,measured_region,55839836.66133832
E190@h100,E190,h100,exact,Inference concurrency,Should Have,tinyllama,TinyLlama/TinyLlama-1.1B-Chat-v1.0,inference,1,bf16,none,completed,generated_tokens_per_second,2874.98897276662,,99.34800401190296,0.5,0.01978751550971841,2874.98897276662,,409600.0,,10349960.301959831,,13444.333087553561,measured_region,54839462.48568893
E190@h100,E190,h100,exact,Inference concurrency,Should Have,tinyllama,TinyLlama/TinyLlama-1.1B-Chat-v1.0,inference,1,bf16,none,completed,generated_tokens_per_second,2863.847850072469,,100.45561432489194,0.5,0.0198644941586018,2863.847850072469,,409600.0,,10309852.26026089,,13634.98625978793,measured_region,54072661.75062998
E141@l40s,E141,l40s,exact,Inference concurrency,Must Have,gpt2_small,gpt2,inference,1,bf16,none,completed,generated_tokens_per_second,2839.6619173423524,,61.840979675762355,0.4,0.010016841889074486,2839.6619173423524,,256000.0,,10222782.902432468,,,legacy_full_window,
E184@h100,E184,h100,exact,Inference batching,Must Have,tinyllama,TinyLlama/TinyLlama-1.1B-Chat-v1.0,inference,1,bf16,none,completed,generated_tokens_per_second,2833.3299731170437,,98.88547643600032,0.5,0.020078455184767436,2833.3299731170437,,409600.0,,10199987.903221358,,13502.046432696849,measured_region,54605055.88357234
E141@l40s,E141,l40s,exact,Inference concurrency,Must Have,gpt2_small,gpt2,inference,1,bf16,none,completed,generated_tokens_per_second,2829.3675688187004,,62.29717467492446,0.4,0.010053287087163578,2829.3675688187004,,256000.0,,10185723.24774732,,,legacy_full_window,
E135@l40s,E135,l40s,exact,Inference batching,Should Have,gpt2_small,gpt2,inference,1,bf16,none,completed,generated_tokens_per_second,2788.8444231136273,,63.40865208208561,0.4,0.01019936580495495,2788.8444231136273,,256000.0,,10039839.923209058,,,legacy_full_window,
E141@l40s,E141,l40s,exact,Inference concurrency,Must Have,gpt2_small,gpt2,inference,1,bf16,none,completed,generated_tokens_per_second,2780.080066562354,,64.48254422890022,0.4,0.010231519871158525,2780.080066562354,,256000.0,,10008288.239624476,,,legacy_full_window,
E135@l40s,E135,l40s,exact,Inference batching,Should Have,gpt2_small,gpt2,inference,1,bf16,none,completed,generated_tokens_per_second,2765.1969485304317,,67.53971285605803,0.4,0.010286588974995538,2765.1969485304317,,256000.0,,9954709.014709555,,,legacy_full_window,
E135@l40s,E135,l40s,exact,Inference batching,Should Have,gpt2_small,gpt2,inference,1,bf16,none,completed,generated_tokens_per_second,2742.0051580994896,,66.56665089121088,0.4,0.010373592609927679,2742.0051580994896,,256000.0,,9871218.569158163,,,legacy_full_window,
E135@h100,E135,h100,exact,Inference batching,Should Have,gpt2_small,gpt2,inference,1,bf16,none,completed,generated_tokens_per_second,2582.581732132737,,66.72240769816563,0.4,0.011013957115291203,2582.581732132737,,256000.0,,9297294.235677855,,5307.613878600052,measured_region,69454939.34408683
E135@h100,E135,h100,exact,Inference batching,Should Have,gpt2_small,gpt2,inference,1,bf16,none,completed,generated_tokens_per_second,2580.041744534932,,67.45934572000988,0.4,0.011024800084996969,2580.041744534932,,256000.0,,9288150.280325754,,5391.921276078984,measured_region,68368950.71807794
E135@h100,E135,h100,exact,Inference batching,Should Have,gpt2_small,gpt2,inference,1,bf16,none,completed,generated_tokens_per_second,2569.304048814268,,67.23527618288063,0.4,0.011070875187999466,2569.304048814268,,256000.0,,9249494.575731363,,5325.650863108037,measured_region,69219708.44045578
E141@h100,E141,h100,exact,Inference concurrency,Must Have,gpt2_small,gpt2,inference,1,bf16,none,completed,generated_tokens_per_second,2548.1245600911784,,67.07130955602042,0.4,0.011162894031925438,2548.1245600911784,,256000.0,,9173248.416328242,,5331.657396138413,measured_region,69141726.97349173
E141@h100,E141,h100,exact,Inference concurrency,Must Have,gpt2_small,gpt2,inference,1,bf16,none,completed,generated_tokens_per_second,2535.6065871764104,,66.52248241915368,0.4,0.01121800384503634,2535.6065871764104,,256000.0,,9128183.713835077,,5473.401266044713,measured_region,67351173.80977134
E141@h100,E141,h100,exact,Inference concurrency,Must Have,gpt2_small,gpt2,inference,1,bf16,none,completed,generated_tokens_per_second,2531.9217807027385,,68.00156592810526,0.4,0.01123432985222381,2531.9217807027385,,256000.0,,9114918.41052986,,5397.5774173821555,measured_region,68297306.64220685
E189@l40s,E189,l40s,exact,Inference concurrency,Must Have,tinyllama,TinyLlama/TinyLlama-1.1B-Chat-v1.0,inference,1,bf16,none,completed,generated_tokens_per_second,1571.910913425067,,93.81853793794289,0.5,0.018095455793017107,1571.910913425067,,204800.0,,5658879.288330242,,,legacy_full_window,
E183@l40s,E183,l40s,exact,Inference batching,Should Have,tinyllama,TinyLlama/TinyLlama-1.1B-Chat-v1.0,inference,1,bf16,none,completed,generated_tokens_per_second,1557.1282201796905,,100.49454225692898,0.5,0.01826724612386897,1557.1282201796905,,204800.0,,5605661.592646887,,,legacy_full_window,
E189@l40s,E189,l40s,exact,Inference concurrency,Must Have,tinyllama,TinyLlama/TinyLlama-1.1B-Chat-v1.0,inference,1,bf16,none,completed,generated_tokens_per_second,1556.7067427049133,,92.5683818156831,0.5,0.018272191970479777,1556.7067427049133,,204800.0,,5604144.273737688,,,legacy_full_window,
E183@l40s,E183,l40s,exact,Inference batching,Should Have,tinyllama,TinyLlama/TinyLlama-1.1B-Chat-v1.0,inference,1,bf16,none,completed,generated_tokens_per_second,1552.0631359782585,,92.28962578810751,0.5,0.018326860412489623,1552.0631359782585,,204800.0,,5587427.2895217305,,,legacy_full_window,
E183@l40s,E183,l40s,exact,Inference batching,Should Have,tinyllama,TinyLlama/TinyLlama-1.1B-Chat-v1.0,inference,1,bf16,none,completed,generated_tokens_per_second,1529.9312591172895,,102.08328332100064,0.5,0.01859197547271227,1529.9312591172895,,204800.0,,5507752.532822242,,,legacy_full_window,
E189@l40s,E189,l40s,exact,Inference concurrency,Must Have,tinyllama,TinyLlama/TinyLlama-1.1B-Chat-v1.0,inference,1,bf16,none,completed,generated_tokens_per_second,1512.9329454825918,,95.95186419086531,0.5,0.018800862608865525,1512.9329454825918,,204800.0,,5446558.60373733,,,legacy_full_window,
E189@h100,E189,h100,exact,Inference concurrency,Must Have,tinyllama,TinyLlama/TinyLlama-1.1B-Chat-v1.0,inference,1,bf16,none,completed,generated_tokens_per_second,1496.1546705428636,,97.21048186300322,0.5,0.01901170046417974,1496.1546705428636,,204800.0,,5386156.813954309,,13039.18423655779,measured_region,28271707.287212715
E183@h100,E183,h100,exact,Inference batching,Should Have,tinyllama,TinyLlama/TinyLlama-1.1B-Chat-v1.0,inference,1,bf16,none,completed,generated_tokens_per_second,1488.8628444207593,,94.2893388660159,0.5,0.01910481180387756,1488.8628444207593,,204800.0,,5359906.239914734,,12592.344359949533,measured_region,29274930.025935013
E189@h100,E189,h100,exact,Inference concurrency,Must Have,tinyllama,TinyLlama/TinyLlama-1.1B-Chat-v1.0,inference,1,bf16,none,completed,generated_tokens_per_second,1479.5168162693228,,96.83026462094858,0.5,0.019225495872475826,1479.5168162693228,,204800.0,,5326260.538569563,,12667.682360413603,measured_region,29100824.405891072
E183@h100,E183,h100,exact,Inference batching,Should Have,tinyllama,TinyLlama/TinyLlama-1.1B-Chat-v1.0,inference,1,bf16,none,completed,generated_tokens_per_second,1478.765901577057,,95.40352922002785,0.5,0.019235258545053917,1478.765901577057,,204800.0,,5323557.245677405,,12841.430472738322,measured_region,28707082.18859287
E183@h100,E183,h100,exact,Inference batching,Should Have,tinyllama,TinyLlama/TinyLlama-1.1B-Chat-v1.0,inference,1,bf16,none,completed,generated_tokens_per_second,1473.1228679449953,,95.19162590010092,0.5,0.019308942290824943,1473.1228679449953,,204800.0,,5303242.324601983,,13007.310742695852,measured_region,28340985.10385836
E189@h100,E189,h100,exact,Inference concurrency,Must Have,tinyllama,TinyLlama/TinyLlama-1.1B-Chat-v1.0,inference,1,bf16,none,completed,generated_tokens_per_second,1468.2398135677447,,98.18884963309392,0.5,0.019373159739706252,1468.2398135677447,,204800.0,,5285663.32884388,,13035.202335971904,measured_region,28280343.52659814
E140@l40s,E140,l40s,exact,Inference concurrency,Must Have,gpt2_small,gpt2,inference,1,bf16,none,completed,generated_tokens_per_second,1430.8875168509662,,72.36933404393494,0.4,0.0099394411193983,1430.8875168509662,,128000.0,,5151195.060663478,,,legacy_full_window,
E134@l40s,E134,l40s,exact,Inference batching,Must Have,gpt2_small,gpt2,inference,1,bf16,none,completed,generated_tokens_per_second,1427.5028078638818,,73.13801575591788,0.4,0.009963008229387924,1427.5028078638818,,128000.0,,5139010.108309974,,,legacy_full_window,
E134@l40s,E134,l40s,exact,Inference batching,Must Have,gpt2_small,gpt2,inference,1,bf16,none,completed,generated_tokens_per_second,1422.5983767871567,,69.40270401770249,0.4,0.009997355862546506,1422.5983767871567,,128000.0,,5121354.156433763,,,legacy_full_window,
E134@l40s,E134,l40s,exact,Inference batching,Must Have,gpt2_small,gpt2,inference,1,bf16,none,completed,generated_tokens_per_second,1400.60669714732,,67.98083476396278,0.4,0.010154329728102311,1400.60669714732,,128000.0,,5042184.109730352,,,legacy_full_window,
E140@l40s,E140,l40s,exact,Inference concurrency,Must Have,gpt2_small,gpt2,inference,1,bf16,none,completed,generated_tokens_per_second,1399.7121821004646,,62.113101394847035,0.4,0.010160819062730298,1399.7121821004646,,128000.0,,5038963.855561673,,,legacy_full_window,
E140@l40s,E140,l40s,exact,Inference concurrency,Must Have,gpt2_small,gpt2,inference,1,bf16,none,completed,generated_tokens_per_second,1370.4345138516226,,61.964134053792804,0.4,0.010377892616153177,1370.4345138516226,,128000.0,,4933564.249865841,,,legacy_full_window,
E134@h100,E134,h100,exact,Inference batching,Must Have,gpt2_small,gpt2,inference,1,bf16,none,completed,generated_tokens_per_second,1311.5066090776427,,65.19754884205759,0.4,0.010844186467519548,1311.5066090776427,,128000.0,,4721423.792679514,,5151.369144298666,measured_region,35780778.8253727
E140@h100,E140,h100,exact,Inference concurrency,Must Have,gpt2_small,gpt2,inference,1,bf16,none,completed,generated_tokens_per_second,1307.8368216440042,,65.49518980900757,0.4,0.010874615232460201,1307.8368216440042,,128000.0,,4708212.5579184145,,5040.202235294297,measured_region,36569961.16332177
E134@h100,E134,h100,exact,Inference batching,Must Have,gpt2_small,gpt2,inference,1,bf16,none,completed,generated_tokens_per_second,1307.4750007146567,,65.93966602999717,0.4,0.010877624592782619,1307.4750007146567,,128000.0,,4706910.002572765,,5049.678353246861,measured_region,36501334.75956646
E140@h100,E140,h100,exact,Inference concurrency,Must Have,gpt2_small,gpt2,inference,1,bf16,none,completed,generated_tokens_per_second,1302.4808852096392,,65.37423371197656,0.4,0.010919332777719117,1302.4808852096392,,128000.0,,4688931.186754701,,5228.931667089468,measured_region,35250030.35707987
E134@h100,E134,h100,exact,Inference batching,Must Have,gpt2_small,gpt2,inference,1,bf16,none,completed,generated_tokens_per_second,1295.6140282633023,,66.21493489597924,0.4,0.01097720610611658,1295.6140282633023,,128000.0,,4664210.5017478885,,5165.8871252291765,measured_region,35680222.10547679
E140@h100,E140,h100,exact,Inference concurrency,Must Have,gpt2_small,gpt2,inference,1,bf16,none,completed,generated_tokens_per_second,1287.593320126631,,66.43973802612163,0.4,0.011045585589729146,1287.593320126631,,128000.0,,4635335.952455872,,5188.796444150551,measured_region,35522688.543272525
E188@l40s,E188,l40s,exact,Inference concurrency,Must Have,tinyllama,TinyLlama/TinyLlama-1.1B-Chat-v1.0,inference,1,bf16,none,completed,generated_tokens_per_second,798.6625011740647,,91.66472938610241,0.5,0.01780754974888017,798.6625011740647,,102400.0,,2875185.004226633,,,legacy_full_window,
E182@l40s,E182,l40s,exact,Inference batching,Must Have,tinyllama,TinyLlama/TinyLlama-1.1B-Chat-v1.0,inference,1,bf16,none,completed,generated_tokens_per_second,793.8341570577551,,92.13109150202945,0.5,0.017915860757283453,793.8341570577551,,102400.0,,2857802.9654079177,,,legacy_full_window,
E182@l40s,E182,l40s,exact,Inference batching,Must Have,tinyllama,TinyLlama/TinyLlama-1.1B-Chat-v1.0,inference,1,bf16,none,completed,generated_tokens_per_second,786.1341581024502,,98.88698061881587,0.5,0.01809134239447303,786.1341581024502,,102400.0,,2830082.969168821,,,legacy_full_window,
E182@l40s,E182,l40s,exact,Inference batching,Must Have,tinyllama,TinyLlama/TinyLlama-1.1B-Chat-v1.0,inference,1,bf16,none,completed,generated_tokens_per_second,778.8422848125929,,91.45176924113184,0.5,0.018260721714209973,778.8422848125929,,102400.0,,2803832.2253253344,,,legacy_full_window,
E188@l40s,E188,l40s,exact,Inference concurrency,Must Have,tinyllama,TinyLlama/TinyLlama-1.1B-Chat-v1.0,inference,1,bf16,none,completed,generated_tokens_per_second,771.0391647820953,,96.59682206995785,0.5,0.018445525041833107,771.0391647820953,,102400.0,,2775740.993215543,,,legacy_full_window,
E188@h100,E188,h100,exact,Inference concurrency,Must Have,tinyllama,TinyLlama/TinyLlama-1.1B-Chat-v1.0,inference,1,bf16,none,completed,generated_tokens_per_second,752.9079646162573,,96.95664428686723,0.5,0.018889722104973368,752.9079646162573,,102400.0,,2710468.6726185265,,12453.657849621433,measured_region,14800470.851670535
E188@l40s,E188,l40s,exact,Inference concurrency,Must Have,tinyllama,TinyLlama/TinyLlama-1.1B-Chat-v1.0,inference,1,bf16,none,completed,generated_tokens_per_second,750.7655723808981,,109.08306710980833,0.5,0.018943626007142788,750.7655723808981,,102400.0,,2702756.0605712333,,,legacy_full_window,
E188@h100,E188,h100,exact,Inference concurrency,Must Have,tinyllama,TinyLlama/TinyLlama-1.1B-Chat-v1.0,inference,1,bf16,none,completed,generated_tokens_per_second,744.6937081627162,,97.77518713497557,0.5,0.019098082965291623,744.6937081627162,,102400.0,,2680897.3493857784,,12685.857811525557,measured_region,14529565.34263995
E182@h100,E182,h100,exact,Inference batching,Must Have,tinyllama,TinyLlama/TinyLlama-1.1B-Chat-v1.0,inference,1,bf16,none,completed,generated_tokens_per_second,741.91471857751,,95.43266953295097,0.5,0.019169618644971503,741.91471857751,,102400.0,,2670892.9868790363,,12876.856505661837,measured_region,14314052.49557267
E182@h100,E182,h100,exact,Inference batching,Must Have,tinyllama,TinyLlama/TinyLlama-1.1B-Chat-v1.0,inference,1,bf16,none,completed,generated_tokens_per_second,741.4709375979504,,93.66148879099637,0.5,0.019181091936382774,741.4709375979504,,102400.0,,2669295.3753526215,,12729.854994752413,measured_region,14479347.963977722
E182@h100,E182,h100,exact,Inference batching,Must Have,tinyllama,TinyLlama/TinyLlama-1.1B-Chat-v1.0,inference,1,bf16,none,completed,generated_tokens_per_second,738.7497619614747,,94.246470377082,0.5,0.019251745251951637,738.7497619614747,,102400.0,,2659499.1430613087,,12444.075586549787,measured_region,14811867.60061332
E188@h100,E188,h100,exact,Inference concurrency,Must Have,tinyllama,TinyLlama/TinyLlama-1.1B-Chat-v1.0,inference,1,bf16,none,completed,generated_tokens_per_second,730.3764297826815,,99.37532702111639,0.5,0.0194724550824483,730.3764297826815,,102400.0,,2629355.1472176537,,12972.661735254544,measured_region,14208340.875727255
E139@l40s,E139,l40s,exact,Inference concurrency,Should Have,gpt2_small,gpt2,inference,1,bf16,none,completed,generated_tokens_per_second,714.7393807872054,,72.72586317406967,0.4,0.009949236466135415,714.7393807872054,,64000.0,,2573061.77083394,,,legacy_full_window,
E133@l40s,E133,l40s,exact,Inference batching,Should Have,gpt2_small,gpt2,inference,1,bf16,none,completed,generated_tokens_per_second,711.4432343909764,,70.34790742211044,0.4,0.009995331696700305,711.4432343909764,,64000.0,,2561195.643807515,,,legacy_full_window,
E139@l40s,E139,l40s,exact,Inference concurrency,Should Have,gpt2_small,gpt2,inference,1,bf16,none,completed,generated_tokens_per_second,706.0499764930252,,72.90552881592885,0.4,0.010071682384910269,706.0499764930252,,64000.0,,2541779.9153748904,,,legacy_full_window,
E139@l40s,E139,l40s,exact,Inference concurrency,Should Have,gpt2_small,gpt2,inference,1,bf16,none,completed,generated_tokens_per_second,699.6455172810802,,74.71209988510236,0.4,0.010163877185615193,699.6455172810802,,64000.0,,2518723.8622118887,,,legacy_full_window,
E133@l40s,E133,l40s,exact,Inference batching,Should Have,gpt2_small,gpt2,inference,1,bf16,none,completed,generated_tokens_per_second,698.045959723778,,73.2354645957239,0.4,0.01018716749528216,698.045959723778,,64000.0,,2512965.455005601,,,legacy_full_window,
E133@l40s,E133,l40s,exact,Inference batching,Should Have,gpt2_small,gpt2,inference,1,bf16,none,completed,generated_tokens_per_second,697.4318591172978,,73.17321917787194,0.4,0.010196137469417105,697.4318591172978,,64000.0,,2510754.692822272,,,legacy_full_window,
E139@h100,E139,h100,exact,Inference concurrency,Should Have,gpt2_small,gpt2,inference,1,bf16,none,completed,generated_tokens_per_second,671.4185746121948,,63.952348712133244,0.4,0.01059117423913752,671.4185746121948,,64000.0,,2417106.8686039015,,4967.836517216257,measured_region,18551335.109481856
E139@h100,E139,h100,exact,Inference concurrency,Should Have,gpt2_small,gpt2,inference,1,bf16,none,completed,generated_tokens_per_second,667.3987352618525,,61.20443802513182,0.4,0.010654966417221455,667.3987352618525,,64000.0,,2402635.446942669,,4896.594910623747,measured_region,18821242.451575458
E133@h100,E133,h100,exact,Inference batching,Should Have,gpt2_small,gpt2,inference,1,bf16,none,completed,generated_tokens_per_second,667.1263291484887,,65.04828491201624,0.4,0.010659317134413869,667.1263291484887,,64000.0,,2401654.784934559,,4980.238755332318,measured_region,18505136.90760804
E133@h100,E133,h100,exact,Inference batching,Should Have,gpt2_small,gpt2,inference,1,bf16,none,completed,generated_tokens_per_second,662.0012414799754,,65.50790755590424,0.4,0.010741839539777073,662.0012414799754,,64000.0,,2383204.4693279117,,4938.061386162088,measured_region,18663194.479165375
E133@h100,E133,h100,exact,Inference batching,Should Have,gpt2_small,gpt2,inference,1,bf16,none,completed,generated_tokens_per_second,660.6065849379457,,66.03148523019627,0.4,0.010764517449942003,660.6065849379457,,64000.0,,2378183.705776605,,5034.492891741286,measured_region,18305716.579952206
E139@h100,E139,h100,exact,Inference concurrency,Should Have,gpt2_small,gpt2,inference,1,bf16,none,completed,generated_tokens_per_second,657.7228655848331,,68.1173675369937,0.4,0.010811713387504116,657.7228655848331,,64000.0,,2367802.3161053993,,5014.235368150126,measured_region,18379671.721313726
E181@l40s,E181,l40s,exact,Inference batching,Should Have,tinyllama,TinyLlama/TinyLlama-1.1B-Chat-v1.0,inference,1,bf16,none,completed,generated_tokens_per_second,395.9790152150818,,98.40813755104318,0.5,0.01795830293493863,395.9790152150818,,51200.0,,1425524.4547742945,,,legacy_full_window,
E187@l40s,E187,l40s,exact,Inference concurrency,Should Have,tinyllama,TinyLlama/TinyLlama-1.1B-Chat-v1.0,inference,1,bf16,none,completed,generated_tokens_per_second,395.9467962970395,,98.14580366201699,0.5,0.0179597642350321,395.9467962970395,,51200.0,,1425408.4666693422,,,legacy_full_window,
E181@l40s,E181,l40s,exact,Inference batching,Should Have,tinyllama,TinyLlama/TinyLlama-1.1B-Chat-v1.0,inference,1,bf16,none,completed,generated_tokens_per_second,394.4775912017219,,98.66271620616317,0.5,0.018026654161642203,394.4775912017219,,51200.0,,1420119.3283261987,,,legacy_full_window,
E187@l40s,E187,l40s,exact,Inference concurrency,Should Have,tinyllama,TinyLlama/TinyLlama-1.1B-Chat-v1.0,inference,1,bf16,none,completed,generated_tokens_per_second,391.8605046176894,,98.54441288812086,0.5,0.018147047296968394,391.8605046176894,,51200.0,,1410697.816623682,,,legacy_full_window,
E181@l40s,E181,l40s,exact,Inference batching,Should Have,tinyllama,TinyLlama/TinyLlama-1.1B-Chat-v1.0,inference,1,bf16,none,completed,generated_tokens_per_second,390.00433771467755,,99.64798123994842,0.5,0.01823341543527527,390.00433771467755,,51200.0,,1404015.6157728392,,,legacy_full_window,
E187@l40s,E187,l40s,exact,Inference concurrency,Should Have,tinyllama,TinyLlama/TinyLlama-1.1B-Chat-v1.0,inference,1,bf16,none,completed,generated_tokens_per_second,385.93907482357974,,101.13952160719782,0.5,0.01842547587170783,385.93907482357974,,51200.0,,1389380.6693648868,,,legacy_full_window,
E187@h100,E187,h100,exact,Inference concurrency,Should Have,tinyllama,TinyLlama/TinyLlama-1.1B-Chat-v1.0,inference,1,bf16,none,completed,generated_tokens_per_second,380.2423270228624,,95.75608760700561,0.5,0.018701524280024587,380.2423270228624,,51200.0,,1368872.3772823047,,12039.500419453834,measured_region,7654802.673629608
E187@h100,E187,h100,exact,Inference concurrency,Should Have,tinyllama,TinyLlama/TinyLlama-1.1B-Chat-v1.0,inference,1,bf16,none,completed,generated_tokens_per_second,376.51002851930025,,95.21218768809922,0.5,0.018886910234707305,376.51002851930025,,51200.0,,1355436.102669481,,12390.744370810606,measured_region,7437809.80722233
E145@l40s,E145,l40s,exact,Inference prompt length,Must Have,gpt2_small,gpt2,inference,1,bf16,none,completed,generated_tokens_per_second,375.8138367242697,,61.34747396968305,0.4,0.009460949034093776,375.8138367242697,,32000.0,,1352929.812207371,,,legacy_full_window,
E181@h100,E181,h100,exact,Inference batching,Should Have,tinyllama,TinyLlama/TinyLlama-1.1B-Chat-v1.0,inference,1,bf16,none,completed,generated_tokens_per_second,375.5057094997279,,93.38454399211332,0.5,0.01893742473472634,375.5057094997279,,51200.0,,1351820.5541990206,,12391.33999508251,measured_region,7437452.288176549
E181@h100,E181,h100,exact,Inference batching,Should Have,tinyllama,TinyLlama/TinyLlama-1.1B-Chat-v1.0,inference,1,bf16,none,completed,generated_tokens_per_second,374.74328625462584,,95.15724516101182,0.5,0.018975953331100755,374.74328625462584,,51200.0,,1349075.8305166531,,12561.672989634808,measured_region,7336602.383778442
E132@l40s,E132,l40s,exact,Inference batching,Must Have,gpt2_small,gpt2,inference,1,bf16,none,completed,generated_tokens_per_second,374.10985014508174,,68.4932529842481,0.4,0.00950404153800466,374.10985014508174,,32000.0,,1346795.4605222943,,,legacy_full_window,
E138@l40s,E138,l40s,exact,Inference concurrency,Must Have,gpt2_small,gpt2,inference,1,bf16,none,completed,generated_tokens_per_second,373.7936255813144,,70.79198256181553,0.4,0.009512081833996086,373.7936255813144,,32000.0,,1345657.052092732,,,legacy_full_window,
E181@h100,E181,h100,exact,Inference batching,Should Have,tinyllama,TinyLlama/TinyLlama-1.1B-Chat-v1.0,inference,1,bf16,none,completed,generated_tokens_per_second,373.7617108254484,,95.02349623083137,0.5,0.019025788102816375,373.7617108254484,,51200.0,,1345542.1589716144,,12322.172271268388,measured_region,7479200.742460767
E187@h100,E187,h100,exact,Inference concurrency,Should Have,tinyllama,TinyLlama/TinyLlama-1.1B-Chat-v1.0,inference,1,bf16,none,completed,generated_tokens_per_second,372.24900857538813,,96.73822354711592,0.5,0.01910310288891196,372.24900857538813,,51200.0,,1340096.4308713973,,12379.80934276709,measured_region,7444379.590049544
E143@l40s,E143,l40s,exact,Inference prompt length,Must Have,gpt2_small,gpt2,inference,1,bf16,none,completed,generated_tokens_per_second,371.645096965018,,65.41738235019147,0.4,0.009567072415569176,371.645096965018,,32000.0,,1337922.349074065,,,legacy_full_window,
E146@l40s,E146,l40s,exact,Inference prompt length,Should Have,gpt2_small,gpt2,inference,1,bf16,none,completed,generated_tokens_per_second,369.9885213077089,,62.32654689019546,0.4,0.009609907742512101,369.9885213077089,,32000.0,,1331958.676707752,,,legacy_full_window,
E130@l40s,E130,l40s,exact,Inference framework,Must Have,gpt2_small,gpt2,inference,1,bf16,none,completed,generated_tokens_per_second,369.9071288976977,,66.29975774604827,0.6,0.009612022255831916,369.9071288976977,,21333.333333333336,,1331665.6640317116,,,legacy_full_window,
E143@l40s,E143,l40s,exact,Inference prompt length,Must Have,gpt2_small,gpt2,inference,1,bf16,none,completed,generated_tokens_per_second,369.527825043481,,66.31328891776502,0.4,0.009621888568573114,369.527825043481,,32000.0,,1330300.1701565315,,,legacy_full_window,
E132@l40s,E132,l40s,exact,Inference batching,Must Have,gpt2_small,gpt2,inference,1,bf16,none,completed,generated_tokens_per_second,369.02238831513574,,68.95366968214512,0.4,0.009635067324205819,369.02238831513574,,32000.0,,1328480.5979344887,,,legacy_full_window,
E145@l40s,E145,l40s,exact,Inference prompt length,Must Have,gpt2_small,gpt2,inference,1,bf16,none,completed,generated_tokens_per_second,369.01185983996885,,63.036361646838486,0.4,0.009635342227476132,369.01185983996885,,32000.0,,1328442.6954238878,,,legacy_full_window,
E130@l40s,E130,l40s,exact,Inference framework,Must Have,gpt2_small,gpt2,inference,1,bf16,none,completed,generated_tokens_per_second,367.94914530614085,,66.02080688998103,0.6,0.009663171122730192,367.94914530614085,,21333.333333333336,,1324616.923102107,,,legacy_full_window,
E144@l40s,E144,l40s,exact,Inference prompt length,Should Have,gpt2_small,gpt2,inference,1,bf16,none,completed,generated_tokens_per_second,367.7819107487772,,65.65057995403185,0.4,0.00966756507495625,367.7819107487772,,32000.0,,1324014.8786955979,,,legacy_full_window,
E138@l40s,E138,l40s,exact,Inference concurrency,Must Have,gpt2_small,gpt2,inference,1,bf16,none,completed,generated_tokens_per_second,366.57596041438813,,72.15364048629999,0.4,0.009699369133579442,366.57596041438813,,32000.0,,1319673.4574917972,,,legacy_full_window,
E138@l40s,E138,l40s,exact,Inference concurrency,Must Have,gpt2_small,gpt2,inference,1,bf16,none,completed,generated_tokens_per_second,366.47968129348124,,71.47748763486743,0.4,0.009701917287764242,366.47968129348124,,32000.0,,1319326.8526565325,,,legacy_full_window,
E130@l40s,E130,l40s,exact,Inference framework,Must Have,gpt2_small,gpt2,inference,1,bf16,none,completed,generated_tokens_per_second,366.24114760817304,,65.87992802774534,0.6,0.009708236168371513,366.24114760817304,,21333.333333333336,,1318468.1313894228,,,legacy_full_window,
E146@l40s,E146,l40s,exact,Inference prompt length,Should Have,gpt2_small,gpt2,inference,1,bf16,none,completed,generated_tokens_per_second,366.21843781381097,,63.67902064602822,0.4,0.00970883819171124,366.21843781381097,,32000.0,,1318386.3761297194,,,legacy_full_window,
E132@l40s,E132,l40s,exact,Inference batching,Must Have,gpt2_small,gpt2,inference,1,bf16,none,completed,generated_tokens_per_second,365.59959983748683,,69.47984492592514,0.4,0.009725272011063579,365.59959983748683,,32000.0,,1316158.5594149528,,,legacy_full_window,
E144@l40s,E144,l40s,exact,Inference prompt length,Should Have,gpt2_small,gpt2,inference,1,bf16,none,completed,generated_tokens_per_second,365.1844571050866,,65.91011938080192,0.4,0.009736327728023752,365.1844571050866,,32000.0,,1314664.045578312,,,legacy_full_window,
E143@l40s,E143,l40s,exact,Inference prompt length,Must Have,gpt2_small,gpt2,inference,1,bf16,none,completed,generated_tokens_per_second,364.9949080392669,,67.72234222199768,0.4,0.009741383995343413,364.9949080392669,,32000.0,,1313981.668941361,,,legacy_full_window,
E145@l40s,E145,l40s,exact,Inference prompt length,Must Have,gpt2_small,gpt2,inference,1,bf16,none,completed,generated_tokens_per_second,364.52624132723287,,67.24219608586282,0.4,0.009753908367775795,364.52624132723287,,32000.0,,1312294.4687780384,,,legacy_full_window,
E144@l40s,E144,l40s,exact,Inference prompt length,Should Have,gpt2_small,gpt2,inference,1,bf16,none,completed,generated_tokens_per_second,364.2771616634544,,66.00577400717884,0.4,0.00976057774063924,364.2771616634544,,32000.0,,1311397.7819884361,,,legacy_full_window,
E146@h100,E146,h100,exact,Inference prompt length,Should Have,gpt2_small,gpt2,inference,1,bf16,none,completed,generated_tokens_per_second,360.64534839764514,,62.27236692211591,0.4,0.00985886986024626,360.64534839764514,,32000.0,,1298323.2542315226,,4853.852569663961,measured_region,9493489.828676479
E146@l40s,E146,l40s,exact,Inference prompt length,Should Have,gpt2_small,gpt2,inference,1,bf16,none,completed,generated_tokens_per_second,360.3116869392326,,63.58076192764565,0.4,0.00986799952496464,360.3116869392326,,32000.0,,1297122.0729812374,,,legacy_full_window,
E143@h100,E143,h100,exact,Inference prompt length,Must Have,gpt2_small,gpt2,inference,1,bf16,none,completed,generated_tokens_per_second,359.43494436777183,,58.4011089138221,0.4,0.009892069792517253,359.43494436777183,,32000.0,,1293965.7997239789,,4796.466584055182,measured_region,9607072.037816968
E138@h100,E138,h100,exact,Inference concurrency,Must Have,gpt2_small,gpt2,inference,1,bf16,none,completed,generated_tokens_per_second,359.32199357658953,,65.2282464702148,0.4,0.009895179307463371,359.32199357658953,,32000.0,,1293559.1768757224,,4588.924215177605,measured_region,10041569.18686803
E130@h100,E130,h100,exact,Inference framework,Must Have,gpt2_small,gpt2,inference,1,bf16,none,completed,generated_tokens_per_second,359.2401245165226,,63.47632619203068,0.6,0.009897434370230055,359.2401245165226,,21333.333333333336,,1293264.4482594815,,4798.192039862017,measured_region,9603617.282755764
E132@h100,E132,h100,exact,Inference batching,Must Have,gpt2_small,gpt2,inference,1,bf16,none,completed,generated_tokens_per_second,358.8676397539717,,62.53237859415822,0.4,0.0099077073597194,358.8676397539717,,32000.0,,1291923.503114298,,4764.2070625848755,measured_region,9672123.691239977
E144@h100,E144,h100,exact,Inference prompt length,Should Have,gpt2_small,gpt2,inference,1,bf16,none,completed,generated_tokens_per_second,358.7333242477002,,62.554257943993434,0.4,0.009911416964152724,358.7333242477002,,32000.0,,1291439.9672917207,,4821.5264228134765,measured_region,9557139.370214468
E130@h100,E130,h100,exact,Inference framework,Must Have,gpt2_small,gpt2,inference,1,bf16,none,completed,generated_tokens_per_second,357.22281492975213,,62.972798329079524,0.6,0.009953327186716099,357.22281492975213,,21333.333333333336,,1286002.1337471078,,4612.454830117357,measured_region,9990341.737141209
E132@h100,E132,h100,exact,Inference batching,Must Have,gpt2_small,gpt2,inference,1,bf16,none,completed,generated_tokens_per_second,356.99432733245783,,63.085665482794866,0.4,0.009959697629156937,356.99432733245783,,32000.0,,1285179.5783968482,,4780.326351522953,measured_region,9639509.2325275
E146@h100,E146,h100,exact,Inference prompt length,Should Have,gpt2_small,gpt2,inference,1,bf16,none,completed,generated_tokens_per_second,355.9286944296601,,62.77802152908407,0.4,0.0099895164711375,355.9286944296601,,32000.0,,1281343.2999467764,,4856.035291120834,measured_region,9489222.63482236
E144@h100,E144,h100,exact,Inference prompt length,Should Have,gpt2_small,gpt2,inference,1,bf16,none,completed,generated_tokens_per_second,355.23137503397174,,63.822333980118856,0.4,0.010009125897777266,355.23137503397174,,32000.0,,1278832.9501222984,,4810.452563508603,measured_region,9579140.29743401
E145@h100,E145,h100,exact,Inference prompt length,Must Have,gpt2_small,gpt2,inference,1,bf16,none,completed,generated_tokens_per_second,353.5311026883441,,67.31563704181463,0.4,0.01005726378391652,353.5311026883441,,32000.0,,1272711.9696780387,,4865.854625440923,measured_region,9470073.30615111
E130@h100,E130,h100,exact,Inference framework,Must Have,gpt2_small,gpt2,inference,1,bf16,none,completed,generated_tokens_per_second,353.2179187299271,,63.741870544850826,0.6,0.010066181150549608,353.2179187299271,,21333.333333333336,,1271584.5074277376,,4823.769386280306,measured_region,9552695.477329422
E146@h100,E146,h100,exact,Inference prompt length,Should Have,gpt2_small,gpt2,inference,1,bf16,none,completed,generated_tokens_per_second,352.9127906495196,,62.72354439110495,0.4,0.010074884361690946,352.9127906495196,,32000.0,,1270486.0463382707,,4865.740886356036,measured_region,9470294.673769489
E138@h100,E138,h100,exact,Inference concurrency,Must Have,gpt2_small,gpt2,inference,1,bf16,none,completed,generated_tokens_per_second,352.8119850185067,,65.11974917701446,0.4,0.010077762963095059,352.8119850185067,,32000.0,,1270123.146066624,,4807.312354749795,measured_region,9585397.535999782
E145@h100,E145,h100,exact,Inference prompt length,Must Have,gpt2_small,gpt2,inference,1,bf16,none,completed,generated_tokens_per_second,352.78527010305316,,68.08492793398909,0.4,0.010078526108862004,352.78527010305316,,32000.0,,1270026.9723709915,,4872.367183845053,measured_region,9457415.309910148
E143@h100,E143,h100,exact,Inference prompt length,Must Have,gpt2_small,gpt2,inference,1,bf16,none,completed,generated_tokens_per_second,352.50696810465877,,62.65760069899261,0.4,0.010086483040811597,352.50696810465877,,32000.0,,1269025.0851767717,,4795.70134160105,measured_region,9608605.023059284
E144@h100,E144,h100,exact,Inference prompt length,Should Have,gpt2_small,gpt2,inference,1,bf16,none,completed,generated_tokens_per_second,351.7592299264394,,63.99873574706726,0.4,0.010107923980556531,351.7592299264394,,32000.0,,1266333.2277351818,,4824.965641806843,measured_region,9550327.073985972
E145@h100,E145,h100,exact,Inference prompt length,Must Have,gpt2_small,gpt2,inference,1,bf16,none,completed,generated_tokens_per_second,351.65678391400263,,67.81457506911829,0.4,0.010110868660008742,351.65678391400263,,32000.0,,1265964.4220904093,,4932.54039676568,measured_region,9342042.090565573
E138@h100,E138,h100,exact,Inference concurrency,Must Have,gpt2_small,gpt2,inference,1,bf16,none,completed,generated_tokens_per_second,351.05127681973624,,65.64860012521967,0.4,0.010128308285234703,351.05127681973624,,32000.0,,1263784.5965510504,,4811.468063339594,measured_region,9577118.541241303
E143@h100,E143,h100,exact,Inference prompt length,Must Have,gpt2_small,gpt2,inference,1,bf16,none,completed,generated_tokens_per_second,349.9806141409071,,63.83084266399965,0.4,0.010159292863358536,349.9806141409071,,32000.0,,1259930.2109072658,,4897.931293551079,measured_region,9408053.571652139
E132@h100,E132,h100,exact,Inference batching,Must Have,gpt2_small,gpt2,inference,1,bf16,none,completed,generated_tokens_per_second,348.1028644891539,,64.37730809301138,0.4,0.010214094505580659,348.1028644891539,,32000.0,,1253170.312160954,,4739.822031591934,measured_region,9721884.005953575
E088@l40s,E088,l40s,exact,Precision study,Must Have,gpt2_small,gpt2,inference,1,bf16,none,completed,generated_tokens_per_second,301.0508529272997,,54.856406934093684,0.5,0.011810481588019886,301.0508529272997,,25600.0,,1083783.070538279,,,legacy_full_window,
E010@l40s,E010,l40s,exact,Baseline profiling,Must Have,gpt2_small,gpt2,inference,1,bf16,none,completed,generated_tokens_per_second,297.38423983399184,,51.82324873190373,0.5,0.01195609948106317,297.38423983399184,,25600.0,,1070583.2634023707,,,legacy_full_window,
E023@l40s,E023,l40s,exact,Workload characterisation,Should Have,gpt2_small,gpt2,inference,1,bf16,none,completed,generated_tokens_per_second,297.2325405659023,,52.89919607201591,0.5,0.011962201543566253,297.2325405659023,,25600.0,,1070037.1460372482,,,legacy_full_window,
E149@l40s,E149,l40s,exact,Inference precision/quantization,Must Have,gpt2_small,gpt2,inference,1,fp16,none,completed,generated_tokens_per_second,296.48882176686556,,59.710306719876826,0.5,0.011992207781618669,296.48882176686556,,25600.0,,1067359.758360716,,,legacy_full_window,
E129@l40s,E129,l40s,exact,Inference framework,Must Have,gpt2_small,gpt2,inference,1,bf16,none,completed,generated_tokens_per_second,296.03613751580684,,59.73025022726506,0.6,0.012010545690104159,296.03613751580684,,21333.333333333336,,1065730.0950569045,,,legacy_full_window,
E023@l40s,E023,l40s,exact,Workload characterisation,Should Have,gpt2_small,gpt2,inference,1,bf16,none,completed,generated_tokens_per_second,294.81700526124104,,52.04826828697696,0.5,0.012060211901294275,294.81700526124104,,25600.0,,1061341.2189404676,,,legacy_full_window,
E088@l40s,E088,l40s,exact,Precision study,Must Have,gpt2_small,gpt2,inference,1,bf16,none,completed,generated_tokens_per_second,294.44841088304435,,54.53341867402196,0.5,0.012075309032548425,294.44841088304435,,25600.0,,1060014.2791789598,,,legacy_full_window,
E010@h100,E010,h100,exact,Baseline profiling,Must Have,gpt2_small,gpt2,inference,1,bf16,none,completed,generated_tokens_per_second,294.14451127929846,,53.16192334191874,0.5,0.012087784810573795,294.14451127929846,,25600.0,,1058920.2406054742,,6187.290292367498,measured_region,7447525.139856981
E087@l40s,E087,l40s,exact,Precision study,Must Have,gpt2_small,gpt2,inference,1,fp16,none,completed,generated_tokens_per_second,293.8777749287565,,56.82849360490218,0.5,0.01209875621393116,293.8777749287565,,25600.0,,1057959.9897435235,,,legacy_full_window,
E129@l40s,E129,l40s,exact,Inference framework,Must Have,gpt2_small,gpt2,inference,1,bf16,none,completed,generated_tokens_per_second,293.669577042746,,60.097320071421564,0.6,0.012107333661729678,293.669577042746,,21333.333333333336,,1057210.4773538855,,,legacy_full_window,
E212@l40s,E212,l40s,platform_specific,Telemetry revalidation,Supplemental,gpt2_small,gpt2,inference,1,bf16,none,completed,generated_tokens_per_second,293.4592093535697,,57.46667467197403,0.6,0.012116012863892441,293.4592093535697,,21333.333333333336,,1056453.153672851,,,legacy_full_window,
E010@h100,E010,h100,exact,Baseline profiling,Must Have,gpt2_small,gpt2,inference,1,bf16,none,completed,generated_tokens_per_second,293.04414322321975,,54.34778402000666,0.5,0.012133173918603765,293.04414322321975,,25600.0,,1054958.915603591,,6039.689112453657,measured_region,7629531.775896284
E011@h100,E011,h100,exact,Baseline profiling,Must Have,gpt2_small,gpt2,inference,1,bf16,none,completed,generated_tokens_per_second,292.822194376762,,53.31312918802723,0.4,0.01214237043446499,292.822194376762,,32000.0,,1054159.8997563433,,6180.695279116606,measured_region,7455471.903896566
E124@l40s,E124,l40s,exact,Hardware comparison,Should Have,gpt2_small,gpt2,inference,1,bf16,none,completed,generated_tokens_per_second,292.701944744184,,59.44710350269452,0.5,0.012147358838572271,292.701944744184,,25600.0,,1053727.0010790622,,,legacy_full_window,
E011@l40s,E011,l40s,exact,Baseline profiling,Must Have,gpt2_small,gpt2,inference,1,bf16,none,completed,generated_tokens_per_second,292.59041862579096,,52.98525715991855,0.4,0.01215198902361509,292.59041862579096,,32000.0,,1053325.5070528474,,,legacy_full_window,
E088@l40s,E088,l40s,exact,Precision study,Must Have,gpt2_small,gpt2,inference,1,bf16,none,completed,generated_tokens_per_second,291.7409762347445,,54.38940394902602,0.5,0.012187371144924934,291.7409762347445,,25600.0,,1050267.51444508,,,legacy_full_window,
E023@l40s,E023,l40s,exact,Workload characterisation,Should Have,gpt2_small,gpt2,inference,1,bf16,none,completed,generated_tokens_per_second,291.43513298557826,,53.280553543008864,0.5,0.012200161041433198,291.43513298557826,,25600.0,,1049166.478748082,,,legacy_full_window,
E011@h100,E011,h100,exact,Baseline profiling,Must Have,gpt2_small,gpt2,inference,1,bf16,none,completed,generated_tokens_per_second,291.4056157463648,,54.03403944300953,0.4,0.012201396827747683,291.4056157463648,,32000.0,,1049060.2166869133,,6074.171284796286,measured_region,7586220.051999311
E147@l40s,E147,l40s,exact,Inference multi-GPU,Should Have,gpt2_small,gpt2,inference,2,bf16,none,completed,generated_tokens_per_second,291.35261295950437,,79.42100797500461,0.8,0.02440723300497565,145.67630647975218,,16000.0,,524434.7033271078,,,legacy_full_window,
E010@h100,E010,h100,exact,Baseline profiling,Must Have,gpt2_small,gpt2,inference,1,bf16,none,completed,generated_tokens_per_second,290.9763305196207,,53.83289425307885,0.5,0.012219397877504687,290.9763305196207,,25600.0,,1047514.7898706346,,6103.944156790033,measured_region,7549217.164567367
E150@l40s,E150,l40s,exact,Inference precision/quantization,Must Have,gpt2_small,gpt2,inference,1,bf16,none,completed,generated_tokens_per_second,290.6860479934176,,60.878721001558006,0.5,0.012231600312774794,290.6860479934176,,25600.0,,1046469.7727763033,,,legacy_full_window,
E011@l40s,E011,l40s,exact,Baseline profiling,Must Have,gpt2_small,gpt2,inference,1,bf16,none,completed,generated_tokens_per_second,290.545617627816,,52.91918157413602,0.4,0.012237512252241787,290.545617627816,,32000.0,,1045964.2234601376,,,legacy_full_window,
E023@h100,E023,h100,exact,Workload characterisation,Should Have,gpt2_small,gpt2,inference,1,bf16,none,completed,generated_tokens_per_second,290.0243339225289,,55.00948874896858,0.5,0.012259507702223749,290.0243339225289,,25600.0,,1044087.602121104,,6224.640859790272,measured_region,7402836.731941605
E147@l40s,E147,l40s,exact,Inference multi-GPU,Should Have,gpt2_small,gpt2,inference,2,bf16,none,completed,generated_tokens_per_second,289.89419586753684,,75.4272245769389,0.8,0.024530022375337364,144.94709793376842,,16000.0,,521809.5525615663,,,legacy_full_window,
E087@l40s,E087,l40s,exact,Precision study,Must Have,gpt2_small,gpt2,inference,1,fp16,none,completed,generated_tokens_per_second,289.877464381769,,53.588667563628405,0.5,0.012265719113897325,289.877464381769,,25600.0,,1043558.8717743686,,,legacy_full_window,
E150@l40s,E150,l40s,exact,Inference precision/quantization,Must Have,gpt2_small,gpt2,inference,1,bf16,none,completed,generated_tokens_per_second,289.5924759868016,,57.20813261484727,0.5,0.012277789826685977,289.5924759868016,,25600.0,,1042532.9135524856,,,legacy_full_window,
E124@l40s,E124,l40s,exact,Hardware comparison,Should Have,gpt2_small,gpt2,inference,1,bf16,none,completed,generated_tokens_per_second,289.29725482287483,,60.101404135115445,0.5,0.012290319027508505,289.29725482287483,,25600.0,,1041470.1173623495,,,legacy_full_window,
E023@h100,E023,h100,exact,Workload characterisation,Should Have,gpt2_small,gpt2,inference,1,bf16,none,completed,generated_tokens_per_second,289.1150089518852,,55.32932029501535,0.5,0.012298066324696669,289.1150089518852,,25600.0,,1040814.0322267868,,6077.999407276719,measured_region,7581442.0029116785
E023@h100,E023,h100,exact,Workload characterisation,Should Have,gpt2_small,gpt2,inference,1,bf16,none,completed,generated_tokens_per_second,288.63986521135246,,55.259808591916226,0.5,0.01231831075361697,288.63986521135246,,25600.0,,1039103.5147608689,,6323.74399143519,measured_region,7286822.499837162
E150@l40s,E150,l40s,exact,Inference precision/quantization,Must Have,gpt2_small,gpt2,inference,1,bf16,none,completed,generated_tokens_per_second,288.5156261298034,,57.43249744689092,0.5,0.012323615199808652,288.5156261298034,,25600.0,,1038656.2540672923,,,legacy_full_window,
E011@h100,E011,h100,exact,Baseline profiling,Must Have,gpt2_small,gpt2,inference,1,bf16,none,completed,generated_tokens_per_second,288.5078112502585,,54.02083048806526,0.4,0.012323949012497906,288.5078112502585,,32000.0,,1038628.1205009306,,6268.918957711555,measured_region,7350549.641946771
E149@l40s,E149,l40s,exact,Inference precision/quantization,Must Have,gpt2_small,gpt2,inference,1,fp16,none,completed,generated_tokens_per_second,288.3155272364413,,61.16115383291617,0.5,0.012332168127177284,288.3155272364413,,25600.0,,1037935.8980511887,,,legacy_full_window,
E212@l40s,E212,l40s,platform_specific,Telemetry revalidation,Supplemental,gpt2_small,gpt2,inference,1,bf16,none,completed,generated_tokens_per_second,287.2466514172446,,55.42890665307641,0.6,0.012378057456937515,287.2466514172446,,21333.333333333336,,1034087.9451020806,,,legacy_full_window,
E129@l40s,E129,l40s,exact,Inference framework,Must Have,gpt2_small,gpt2,inference,1,bf16,none,completed,generated_tokens_per_second,286.94927843132035,,61.173263740725815,0.6,0.012390885159192193,286.94927843132035,,21333.333333333336,,1033017.4023527532,,,legacy_full_window,
E147@l40s,E147,l40s,exact,Inference multi-GPU,Should Have,gpt2_small,gpt2,inference,2,bf16,none,completed,generated_tokens_per_second,286.75115466916486,,77.75568484095857,0.8,0.024798892682107786,143.37557733458243,,16000.0,,516152.0784044968,,,legacy_full_window,
E010@l40s,E010,l40s,exact,Baseline profiling,Must Have,gpt2_small,gpt2,inference,1,bf16,none,completed,generated_tokens_per_second,286.6718284955401,,53.829394986853,0.5,0.012402877444272034,286.6718284955401,,25600.0,,1032018.5825839444,,,legacy_full_window,
E212@l40s,E212,l40s,platform_specific,Telemetry revalidation,Supplemental,gpt2_small,gpt2,inference,1,bf16,none,completed,generated_tokens_per_second,286.1147684133152,,55.42883194889873,0.6,0.012427025613788929,286.1147684133152,,21333.333333333336,,1030013.1662879348,,,legacy_full_window,
E011@l40s,E011,l40s,exact,Baseline profiling,Must Have,gpt2_small,gpt2,inference,1,bf16,none,completed,generated_tokens_per_second,284.3855256419334,,53.12302210601047,0.4,0.012502589741618268,284.3855256419334,,32000.0,,1023787.8923109602,,,legacy_full_window,
E124@l40s,E124,l40s,exact,Hardware comparison,Should Have,gpt2_small,gpt2,inference,1,bf16,none,completed,generated_tokens_per_second,284.3642510404997,,60.73545234370977,0.5,0.012503525118033092,284.3642510404997,,25600.0,,1023711.3037457989,,,legacy_full_window,
E010@l40s,E010,l40s,exact,Baseline profiling,Must Have,gpt2_small,gpt2,inference,1,bf16,none,completed,generated_tokens_per_second,283.89543222689326,,53.880778399296105,0.5,0.012524173170612711,283.89543222689326,,25600.0,,1022023.5560168157,,,legacy_full_window,
E149@l40s,E149,l40s,exact,Inference precision/quantization,Must Have,gpt2_small,gpt2,inference,1,fp16,none,completed,generated_tokens_per_second,282.55187458460614,,62.376611820887774,0.5,0.01258372665473467,282.55187458460614,,25600.0,,1017186.7485045821,,,legacy_full_window,
E087@l40s,E087,l40s,exact,Precision study,Must Have,gpt2_small,gpt2,inference,1,fp16,none,completed,generated_tokens_per_second,280.0698409240681,,55.75314534083009,0.5,0.012695246099416788,280.0698409240681,,25600.0,,1008251.4273266451,,,legacy_full_window,
E006@l40s,E006,l40s,platform_specific,Environment validation,Must Have,environment_validation,all,inference,1,bf16,none,completed,generated_tokens_per_second,255.82304415539363,,31.649187362287194,0.5,2.1716399997886686e-06,255.82304415539363,,4.0,,920962.9589594171,,,legacy_full_window,
E006@h100,E006,h100,platform_specific,Environment validation,Must Have,environment_validation,all,inference,1,bf16,none,completed,generated_tokens_per_second,245.24840703665578,,21.432914161821827,0.5,2.265276917670336e-06,245.24840703665578,,4.0,,882894.2653319607,,,full_window,
E180@h100,E180,h100,exact,Inference batching,Must Have,tinyllama,TinyLlama/TinyLlama-1.1B-Chat-v1.0,inference,1,bf16,none,completed,generated_tokens_per_second,223.5251879635766,,84.4934567110613,0.5,0.01590673332141402,223.5251879635766,,25600.0,,804690.6766688757,,11738.150449686995,measured_region,3925661.0483492953
E192@h100,E192,h100,exact,Inference prompt length,Should Have,tinyllama,TinyLlama/TinyLlama-1.1B-Chat-v1.0,inference,1,bf16,none,completed,generated_tokens_per_second,223.33228097534672,,85.62069650692865,0.5,0.015920473028026107,223.33228097534672,,25600.0,,803996.2115112483,,11973.76469079571,measured_region,3848413.693599801
E191@h100,E191,h100,exact,Inference prompt length,Must Have,tinyllama,TinyLlama/TinyLlama-1.1B-Chat-v1.0,inference,1,bf16,none,completed,generated_tokens_per_second,222.83557604965256,,84.43175574787892,0.5,0.015955960078669403,222.83557604965256,,25600.0,,802208.0737787491,,11783.095516877418,measured_region,3910687.130898472
E186@h100,E186,h100,exact,Inference concurrency,Must Have,tinyllama,TinyLlama/TinyLlama-1.1B-Chat-v1.0,inference,1,bf16,none,completed,generated_tokens_per_second,222.5618161602649,,84.10984878707677,0.5,0.01597558654443775,222.5618161602649,,25600.0,,801222.5381769536,,11784.915883875257,measured_region,3910083.0633037514
E193@h100,E193,h100,exact,Inference prompt length,Must Have,tinyllama,TinyLlama/TinyLlama-1.1B-Chat-v1.0,inference,1,bf16,none,completed,generated_tokens_per_second,222.28849584661293,,86.00118569796905,0.5,0.015995229721690218,222.28849584661293,,25600.0,,800238.5850478065,,11785.721791349597,measured_region,3909815.6918841815
E194@h100,E194,h100,exact,Inference prompt length,Should Have,tinyllama,TinyLlama/TinyLlama-1.1B-Chat-v1.0,inference,1,bf16,none,completed,generated_tokens_per_second,222.27746362101308,,84.78859040606767,0.5,0.015996023607763667,222.27746362101308,,25600.0,,800198.8690356473,,11970.784842416278,measured_region,3849371.6666532992
E178@h100,E178,h100,exact,Inference framework,Must Have,tinyllama,TinyLlama/TinyLlama-1.1B-Chat-v1.0,inference,1,bf16,none,completed,generated_tokens_per_second,221.99028636638297,,82.7009390972089,0.8,0.016016716829164782,221.99028636638297,,16000.0,,799165.0309189787,,11384.475404374176,measured_region,4047617.335296364
E192@h100,E192,h100,exact,Inference prompt length,Should Have,tinyllama,TinyLlama/TinyLlama-1.1B-Chat-v1.0,inference,1,bf16,none,completed,generated_tokens_per_second,221.9225435251958,,85.39783340902068,0.5,0.016021606003050692,221.9225435251958,,25600.0,,798921.1566907049,,11808.078991820004,measured_region,3902412.9184706267
E193@h100,E193,h100,exact,Inference prompt length,Must Have,tinyllama,TinyLlama/TinyLlama-1.1B-Chat-v1.0,inference,1,bf16,none,completed,generated_tokens_per_second,221.74242260561536,,86.23499708482996,0.5,0.01603462032107119,221.74242260561536,,25600.0,,798272.7213802153,,11923.962220229574,measured_region,3864487.2525529363
E178@h100,E178,h100,exact,Inference framework,Must Have,tinyllama,TinyLlama/TinyLlama-1.1B-Chat-v1.0,inference,1,bf16,none,completed,generated_tokens_per_second,221.51427788016795,,86.78199021681212,0.8,0.016051134895598,221.51427788016795,,16000.0,,797451.4003686046,,11577.337065656542,measured_region,3980189.8950228794
E180@h100,E180,h100,exact,Inference batching,Must Have,tinyllama,TinyLlama/TinyLlama-1.1B-Chat-v1.0,inference,1,bf16,none,completed,generated_tokens_per_second,221.33145552688381,,82.96585213113576,0.5,0.01606439331947412,221.33145552688381,,25600.0,,796793.2398967817,,11382.532020498702,measured_region,4048308.4007156696
E178@h100,E178,h100,exact,Inference framework,Must Have,tinyllama,TinyLlama/TinyLlama-1.1B-Chat-v1.0,inference,1,bf16,none,completed,generated_tokens_per_second,220.47873713838473,,82.86042215186171,0.8,0.01612652358999993,220.47873713838473,,16000.0,,793723.453698185,,11786.614714772531,measured_region,3909519.4943673266
E194@h100,E194,h100,exact,Inference prompt length,Should Have,tinyllama,TinyLlama/TinyLlama-1.1B-Chat-v1.0,inference,1,bf16,none,completed,generated_tokens_per_second,220.467531781689,,85.72649381821975,0.5,0.016127343227465948,220.467531781689,,25600.0,,793683.1144140804,,11838.269472440092,measured_region,3892460.811715417
E192@h100,E192,h100,exact,Inference prompt length,Should Have,tinyllama,TinyLlama/TinyLlama-1.1B-Chat-v1.0,inference,1,bf16,none,completed,generated_tokens_per_second,220.3899162031632,,86.41542967688292,0.5,0.01613302285698915,220.3899162031632,,25600.0,,793403.6983313876,,11786.050204843958,measured_region,3909706.746460451
E186@h100,E186,h100,exact,Inference concurrency,Must Have,tinyllama,TinyLlama/TinyLlama-1.1B-Chat-v1.0,inference,1,bf16,none,completed,generated_tokens_per_second,220.3712305189538,,84.67099271994084,0.5,0.01613439080583501,220.3712305189538,,25600.0,,793336.4298682337,,11637.704389224731,measured_region,3959543.7776083355
E194@h100,E194,h100,exact,Inference prompt length,Should Have,tinyllama,TinyLlama/TinyLlama-1.1B-Chat-v1.0,inference,1,bf16,none,completed,generated_tokens_per_second,220.30756205896407,,85.54020431707613,0.5,0.016139053613620086,220.30756205896407,,25600.0,,793107.2234122707,,12018.471190558474,measured_region,3834098.3033016496
E193@h100,E193,h100,exact,Inference prompt length,Must Have,tinyllama,TinyLlama/TinyLlama-1.1B-Chat-v1.0,inference,1,bf16,none,completed,generated_tokens_per_second,219.20914086584483,,86.2481274199672,0.5,0.016219923774672983,219.20914086584483,,25600.0,,789152.9071170414,,12137.968430924833,measured_region,3796351.9399670255
E186@h100,E186,h100,exact,Inference concurrency,Must Have,tinyllama,TinyLlama/TinyLlama-1.1B-Chat-v1.0,inference,1,bf16,none,completed,generated_tokens_per_second,218.96035601474279,,84.74714462994598,0.5,0.016238353007227285,218.96035601474279,,25600.0,,788257.2816530741,,11594.267176255353,measured_region,3974377.9662392293
E191@h100,E191,h100,exact,Inference prompt length,Must Have,tinyllama,TinyLlama/TinyLlama-1.1B-Chat-v1.0,inference,1,bf16,none,completed,generated_tokens_per_second,218.44101601398597,,86.18452908587642,0.5,0.0162769594302194,218.44101601398597,,25600.0,,786387.6576503494,,11942.585753902129,measured_region,3858460.8852353254
E191@h100,E191,h100,exact,Inference prompt length,Must Have,tinyllama,TinyLlama/TinyLlama-1.1B-Chat-v1.0,inference,1,bf16,none,completed,generated_tokens_per_second,218.15462053613408,,86.49490054906346,0.5,0.01629832797864866,218.15462053613408,,25600.0,,785356.6339300827,,11732.258584779733,measured_region,3927632.4901140193
E180@h100,E180,h100,exact,Inference batching,Must Have,tinyllama,TinyLlama/TinyLlama-1.1B-Chat-v1.0,inference,1,bf16,none,completed,generated_tokens_per_second,216.91811744180916,,86.4485787069425,0.5,0.01639123369448094,216.91811744180916,,25600.0,,780905.222790513,,11735.773664807488,measured_region,3926456.091955987
E191@l40s,E191,l40s,exact,Inference prompt length,Must Have,tinyllama,TinyLlama/TinyLlama-1.1B-Chat-v1.0,inference,1,bf16,none,completed,generated_tokens_per_second,214.60000712907933,,89.15534493327141,0.5,0.016568291879957543,214.60000712907933,,25600.0,,772560.0256646855,,,legacy_full_window,
E186@l40s,E186,l40s,exact,Inference concurrency,Must Have,tinyllama,TinyLlama/TinyLlama-1.1B-Chat-v1.0,inference,1,bf16,none,completed,generated_tokens_per_second,214.18748654186837,,101.05075662210584,0.5,0.016600202061106555,214.18748654186837,,25600.0,,771074.9515507261,,,legacy_full_window,
E180@l40s,E180,l40s,exact,Inference batching,Must Have,tinyllama,TinyLlama/TinyLlama-1.1B-Chat-v1.0,inference,1,bf16,none,completed,generated_tokens_per_second,213.66834818215105,,92.80993380909786,0.5,0.016640534668824532,213.66834818215105,,25600.0,,769206.0534557437,,,legacy_full_window,
E178@l40s,E178,l40s,exact,Inference framework,Must Have,tinyllama,TinyLlama/TinyLlama-1.1B-Chat-v1.0,inference,1,bf16,none,completed,generated_tokens_per_second,213.5416579907101,,95.50903561292216,0.8,0.016650407180552267,213.5416579907101,,16000.0,,768749.9687665564,,,legacy_full_window,
E178@l40s,E178,l40s,exact,Inference framework,Must Have,tinyllama,TinyLlama/TinyLlama-1.1B-Chat-v1.0,inference,1,bf16,none,completed,generated_tokens_per_second,211.8349104825518,,96.0273687238805,0.8,0.016784559010864338,211.8349104825518,,16000.0,,762605.6777371865,,,legacy_full_window,
E191@l40s,E191,l40s,exact,Inference prompt length,Must Have,tinyllama,TinyLlama/TinyLlama-1.1B-Chat-v1.0,inference,1,bf16,none,completed,generated_tokens_per_second,211.03733316818833,,88.96548268292099,0.5,0.01684799320659497,211.03733316818833,,25600.0,,759734.3994054779,,,legacy_full_window,
E180@l40s,E180,l40s,exact,Inference batching,Must Have,tinyllama,TinyLlama/TinyLlama-1.1B-Chat-v1.0,inference,1,bf16,none,completed,generated_tokens_per_second,210.85707817882343,,95.75721022393554,0.5,0.016862396018501993,210.85707817882343,,25600.0,,759085.4814437643,,,legacy_full_window,
E193@l40s,E193,l40s,exact,Inference prompt length,Must Have,tinyllama,TinyLlama/TinyLlama-1.1B-Chat-v1.0,inference,1,bf16,none,completed,generated_tokens_per_second,209.946139213842,,88.88274384569377,0.5,0.01693556056267375,209.946139213842,,25600.0,,755806.1011698312,,,legacy_full_window,
E193@l40s,E193,l40s,exact,Inference prompt length,Must Have,tinyllama,TinyLlama/TinyLlama-1.1B-Chat-v1.0,inference,1,bf16,none,completed,generated_tokens_per_second,209.37191924699385,,89.18392673321068,0.5,0.016982007751293066,209.37191924699385,,25600.0,,753738.9092891779,,,legacy_full_window,
E186@l40s,E186,l40s,exact,Inference concurrency,Must Have,tinyllama,TinyLlama/TinyLlama-1.1B-Chat-v1.0,inference,1,bf16,none,completed,generated_tokens_per_second,209.06744883962378,,101.05556522635743,0.5,0.01700673909443948,209.06744883962378,,25600.0,,752642.8158226456,,,legacy_full_window,
E180@l40s,E180,l40s,exact,Inference batching,Must Have,tinyllama,TinyLlama/TinyLlama-1.1B-Chat-v1.0,inference,1,bf16,none,completed,generated_tokens_per_second,208.50864834502758,,95.76814779778942,0.5,0.01705231693637971,208.50864834502758,,25600.0,,750631.1340420994,,,legacy_full_window,
E194@l40s,E194,l40s,exact,Inference prompt length,Should Have,tinyllama,TinyLlama/TinyLlama-1.1B-Chat-v1.0,inference,1,bf16,none,completed,generated_tokens_per_second,207.88574902320258,,102.37768065091223,0.5,0.01710341171659012,207.88574902320258,,25600.0,,748388.6964835292,,,legacy_full_window,
E178@l40s,E178,l40s,exact,Inference framework,Must Have,tinyllama,TinyLlama/TinyLlama-1.1B-Chat-v1.0,inference,1,bf16,none,completed,generated_tokens_per_second,207.10758596045068,,97.44940479984507,0.8,0.017167674177973012,207.10758596045068,,16000.0,,745587.3094576226,,,legacy_full_window,
E191@l40s,E191,l40s,exact,Inference prompt length,Must Have,tinyllama,TinyLlama/TinyLlama-1.1B-Chat-v1.0,inference,1,bf16,none,completed,generated_tokens_per_second,206.9167174970547,,89.63218705030158,0.5,0.017183510344475506,206.9167174970547,,25600.0,,744900.182989397,,,legacy_full_window,
E194@l40s,E194,l40s,exact,Inference prompt length,Should Have,tinyllama,TinyLlama/TinyLlama-1.1B-Chat-v1.0,inference,1,bf16,none,completed,generated_tokens_per_second,206.49446209669242,,94.77772438386455,0.5,0.017218648478285307,206.49446209669242,,25600.0,,743380.0635480926,,,legacy_full_window,
E186@l40s,E186,l40s,exact,Inference concurrency,Must Have,tinyllama,TinyLlama/TinyLlama-1.1B-Chat-v1.0,inference,1,bf16,none,completed,generated_tokens_per_second,204.6055537382481,,101.70515120821074,0.5,0.01737761018991781,204.6055537382481,,25600.0,,736579.993457693,,,legacy_full_window,
E193@l40s,E193,l40s,exact,Inference prompt length,Must Have,tinyllama,TinyLlama/TinyLlama-1.1B-Chat-v1.0,inference,1,bf16,none,completed,generated_tokens_per_second,204.04927835499194,,89.19225818291306,0.5,0.017424984710653207,204.04927835499194,,25600.0,,734577.4020779711,,,legacy_full_window,
E192@l40s,E192,l40s,exact,Inference prompt length,Should Have,tinyllama,TinyLlama/TinyLlama-1.1B-Chat-v1.0,inference,1,bf16,none,completed,generated_tokens_per_second,203.39816999446808,,94.05385068897158,0.5,0.01748076472690122,203.39816999446808,,25600.0,,732233.4119800851,,,legacy_full_window,
E192@l40s,E192,l40s,exact,Inference prompt length,Should Have,tinyllama,TinyLlama/TinyLlama-1.1B-Chat-v1.0,inference,1,bf16,none,completed,generated_tokens_per_second,202.15974302801118,,91.04295143997297,0.5,0.017587851578654307,202.15974302801118,,25600.0,,727775.0749008403,,,legacy_full_window,
E192@l40s,E192,l40s,exact,Inference prompt length,Should Have,tinyllama,TinyLlama/TinyLlama-1.1B-Chat-v1.0,inference,1,bf16,none,completed,generated_tokens_per_second,201.039267648044,,91.72327145095915,0.5,0.017685875984089862,201.039267648044,,25600.0,,723741.3635329584,,,legacy_full_window,
E194@l40s,E194,l40s,exact,Inference prompt length,Should Have,tinyllama,TinyLlama/TinyLlama-1.1B-Chat-v1.0,inference,1,bf16,none,completed,generated_tokens_per_second,200.07231777150753,,106.69013574998826,0.5,0.017771351854963643,200.07231777150753,,25600.0,,720260.3439774271,,,legacy_full_window,
E195@l40s,E195,l40s,exact,Inference multi-GPU,Should Have,tinyllama,TinyLlama/TinyLlama-1.1B-Chat-v1.0,inference,2,bf16,none,completed,generated_tokens_per_second,171.55020699523075,,112.9681956176646,0.8,0.041452069546665166,85.77510349761538,,16000.0,,308790.3725914154,,,legacy_full_window,
E195@l40s,E195,l40s,exact,Inference multi-GPU,Should Have,tinyllama,TinyLlama/TinyLlama-1.1B-Chat-v1.0,inference,2,bf16,none,completed,generated_tokens_per_second,169.344879835045,,119.86887023411691,0.8,0.04199188731326204,84.6724399175225,,16000.0,,304820.783703081,,,legacy_full_window,
E195@l40s,E195,l40s,exact,Inference multi-GPU,Should Have,tinyllama,TinyLlama/TinyLlama-1.1B-Chat-v1.0,inference,2,bf16,none,completed,generated_tokens_per_second,167.7135501803161,,114.69143550470471,0.8,0.04240033738159885,83.85677509015805,,16000.0,,301884.39032456896,,,legacy_full_window,
E019@l40s,E019,l40s,exact,Baseline profiling,Must Have,tinyllama,TinyLlama/TinyLlama-1.1B-Chat-v1.0,inference,1,bf16,none,completed,generated_tokens_per_second,118.17093573663054,,122.82389102689922,0.4,0.03008824067772366,118.17093573663054,,32000.0,,425415.36865186994,,,legacy_full_window,
E018@l40s,E018,l40s,exact,Baseline profiling,Must Have,tinyllama,TinyLlama/TinyLlama-1.1B-Chat-v1.0,inference,1,bf16,none,completed,generated_tokens_per_second,117.23861274569073,,124.06311891460791,0.5,0.030327513029074504,117.23861274569073,,25600.0,,422059.0058844866,,,legacy_full_window,
E177@l40s,E177,l40s,exact,Inference framework,Must Have,tinyllama,TinyLlama/TinyLlama-1.1B-Chat-v1.0,inference,1,bf16,none,completed,generated_tokens_per_second,116.7973955349309,,130.63163297902793,0.8,0.03044207911718533,116.7973955349309,,16000.0,,420470.6239257513,,,legacy_full_window,
E019@l40s,E019,l40s,exact,Baseline profiling,Must Have,tinyllama,TinyLlama/TinyLlama-1.1B-Chat-v1.0,inference,1,bf16,none,completed,generated_tokens_per_second,116.4378414590611,,124.57994771376252,0.4,0.03053608269443632,116.4378414590611,,32000.0,,419176.22925261996,,,legacy_full_window,
E198@l40s,E198,l40s,exact,Inference precision/quantization,Must Have,tinyllama,TinyLlama/TinyLlama-1.1B-Chat-v1.0,inference,1,bf16,none,completed,generated_tokens_per_second,116.34767479013725,,123.58089242037386,0.5,0.030559747429150675,116.34767479013725,,25600.0,,418851.6292444941,,,legacy_full_window,
E019@l40s,E019,l40s,exact,Baseline profiling,Must Have,tinyllama,TinyLlama/TinyLlama-1.1B-Chat-v1.0,inference,1,bf16,none,completed,generated_tokens_per_second,116.23894009595442,,124.18177840998396,0.4,0.030588334276108072,116.23894009595442,,32000.0,,418460.18434543593,,,legacy_full_window,
E198@l40s,E198,l40s,exact,Inference precision/quantization,Must Have,tinyllama,TinyLlama/TinyLlama-1.1B-Chat-v1.0,inference,1,bf16,none,completed,generated_tokens_per_second,115.98639324410318,,126.45051548071206,0.5,0.03065493680860123,115.98639324410318,,25600.0,,417551.0156787715,,,legacy_full_window,
E177@l40s,E177,l40s,exact,Inference framework,Must Have,tinyllama,TinyLlama/TinyLlama-1.1B-Chat-v1.0,inference,1,bf16,none,completed,generated_tokens_per_second,115.87434550717003,,132.0566153153777,0.8,0.030684579403605312,115.87434550717003,,16000.0,,417147.64382581215,,,legacy_full_window,
E018@l40s,E018,l40s,exact,Baseline profiling,Must Have,tinyllama,TinyLlama/TinyLlama-1.1B-Chat-v1.0,inference,1,bf16,none,completed,generated_tokens_per_second,115.6718435085568,,125.57782613905147,0.5,0.03073829765056467,115.6718435085568,,25600.0,,416418.63663080445,,,legacy_full_window,
E018@l40s,E018,l40s,exact,Baseline profiling,Must Have,tinyllama,TinyLlama/TinyLlama-1.1B-Chat-v1.0,inference,1,bf16,none,completed,generated_tokens_per_second,115.66255385244574,,125.67787601100281,0.5,0.03074076645490196,115.66255385244574,,25600.0,,416385.19386880466,,,legacy_full_window,
E031@l40s,E031,l40s,exact,Workload characterisation,Should Have,tinyllama,TinyLlama/TinyLlama-1.1B-Chat-v1.0,inference,1,bf16,none,completed,generated_tokens_per_second,115.57178246530677,,123.09798153024167,0.5,0.030764910601105335,115.57178246530677,,25600.0,,416058.4168751043,,,legacy_full_window,
E031@l40s,E031,l40s,exact,Workload characterisation,Should Have,tinyllama,TinyLlama/TinyLlama-1.1B-Chat-v1.0,inference,1,bf16,none,completed,generated_tokens_per_second,115.47204916873743,,130.55671499622986,0.5,0.030791482277757798,115.47204916873743,,25600.0,,415699.37700745475,,,legacy_full_window,
E177@l40s,E177,l40s,exact,Inference framework,Must Have,tinyllama,TinyLlama/TinyLlama-1.1B-Chat-v1.0,inference,1,bf16,none,completed,generated_tokens_per_second,115.299961930015,,139.334875728935,0.8,0.030837439111330443,115.299961930015,,16000.0,,415079.862948054,,,legacy_full_window,
E197@l40s,E197,l40s,exact,Inference precision/quantization,Must Have,tinyllama,TinyLlama/TinyLlama-1.1B-Chat-v1.0,inference,1,fp16,none,completed,generated_tokens_per_second,115.05063854592217,,131.97451073722914,0.5,0.03090426616047302,115.05063854592217,,25600.0,,414182.2987653198,,,legacy_full_window,
E031@l40s,E031,l40s,exact,Workload characterisation,Should Have,tinyllama,TinyLlama/TinyLlama-1.1B-Chat-v1.0,inference,1,bf16,none,completed,generated_tokens_per_second,114.82366661264665,,123.56440419284627,0.5,0.03096535462109993,114.82366661264665,,25600.0,,413365.1998055279,,,legacy_full_window,
E197@l40s,E197,l40s,exact,Inference precision/quantization,Must Have,tinyllama,TinyLlama/TinyLlama-1.1B-Chat-v1.0,inference,1,fp16,none,completed,generated_tokens_per_second,114.0714288314073,,133.35672046802938,0.5,0.031169553953869684,114.0714288314073,,25600.0,,410657.14379306627,,,legacy_full_window,
E198@l40s,E198,l40s,exact,Inference precision/quantization,Must Have,tinyllama,TinyLlama/TinyLlama-1.1B-Chat-v1.0,inference,1,bf16,none,completed,generated_tokens_per_second,112.71065418997796,,130.6540544233285,0.5,0.03154586920915689,112.71065418997796,,25600.0,,405758.35508392064,,,legacy_full_window,
E031@h100,E031,h100,exact,Workload characterisation,Should Have,tinyllama,TinyLlama/TinyLlama-1.1B-Chat-v1.0,inference,1,bf16,none,completed,generated_tokens_per_second,112.37346266283136,,129.28866086306516,0.5,0.031640526787216204,112.37346266283136,,25600.0,,404544.4655861929,,18735.713915617947,measured_region,2459473.9334479305
E019@h100,E019,h100,exact,Baseline profiling,Must Have,tinyllama,TinyLlama/TinyLlama-1.1B-Chat-v1.0,inference,1,bf16,none,completed,generated_tokens_per_second,112.20470692464792,,129.14424819103442,0.4,0.031688114099734876,112.20470692464792,,32000.0,,403936.9449287325,,19136.83604576523,measured_region,2407921.554524526
E018@h100,E018,h100,exact,Baseline profiling,Must Have,tinyllama,TinyLlama/TinyLlama-1.1B-Chat-v1.0,inference,1,bf16,none,completed,generated_tokens_per_second,112.12163880705988,,130.36713686096482,0.5,0.03171159103082674,112.12163880705988,,25600.0,,403637.8997054156,,18862.580729068428,measured_region,2442931.890490881
E031@h100,E031,h100,exact,Workload characterisation,Should Have,tinyllama,TinyLlama/TinyLlama-1.1B-Chat-v1.0,inference,1,bf16,none,completed,generated_tokens_per_second,111.84849501136792,,128.65950127900578,0.5,0.03178903350638898,111.84849501136792,,25600.0,,402654.5820409245,,18822.870217986852,measured_region,2448085.7311530863
E031@h100,E031,h100,exact,Workload characterisation,Should Have,tinyllama,TinyLlama/TinyLlama-1.1B-Chat-v1.0,inference,1,bf16,none,completed,generated_tokens_per_second,111.82535562072215,,128.52144972910173,0.5,0.031795611431945064,111.82535562072215,,25600.0,,402571.2802345998,,19171.47871282111,measured_region,2403570.464764596
E018@h100,E018,h100,exact,Baseline profiling,Must Have,tinyllama,TinyLlama/TinyLlama-1.1B-Chat-v1.0,inference,1,bf16,none,completed,generated_tokens_per_second,111.3415136078671,,129.17200589098502,0.5,0.03193378139332506,111.3415136078671,,25600.0,,400829.4489883216,,19196.616976515492,measured_region,2400422.9524594233
E018@h100,E018,h100,exact,Baseline profiling,Must Have,tinyllama,TinyLlama/TinyLlama-1.1B-Chat-v1.0,inference,1,bf16,none,completed,generated_tokens_per_second,111.19896042109826,,130.9159860990476,0.5,0.03197471938668362,111.19896042109826,,25600.0,,400316.2575159538,,19252.40766593624,measured_region,2393466.874355174
E019@h100,E019,h100,exact,Baseline profiling,Must Have,tinyllama,TinyLlama/TinyLlama-1.1B-Chat-v1.0,inference,1,bf16,none,completed,generated_tokens_per_second,111.19268987987937,,130.73047844599932,0.4,0.031976522551946496,111.19268987987937,,32000.0,,400293.68356756575,,19006.978106554252,measured_region,2424372.7615022636
E019@h100,E019,h100,exact,Baseline profiling,Must Have,tinyllama,TinyLlama/TinyLlama-1.1B-Chat-v1.0,inference,1,bf16,none,completed,generated_tokens_per_second,111.15910040233513,,130.4159778530011,0.4,0.031986185050854044,111.15910040233513,,32000.0,,400172.76144840644,,19018.97871480066,measured_region,2422843.029112826
E197@l40s,E197,l40s,exact,Inference precision/quantization,Must Have,tinyllama,TinyLlama/TinyLlama-1.1B-Chat-v1.0,inference,1,fp16,none,completed,generated_tokens_per_second,111.02607923701754,,136.7333033918403,0.5,0.03202450793534,111.02607923701754,,25600.0,,399693.8852532631,,,legacy_full_window,
E001@h100,E001,h100,platform_specific,Environment validation,Must Have,environment_validation,all,training,1,bf16,none,completed,,,,2.85239683004329,0.5,,,,,,,,,legacy_full_window,
E002@h100,E002,h100,platform_specific,Environment validation,Must Have,environment_validation,all,training,2,bf16,ddp,completed,,,,5.000611194001976,0.5,,,,,,,,,legacy_full_window,
E003@h100,E003,h100,platform_specific,Environment validation,Must Have,environment_validation,all,training,4,bf16,ddp,completed,,,,14.533709558018018,1.0,,,,,,,,,legacy_full_window,
E004@h100,E004,h100,platform_specific,Environment validation,Must Have,environment_validation,all,training,2,bf16,fsdp,completed,,,,11.090416951978114,0.5,,,,,,,,,legacy_full_window,
E005@h100,E005,h100,platform_specific,Environment validation,Should Have,environment_validation,all,training,2,bf16,deepspeed_zero2,completed,,,,19.131747125065885,0.5,,,,,,,,90.7979909396253,measured_region,
E001@l40s,E001,l40s,platform_specific,Environment validation,Must Have,environment_validation,all,training,1,bf16,none,completed,,,,8.511358893010765,0.5,,,,,,,,,legacy_full_window,
E002@l40s,E002,l40s,platform_specific,Environment validation,Must Have,environment_validation,all,training,2,bf16,ddp,completed,,,,5.87776363408193,0.5,,,,,,,,,legacy_full_window,
E003@l40s,E003,l40s,platform_specific,Environment validation,Must Have,environment_validation,all,training,4,bf16,ddp,completed,,,,6.059725211933255,1.0,,,,,,,,18.621653948361054,measured_region,
E004@l40s,E004,l40s,platform_specific,Environment validation,Must Have,environment_validation,all,training,2,bf16,fsdp,completed,,,,9.527189527172595,0.5,,,,,,,,,legacy_full_window,
E005@l40s,E005,l40s,platform_specific,Environment validation,Should Have,environment_validation,all,training,2,bf16,deepspeed_zero2,completed,,,,25.744760629720986,0.5,,,,,,,,,legacy_full_window,
