condition_id,experiment_id,platform_id,comparability,phase,workload,mode,throughput_unit,required_trials,completed_trials,failed_trials,evidence_status,outliers_excluded,runtime_mean_seconds,runtime_median_seconds,runtime_std_seconds,runtime_cv_percent,runtime_ci95_low_seconds,runtime_ci95_high_seconds,throughput_tokens_mean,throughput_tokens_median,throughput_tokens_std,throughput_tokens_ci95_low,throughput_tokens_ci95_high,throughput_samples_mean,throughput_samples_median,throughput_samples_std,throughput_samples_ci95_low,throughput_samples_ci95_high
E001@h100,E001,h100,platform_specific,Environment validation,environment_validation,training,,1,1,0,sufficient,0,2.85239683004329,2.85239683004329,0.0,0.0,,,,,,,,,,,,
E001@l40s,E001,l40s,platform_specific,Environment validation,environment_validation,training,,1,1,0,sufficient,0,8.511358893010765,8.511358893010765,0.0,0.0,,,,,,,,,,,,
E002@h100,E002,h100,platform_specific,Environment validation,environment_validation,training,,1,1,0,sufficient,0,5.000611194001976,5.000611194001976,0.0,0.0,,,,,,,,,,,,
E002@l40s,E002,l40s,platform_specific,Environment validation,environment_validation,training,,1,1,0,sufficient,0,5.87776363408193,5.87776363408193,0.0,0.0,,,,,,,,,,,,
E003@h100,E003,h100,platform_specific,Environment validation,environment_validation,training,,1,1,0,sufficient,0,14.533709558018018,14.533709558018018,0.0,0.0,,,,,,,,,,,,
E003@l40s,E003,l40s,platform_specific,Environment validation,environment_validation,training,,1,1,0,sufficient,0,6.059725211933255,6.059725211933255,0.0,0.0,,,,,,,,,,,,
E004@h100,E004,h100,platform_specific,Environment validation,environment_validation,training,,1,1,0,sufficient,0,11.090416951978114,11.090416951978114,0.0,0.0,,,,,,,,,,,,
E004@l40s,E004,l40s,platform_specific,Environment validation,environment_validation,training,,1,1,0,sufficient,0,9.527189527172595,9.527189527172595,0.0,0.0,,,,,,,,,,,,
E005@h100,E005,h100,platform_specific,Environment validation,environment_validation,training,,1,1,0,sufficient,0,19.131747125065885,19.131747125065885,0.0,0.0,,,,,,,,,,,,
E005@l40s,E005,l40s,platform_specific,Environment validation,environment_validation,training,,1,1,0,sufficient,0,25.744760629720986,25.744760629720986,0.0,0.0,,,,,,,,,,,,
E006@h100,E006,h100,platform_specific,Environment validation,environment_validation,inference,generated_tokens_per_second,1,1,0,sufficient,0,21.432914161821827,21.432914161821827,0.0,0.0,,,245.24840703665578,245.24840703665578,0.0,,,,,,,
E006@l40s,E006,l40s,platform_specific,Environment validation,environment_validation,inference,generated_tokens_per_second,1,1,0,sufficient,0,31.649187362287194,31.649187362287194,0.0,0.0,,,255.82304415539363,255.82304415539363,0.0,,,,,,,
E008@h100,E008,h100,exact,Baseline profiling,gpt2_small,training,training_tokens_per_second,3,3,0,sufficient,0,24.59309973102063,24.59404184995219,0.013158089745461822,0.05350317727075615,24.560410585917435,24.625788876123824,125542.0958506578,125703.36938999337,315.80522469840685,124757.52886455154,126326.66283676407,122.59970297915801,122.7571966699154,0.30840353974453794,121.83352428178861,123.36588167652741
E008@l40s,E008,l40s,exact,Baseline profiling,gpt2_small,training,training_tokens_per_second,3,3,0,sufficient,0,45.52215004013851,45.53565074503422,0.07043186092996584,0.15471997888470457,45.34717347694691,45.69712660333012,45794.187809492105,45765.9326175782,55.894688276795755,45655.32649976376,45933.04911922045,44.720886532707134,44.69329357185371,0.054584656520308354,44.58527978492555,44.85649328048872
E009@h100,E009,h100,exact,Baseline profiling,gpt2_small,training,training_tokens_per_second,3,3,0,sufficient,0,23.34648104365139,23.876210100017488,0.9185370189645533,3.934370311513525,21.06452443167868,25.6284376556241,125817.10792969154,125774.80678839596,89.95379044389203,125593.6322911083,126040.58356827479,122.8682694625894,122.82695975429293,0.08784549848036331,122.65003153428545,123.08650739089335
E009@l40s,E009,l40s,exact,Baseline profiling,gpt2_small,training,training_tokens_per_second,3,3,0,sufficient,0,45.41701865398014,45.4057630719617,0.9209296894040312,2.02771938074655,43.12911783941471,47.704919468545576,45801.84519444584,45835.06510954756,115.12647532478347,45515.83209300693,46087.858295884755,44.72836444770102,44.76080577104254,0.11242819855935886,44.44905477832708,45.007674117074956
E010@h100,E010,h100,exact,Baseline profiling,gpt2_small,inference,generated_tokens_per_second,3,3,0,sufficient,0,53.780867205001414,53.83289425307885,0.5946398046359864,1.1056716552549142,52.30358081815453,55.2581535918483,292.7216616740463,293.04414322321975,1.6085204672822881,288.7255528183074,296.7177705297852,,,,,
E010@l40s,E010,l40s,exact,Baseline profiling,gpt2_small,inference,generated_tokens_per_second,3,3,0,sufficient,0,53.17780737268428,53.829394986853,1.1733634974949192,2.206490931962791,50.26277560360619,56.09283914176237,289.3171668521417,286.6718284955401,7.122874695725802,271.6215370924533,307.01279661183014,,,,,
E011@h100,E011,h100,exact,Baseline profiling,gpt2_small,inference,generated_tokens_per_second,3,3,0,sufficient,0,53.78933303970067,54.02083048806526,0.41245751342913595,0.7668016874734449,52.76464907977879,54.81401699962255,290.9118737911284,291.4056157463648,2.1991614946008453,285.448412863819,296.37533471843795,,,,,
E011@l40s,E011,l40s,exact,Baseline profiling,gpt2_small,inference,generated_tokens_per_second,3,3,0,sufficient,0,53.00915361335501,52.98525715991855,0.10400010083574578,0.19619272096724105,52.750782189179326,53.267525037530696,289.1738539651801,290.545617627816,4.27099155685597,278.5632664530581,299.78444147730215,,,,,
E012@h100,E012,h100,exact,Baseline profiling,distilbert,training,training_tokens_per_second,3,3,0,sufficient,0,10.471351122988077,9.35783034504857,2.1561358118446976,20.590808067845863,5.11478054328885,15.827921702687304,689117.3765549007,688153.4552416853,1867.5659859653915,684477.7110194025,693757.0420903988,1345.9323760837904,1344.0497172689165,3.6475898163386553,1336.8705293347705,1354.9942228328102
E012@l40s,E012,l40s,exact,Baseline profiling,distilbert,training,training_tokens_per_second,3,3,0,sufficient,0,13.546902291631946,14.137715740129352,1.3477307266401122,9.948626613130727,10.19868335290905,16.895121230354842,284195.7874145999,284807.99884584104,1155.574815295435,281324.9487483857,287066.6260808141,555.0698972941404,556.2656227457833,2.2569820611238964,549.4627905241908,560.67700406409
E013@h100,E013,h100,exact,Baseline profiling,distilbert,training,training_tokens_per_second,3,3,0,sufficient,0,9.993092581668558,10.089814121020027,0.1754418906375718,1.7556315945616712,9.55723558941722,10.428949573919896,690457.8845961806,691216.9993439225,1531.772071815731,686652.4447117267,694263.3244806345,1348.5505558519153,1350.0332018435986,2.9917423277650994,1341.1180560775913,1355.9830556262393
E013@l40s,E013,l40s,exact,Baseline profiling,distilbert,training,training_tokens_per_second,3,3,0,sufficient,0,14.370944422048828,14.569535714108497,1.857613729486379,12.92617711774258,9.756003657580505,18.98588518651715,283681.7790277958,283432.3382629538,824.3195229326727,281633.8905411076,285729.667514484,554.0659746636637,553.5787856698316,1.6099990682278764,550.0661924631008,558.0657568642266
E014@h100,E014,h100,exact,Baseline profiling,distilbert,inference,input_tokens_per_second,3,3,0,sufficient,0,11.232342560038282,10.995754274073988,0.7934138239986488,7.063654084246027,9.26123428206681,13.203450838009752,81175.99304821918,81197.26327869126,665.7241179698866,79522.1091857445,82829.87691069387,634.1874456892124,634.3536193647755,5.200969671639739,621.2664780136289,647.1084133647959
E014@l40s,E014,l40s,exact,Baseline profiling,distilbert,inference,input_tokens_per_second,3,3,0,sufficient,0,9.502865612817308,9.322349804919213,0.6498117125472134,6.838060633739344,7.88851354712049,11.117217678514127,92255.5867191296,92027.0292165511,475.1755191174822,91075.09002132634,93436.08341693286,720.7467712432,718.9611657543055,3.71230874310533,711.524140791612,729.969401694788
E015@h100,E015,h100,exact,Baseline profiling,distilbert,inference,input_tokens_per_second,3,3,0,sufficient,0,11.941379479326619,10.840283948928118,1.9207770235818842,16.085051370381525,7.169519729973294,16.713239228679946,80915.18753307442,81118.40017077725,780.6556078453273,78975.77497896271,82854.60008718616,632.1499026021439,633.7375013341973,6.098871936291619,616.9982420231462,647.3015631811419
E015@l40s,E015,l40s,exact,Baseline profiling,distilbert,inference,input_tokens_per_second,3,3,0,sufficient,0,10.417843670584261,10.336034017149359,0.23895159695956336,2.2936761628921842,9.824207088317829,11.011480252850694,92134.8803195248,91921.11757855515,413.4346990523422,91107.76870002257,93161.99193902704,719.8037524962875,718.1337310824621,3.2299585863464233,711.7794429689263,727.8280620236487
E016@h100,E016,h100,exact,Baseline profiling,tinyllama,training,training_tokens_per_second,3,3,0,sufficient,0,22.650876121595502,22.9422936309129,0.638550112602518,2.8190967500533897,21.06450167892814,24.237250564262865,29574.738407520384,29536.603296607576,90.70853725804945,29349.38772258912,29800.089092451635,28.881580476094125,28.844339156843336,0.08858255591606391,28.661511447840937,29.1016495043473
E016@l40s,E016,l40s,exact,Baseline profiling,tinyllama,training,training_tokens_per_second,3,3,0,sufficient,0,70.26838283194229,70.21252243872732,0.18431858429913925,0.26230656928588447,69.81047313046395,70.72629253342063,10754.610337267615,10760.044303543655,48.66530246982337,10633.70926692224,10875.51140761299,10.502549157487906,10.50785576517935,0.04752470944318688,10.38448170597875,10.62061660899706
E017@h100,E017,h100,exact,Baseline profiling,tinyllama,training,training_tokens_per_second,3,3,0,sufficient,0,22.22471750030915,22.291364235803485,0.12488590370572299,0.5619234696863337,21.914458678052082,22.53497632256622,29652.538535409436,29685.795304799838,82.55295018159427,29447.44908706352,29857.627983755352,28.957557163485777,28.990034477343592,0.08061811541171315,28.75727449908547,29.157839827886086
E017@l40s,E017,l40s,exact,Baseline profiling,tinyllama,training,training_tokens_per_second,3,3,0,sufficient,0,70.25852776303266,70.26054071774706,0.13429483211845886,0.1911438175468283,69.92489398042045,70.59216154564487,10750.616884680245,10738.631084354336,35.419612931568764,10662.622586950338,10838.611182410152,10.498649301445552,10.486944418314781,0.03458946575348512,10.41271737006869,10.584581232822414
E018@h100,E018,h100,exact,Baseline profiling,tinyllama,inference,generated_tokens_per_second,3,3,0,sufficient,0,130.15170961699914,130.36713686096482,0.8917249657884847,0.685142721837913,127.93636321317533,132.36705602082296,111.55403761200841,111.3415136078671,0.4966977856125163,110.32007232522183,112.788002898795,,,,,
E018@l40s,E018,l40s,exact,Baseline profiling,tinyllama,inference,generated_tokens_per_second,3,3,0,sufficient,0,125.10627368822072,125.57782613905147,0.9047825183450307,0.7232111481474167,122.85848790767349,127.35405946876796,116.19100336889774,115.6718435085568,0.9072682233970751,113.93704225631512,118.44496448148041,,,,,
E019@h100,E019,h100,exact,Baseline profiling,tinyllama,inference,generated_tokens_per_second,3,3,0,sufficient,0,130.09690149667827,130.4159778530011,0.8398743336444378,0.6455759698980088,128.0103695994156,132.18343339394093,111.51883240228749,111.19268987987937,0.5942221458072775,110.04258362122681,112.99508118334816,,,,,
E019@l40s,E019,l40s,exact,Baseline profiling,tinyllama,inference,generated_tokens_per_second,3,3,0,sufficient,0,123.86187238354857,124.18177840998396,0.9207000983933873,0.7433280965932462,121.57454195070318,126.14920281639397,116.94923909721535,116.4378414590611,1.0626840768216077,114.30917244179102,119.58930575263969,,,,,
E020@h100,E020,h100,exact,Workload characterisation,gpt2_small,training,training_tokens_per_second,3,3,0,sufficient,0,64.23214128966599,64.40416356595233,0.3077283634775928,0.4790878169386232,63.46763995849391,64.99664262083807,124236.78733930807,124221.91197227029,45.87918049194603,124122.80793824537,124350.76674037076,121.32498763604303,121.3104609104202,0.044803887199166045,121.21367962719275,121.43629564489332
E020@l40s,E020,l40s,exact,Workload characterisation,gpt2_small,training,training_tokens_per_second,3,3,0,sufficient,0,72.013235079435,72.1217002836056,0.26624452021817757,0.36971609444360276,71.35179364510037,72.67467651376964,45728.61203992157,45744.85807566213,70.73418931697104,45552.884390766674,45904.33968907647,44.65684769523591,44.6727129645138,0.06907635675485453,44.48523866285808,44.82845672761374
E021@h100,E021,h100,exact,Workload characterisation,gpt2_small,training,training_tokens_per_second,3,3,0,sufficient,0,15.242296077000598,15.534119527088478,0.5237572114718183,3.4362094058921078,13.94110602465647,16.543486129344725,125772.09990426681,125782.41249716424,179.27267476662564,125326.72594863582,126217.4738598978,122.82431631276056,122.83438720426196,0.17507097145178285,122.38938080921467,123.25925181630645
E021@l40s,E021,l40s,exact,Workload characterisation,gpt2_small,training,training_tokens_per_second,3,3,0,sufficient,0,25.902291999508936,25.927134205121547,0.10341240365300046,0.3992403593278964,25.64538061389927,26.1592033851186,45801.158838428375,45786.62754848563,55.469996007941354,45663.35260793031,45938.96506892641,44.72769417815271,44.713503465318,0.05416991797650523,44.593117781181945,44.862270575123446
E022@h100,E022,h100,exact,Workload characterisation,gpt2_small,training,training_tokens_per_second,3,3,0,sufficient,0,15.556761207990348,15.609798421966843,0.17588928866994885,1.13062922492895,15.119792727712849,15.993729688267848,125936.40207115594,125957.81626550137,40.6735840341078,125835.35513227058,126037.44901004131,122.98476764761322,123.00567994677868,0.039720296908308396,122.88608899635798,123.08344629886847
E022@l40s,E022,l40s,exact,Workload characterisation,gpt2_small,training,training_tokens_per_second,3,3,0,sufficient,0,26.870210562056553,26.734047688078135,0.4359441526317428,1.6224069090375492,25.787177846978537,27.95324327713457,45800.274153271144,45838.46403964511,72.64292994346214,45619.80454684807,45980.74375969422,44.72683022780385,44.764125038715925,0.07094036127291224,44.55059037778132,44.903070077826385
E023@h100,E023,h100,exact,Workload characterisation,gpt2_small,inference,generated_tokens_per_second,3,3,0,sufficient,0,55.199539211966716,55.259808591916226,0.168218171079377,0.30474560744686247,54.78162838222001,55.61745004171342,289.25973602858886,289.1150089518852,0.7034897640371425,287.5120295286273,291.0074425285504,,,,,
E023@l40s,E023,l40s,exact,Workload characterisation,gpt2_small,inference,generated_tokens_per_second,3,3,0,sufficient,0,52.74267263400058,52.89919607201591,0.630877506370695,1.1961424684497304,51.17535954015235,54.309985727848805,294.49489293757387,294.81700526124104,2.9120956242701475,287.26026251190945,301.7295233632383,,,,,
E024@h100,E024,h100,exact,Workload characterisation,distilbert,training,training_tokens_per_second,3,3,0,sufficient,0,37.626232867944054,37.40992967796046,0.5917810052785291,1.5727883451832385,36.15604870557083,39.096417030317276,645089.8987852851,644912.9858945864,495.2329371921508,643859.5726773986,646320.2248931716,1259.94120856501,1259.595675575364,0.9672518304534196,1257.538227885544,1262.3441892444757
E024@l40s,E024,l40s,exact,Workload characterisation,distilbert,training,training_tokens_per_second,3,3,0,sufficient,0,38.94056851230562,37.712394875939935,2.1537850922675346,5.5309544122010355,33.58983791506899,44.291299109542244,281629.484690465,281831.869199778,769.620063350573,279717.4881611912,283541.4812197387,550.0575872860644,550.4528695308164,1.5031641862315879,546.3232190648266,553.7919555073022
E025@h100,E025,h100,exact,Workload characterisation,distilbert,training,training_tokens_per_second,3,3,0,sufficient,0,8.37432096968405,8.333434239029884,0.1514030764426612,1.8079445126447478,7.998184522019905,8.750457417348194,690356.5734037178,690292.8291484847,1218.351938574336,687329.7751315332,693383.3716759023,1348.3526824291364,1348.2281819306343,2.379593630028,1342.4409670537757,1354.2643978044966
E025@l40s,E025,l40s,exact,Workload characterisation,distilbert,training,training_tokens_per_second,3,3,0,sufficient,0,10.740562616071353,8.998077296186239,3.087553182119647,28.746661534281913,3.0700362755023756,18.41108895664033,284918.2906105514,285284.2550382938,965.7642846313258,282519.00549800816,287317.5757230947,556.4810363487333,557.1958106216675,1.8862583684205583,551.7949326132972,561.1671400841693
E026@h100,E026,h100,exact,Workload characterisation,distilbert,training,training_tokens_per_second,3,3,0,sufficient,0,8.420128167645695,8.40643115201965,0.0364036505706669,0.4323408129409213,8.32968918761055,8.51056714768084,691362.5583062004,691257.0324689901,558.6665992523791,689974.6415279639,692750.4750844369,1350.3174966917977,1350.1113915409962,1.091145701664803,1347.6067217343045,1353.028271649291
E026@l40s,E026,l40s,exact,Workload characterisation,distilbert,training,training_tokens_per_second,3,3,0,sufficient,0,8.85895623313263,8.860708094667643,0.07596800740899678,0.8575277426574848,8.670226009716298,9.047686456548963,284448.1227038643,284027.7512446267,932.7216502067474,282130.92667052563,286765.31873720296,555.562739655985,554.7417016496615,1.8217219730600536,551.0369661533704,560.0885131585995
E027@h100,E027,h100,exact,Workload characterisation,distilbert,inference,input_tokens_per_second,3,3,0,sufficient,0,7.067138433340006,7.0831694069784135,0.1258700476081291,1.781061016355973,6.754434664783701,7.37984220189631,81430.95994462026,80660.77202628735,1545.0360196898614,77592.56792766952,85269.35196157101,636.1793745673458,630.1622814553699,12.070593903827042,606.1919369349181,666.1668121997735
E027@l40s,E027,l40s,exact,Workload characterisation,distilbert,inference,input_tokens_per_second,3,3,0,sufficient,0,9.322387932023654,8.485503720119596,2.9945691860062764,32.12234041151119,1.8828652857616763,16.76191057828563,92464.75341526726,92290.31125020242,1406.1534928494777,88971.39256621452,95958.11426432,722.3808860567755,721.0180566422064,10.985574162886545,695.0890044235509,749.67276769
E028@h100,E028,h100,exact,Workload characterisation,tinyllama,training,training_tokens_per_second,3,3,0,sufficient,0,141.83908042769568,142.1798242360819,0.724065111985778,0.5104835069449564,140.04025780467578,143.63790305071558,29073.527884496983,29118.147215033026,85.65478386132362,28860.732432224653,29286.323336769314,28.392117074704085,28.43569063968069,0.08364724986457385,28.184309015844388,28.599925133563783
E028@l40s,E028,l40s,exact,Workload characterisation,tinyllama,training,training_tokens_per_second,3,3,0,sufficient,0,157.75267301841328,157.52985176816583,2.1560850638072133,1.3667502569389427,152.39622851400256,163.109117522824,10786.118130336983,10796.958018335334,26.517598860574324,10720.239446294678,10851.996814379288,10.53331848665721,10.5439043147806,0.025896092637279614,10.468983834272146,10.597653139042274
E029@h100,E029,h100,exact,Workload characterisation,tinyllama,training,training_tokens_per_second,3,3,0,sufficient,0,15.531929023369836,15.392338071018457,0.27091694419221357,1.7442581908826864,14.85887970763102,16.20497833910865,29617.405217135878,29582.595165389048,94.96138623743595,29381.4890169909,29853.321417280855,28.923247282359256,28.889253091200242,0.09273572874749604,28.692860368155177,29.153634196563335
E029@l40s,E029,l40s,exact,Workload characterisation,tinyllama,training,training_tokens_per_second,3,3,0,sufficient,0,26.938320546410978,26.76816105702892,0.48110049687837164,1.7859335219116663,25.74310419997288,28.133536892849076,10799.80799393562,10803.41904919045,8.62273733675358,10778.386198109587,10821.229789761648,10.546687494077753,10.550213915225049,0.008420641930423418,10.525767771591394,10.56760721656411
E030@h100,E030,h100,exact,Workload characterisation,tinyllama,training,training_tokens_per_second,3,3,0,sufficient,0,16.442174717667513,16.45023597800173,0.054194603319779065,0.32960727063400963,16.307536993955278,16.576812441379747,29619.64517407621,29590.871008263013,83.9932671963895,29410.97749113834,29828.31285701408,28.9254347403088,28.89733496900685,0.08202467499647412,28.721657706189784,29.129211774427812
E030@l40s,E030,l40s,exact,Workload characterisation,tinyllama,training,training_tokens_per_second,3,3,0,sufficient,0,28.791201970384765,28.181214195676148,1.0583994936436603,3.676121249582953,26.161779668656145,31.420624272113386,10843.120825147778,10858.170599020754,38.799287015661974,10746.73027395908,10939.511376336477,10.588985180808377,10.603682225606205,0.0378899287262324,10.494853783163164,10.68311657845359
E031@h100,E031,h100,exact,Workload characterisation,tinyllama,inference,generated_tokens_per_second,3,3,0,sufficient,0,128.82320395705756,128.65950127900578,0.40896473701329716,0.31746201340375224,127.80719723503867,129.83921067907644,112.01577109830714,111.84849501136792,0.3099859663738034,111.24566111800078,112.7858810786135,,,,,
E031@l40s,E031,l40s,exact,Workload characterisation,tinyllama,inference,generated_tokens_per_second,3,3,0,sufficient,0,125.7397002397726,123.56440419284627,4.178170759793457,3.3228731672066325,115.35971098031995,136.11968949922527,115.28916608223028,115.47204916873743,0.40620684355157066,114.28001090031285,116.29832126414772,,,,,
E033@h100,E033,h100,exact,Strong scaling,gpt2_small,training,training_tokens_per_second,3,3,0,sufficient,0,35.64286344168553,35.32561918301508,0.5906359754161812,1.6570946281645054,34.17552392074901,37.11020296262205,259471.1461955138,259453.9862802028,53.26200208094524,259338.82536869234,259603.46702233527,253.38979120655645,253.37303347676055,0.05201367390717308,253.26057164911361,253.5190107639993
E034@h100,E034,h100,exact,Strong scaling,gpt2_small,training,training_tokens_per_second,3,3,0,sufficient,0,28.10762137461764,27.91924446891062,0.3839311011652071,1.365932378439938,27.153806670629407,29.061436078605873,489142.861398329,489350.8923237582,384.42106216650376,488187.8294655047,490097.8933311534,477.6785755843057,477.88173078492014,0.3754111935219763,476.7459272124069,478.61122395620447
E034@l40s,E034,l40s,exact,Strong scaling,gpt2_small,training,training_tokens_per_second,3,3,0,sufficient,0,54.374432514732085,56.15817042440176,3.1395070832533496,5.773866389139306,46.57483511250522,62.17402991695895,172095.19636984172,172145.5684111932,103.60365498323303,171837.809851245,172352.5828884385,168.06171520492356,168.11090665155587,0.1011754443195635,167.81036118285644,168.31306922699073
E035@h100,E035,h100,exact,Weak scaling,gpt2_small,training,training_tokens_per_second,3,3,0,sufficient,0,21.812199250639726,22.21020192198921,0.7018834306720686,3.2178480611095797,20.068483426032305,23.555915075247146,125613.72993916021,125556.46084772618,106.73318544747508,125348.56860845703,125878.8912698634,122.66965814371115,122.6137312966076,0.10423162641354988,122.41071153169632,122.92860475572597
E035@l40s,E035,l40s,exact,Weak scaling,gpt2_small,training,training_tokens_per_second,3,3,0,sufficient,0,51.30496086118122,51.403697991743684,0.24054702115141285,0.46885723546749164,50.707360705636496,51.90256101672595,45772.298828971725,45795.62202511055,69.6058742586809,45599.37429602716,45945.22336191629,44.6995105751677,44.72228713389702,0.06797448658074307,44.530638960964026,44.868382189371374
E036@h100,E036,h100,exact,Weak scaling,gpt2_small,training,training_tokens_per_second,3,3,0,sufficient,0,23.434606614988297,23.820672972942702,0.715442165519674,3.052930127114196,21.657206307342452,25.212006922634142,243625.715038602,243665.91234154152,156.90568867109596,243235.90824113318,244015.52183607084,237.91573734238477,237.95499252103664,0.15322821159286715,237.53506664173162,238.29640804303793
E036@l40s,E036,l40s,exact,Weak scaling,gpt2_small,training,training_tokens_per_second,3,3,0,sufficient,0,50.874582099883504,49.11327097984031,3.1418388135753648,6.175655275962569,43.06919189092615,58.67997230884086,87627.61257088592,87582.0460028358,113.16961467996597,87346.46097311529,87908.76416865655,85.57384040125578,85.52934179964434,0.11051720183590427,85.2992782940579,85.84840250845366
E037@h100,E037,h100,exact,Weak scaling,gpt2_small,training,training_tokens_per_second,3,3,0,sufficient,0,28.37579916433121,28.43500886997208,0.2479526205653745,0.873817224069779,27.759800995206845,28.991797333455573,488254.3547314624,488250.2964389301,41.33015844782399,488151.6766396744,488357.03282325034,476.8108932924437,476.80693011614267,0.040361482859203116,476.71062171843204,476.9111648664554
E037@l40s,E037,l40s,exact,Weak scaling,gpt2_small,training,training_tokens_per_second,3,3,0,sufficient,0,50.53899334960928,50.920916203875095,0.7468350959202539,1.4777403474460533,48.68360238549805,52.39438431372051,171950.7064546571,171951.6342903872,74.97675864615908,171764.43882841629,172136.97408089798,167.92061177212608,167.92151786170626,0.07321949086538973,167.73870979337528,168.10251375087694
E038@h100,E038,h100,exact,Strong scaling,distilbert,training,training_tokens_per_second,3,3,0,sufficient,0,17.54812731896527,18.883432279923,2.351317996993767,13.399253118323129,11.706658179116246,23.389596458814296,865143.2968309661,864211.8438740215,1683.3538101918596,860961.2766421805,869325.3170197518,1689.7330016229807,1687.9137575664483,3.2878004105309757,1681.5649934417588,1697.9010098042027
E038@l40s,E038,l40s,exact,Strong scaling,distilbert,training,training_tokens_per_second,3,3,0,sufficient,0,36.81376187006632,36.45332575915381,0.6794012786078735,1.8455089729917065,35.12589931483731,38.50162442529533,284147.64982265537,284246.6225375606,683.5529171577007,282449.4731931499,285845.82645216084,554.9758785598738,555.169184643673,1.3350642913236341,551.6591273303709,558.2926297893766
E039@h100,E039,h100,exact,Strong scaling,distilbert,training,training_tokens_per_second,3,3,0,sufficient,0,13.979538820373515,14.169123403960839,1.0699776487936683,7.653883740673213,11.321352465423839,16.63772517532319,1499617.024058116,1499589.083378665,2735.9706033648,1492819.9477513283,1506414.1003649035,2928.9395001135076,2928.884928473955,5.343692584696875,2915.663960451813,2942.215039775202
E039@l40s,E039,l40s,exact,Strong scaling,distilbert,training,training_tokens_per_second,3,3,0,sufficient,0,27.817699308662366,23.4836434610188,7.600952352976271,27.324158869635028,8.934362958521113,46.70103565880362,511523.0328016928,511617.98967594496,1398.316582147879,508049.14148933126,514996.9241140543,999.0684234408062,999.25388608583,2.731087074507576,992.2834794713501,1005.8533674102623
E040@h100,E040,h100,exact,Strong scaling,distilbert,training,training_tokens_per_second,3,3,0,sufficient,0,16.726052408339456,16.804487121058628,0.15813181496091738,0.9454222138038639,16.333199498480592,17.11890531819832,2541627.454486804,2542426.0579620353,3842.7745986674413,2532080.7027253616,2551174.2062482466,4964.116122044539,4965.6758944571,7.505419138022346,4945.470122510472,4982.762121578607
E040@l40s,E040,l40s,exact,Strong scaling,distilbert,training,training_tokens_per_second,3,3,0,sufficient,0,18.72794924629852,18.766600547824055,2.3075389957878842,12.321365064805251,12.995241951867488,24.460656540729556,901751.604646393,902184.6620267646,1057.7147429259599,899123.8834970355,904379.3257957505,1761.2336028249863,1762.0794180210246,2.0658491072772653,1756.1013349551474,1766.3658706948252
E041@h100,E041,h100,exact,Weak scaling,distilbert,training,training_tokens_per_second,3,3,0,sufficient,0,10.286786053678952,10.762528268969618,0.8503412722557822,8.266345463184463,8.174250740899957,12.399321366457947,688005.8316527987,688072.7860319437,593.0123347221604,686532.5884516416,689479.0748539558,1343.7613899468724,1343.8921602186401,1.1582272162542195,1340.8839618196125,1346.6388180741324
E041@l40s,E041,l40s,exact,Weak scaling,distilbert,training,training_tokens_per_second,3,3,0,sufficient,0,22.48949053293715,22.468562421854585,0.25036000254106305,1.1132310986520413,21.867511612788554,23.111469453085746,283852.5903700331,283781.29936381883,928.5728185726376,281545.701437643,286159.47930242325,554.3995905664709,554.2603503199587,1.8136187862746829,549.8939481203964,558.9052330125454
E042@h100,E042,h100,exact,Weak scaling,distilbert,training,training_tokens_per_second,3,3,0,sufficient,0,11.839011465354512,12.081014308030717,0.9774049064065831,8.25579829250816,9.41080711136631,14.267215819342713,1257182.5838987625,1259351.7813276635,4515.806315873788,1245963.793726851,1268401.374070674,2455.4347341772705,2459.6714479055927,8.819934210690992,2433.523034622756,2477.346433731785
E042@l40s,E042,l40s,exact,Weak scaling,distilbert,training,training_tokens_per_second,3,3,0,sufficient,0,22.419580931775272,22.599799735937268,0.6251144477626238,2.7882521518350467,20.86658522462388,23.972576638926665,472436.3329916797,471621.65504279477,1707.4912843799484,468194.3471535162,476678.31882984325,922.7272128743745,921.1360450054585,3.3349439148045867,914.4420842842113,931.0123414645376
E043@h100,E043,h100,exact,Weak scaling,distilbert,training,training_tokens_per_second,3,3,0,sufficient,0,16.51246388601915,16.4985719260294,0.23321233964006177,1.4123412547628282,15.933085559998956,17.09184221203935,2542408.155546799,2540077.766195801,6744.47678544521,2525652.59417357,2559163.7169200275,4965.6409288023415,4961.089387101174,13.172806221572676,4932.915222995254,4998.366634609429
E043@l40s,E043,l40s,exact,Weak scaling,distilbert,training,training_tokens_per_second,3,3,0,sufficient,0,20.71863849895696,20.52366697601974,0.4539868466366505,2.191200192326854,19.590781629781475,21.846495368132445,902338.8880788184,901474.6544784231,1652.14192589464,898234.408766746,906443.3673908908,1762.3806407789423,1760.69268452817,3.226839699012969,1754.364079622551,1770.3972019353337
E044@h100,E044,h100,exact,Strong scaling,tinyllama,training,training_tokens_per_second,3,3,0,sufficient,0,49.2478479219911,49.559157971991226,0.6743529027073437,1.3693043070136242,47.57252723990175,50.92316860408045,41596.72731309747,41615.319219019504,79.71103529324665,41398.69814249348,41794.756483701465,40.62180401669675,40.639960174823734,0.07784280790356118,40.42841615477879,40.81519187861471
E045@h100,E045,h100,exact,Strong scaling,tinyllama,training,training_tokens_per_second,3,3,0,sufficient,0,35.721000813956685,35.736611940898,0.06151000431175232,0.17219563536898305,35.56818916005089,35.87381246786248,67235.81352110318,67230.54782994684,75.69957470451244,67047.75017531095,67423.8768668954,65.65997414170232,65.65483186518246,0.07392536592237543,65.4763185305771,65.84362975282754
E045@l40s,E045,l40s,exact,Strong scaling,tinyllama,training,training_tokens_per_second,3,3,0,sufficient,0,100.38295043834175,100.63484669895843,0.506936341437232,0.5050024324086865,99.12354911612178,101.64235176056172,19897.55395530605,19919.49991004336,56.34789685721499,19757.56672218503,20037.541188427072,19.431205034478566,19.45263663090172,0.055027243024624015,19.29449875213382,19.567911316823313
E046@h100,E046,h100,exact,Strong scaling,tinyllama,training,training_tokens_per_second,3,3,0,sufficient,0,34.6259098079366,33.279010253958404,3.001229230969021,8.667582303587903,27.169841357504527,42.08197825836867,104474.69054864383,104455.11922325974,75.23719028871525,104287.77592212272,104661.60517516495,102.02606498891,102.00695236646459,0.07347381864132349,101.84353117394797,102.20859880387202
E046@l40s,E046,l40s,exact,Strong scaling,tinyllama,training,training_tokens_per_second,3,3,0,sufficient,0,89.29387519399945,91.19801790779456,4.307964899595374,4.824479719617846,78.59143339382048,99.99631699417843,23720.14693886657,23724.52697512133,31.077091422855155,23642.940933241225,23797.35294449191,23.164205994986883,23.168483374141925,0.030348722092631987,23.088809505118384,23.239602484855382
E047@h100,E047,h100,exact,Distributed training strategy,gpt2_small,training,training_tokens_per_second,3,3,0,sufficient,0,23.80446841563874,23.6523657849757,0.9570401869189011,4.020422427455501,21.42685691237557,26.182079918901913,243865.3611936321,243924.83568305848,360.5788895421233,242969.56128122794,244761.16110603625,238.14976679065634,238.2078473467368,0.3521278218184798,237.27496218869916,239.02457139261352
E047@l40s,E047,l40s,exact,Distributed training strategy,gpt2_small,training,training_tokens_per_second,3,3,0,sufficient,0,52.935346260356404,53.93087881663814,4.156123934508566,7.851320956827503,42.61012877133122,63.26056374938159,87601.55751851578,87543.16092858823,159.52594187406504,87205.24112589934,87997.87391113222,85.54839601417557,85.49136809432444,0.15578705261139164,85.16136828701107,85.93542374134006
E048@h100,E048,h100,exact,Distributed training strategy,gpt2_small,training,training_tokens_per_second,3,3,0,sufficient,0,28.48844918170168,28.46724185498897,0.6015987865611427,2.111728801817523,26.993874330167102,29.983024033236255,488939.5854025477,489173.12917712936,427.6173217817989,487877.2393515044,490001.9314535909,477.48006386967546,477.7081339620404,0.417595040802538,476.44261655420354,478.5175111851474
E048@l40s,E048,l40s,exact,Distributed training strategy,gpt2_small,training,training_tokens_per_second,3,3,0,sufficient,0,51.781024364288896,49.94905023695901,4.5736795342031735,8.832732821248396,40.41845754484319,63.1435911837346,171924.24943931474,171907.57245777603,45.47068553001957,171811.28487789386,172037.2140007356,167.8947748430808,167.8784887282969,0.04440496633790974,167.78445788856823,168.00509179759337
E049@h100,E049,h100,exact,Distributed training strategy,gpt2_small,training,training_tokens_per_second,3,3,0,sufficient,0,23.68172887833013,23.90582084597554,1.4789975151364436,6.24531056298763,20.00739884146195,27.35605891519831,248843.81240923566,248521.46216184506,993.2997658549294,246376.11984860402,251311.5049698673,243.0115355558942,242.69674039242682,0.9700193025927045,240.60167953965237,245.42139157213603
E049@l40s,E049,l40s,exact,Distributed training strategy,gpt2_small,training,training_tokens_per_second,3,3,0,sufficient,0,50.341386108348765,48.57390790898353,4.129022593589673,8.202043910159446,40.08349751606518,60.59927470063235,90825.964964475,90931.85007051105,280.2635699963428,90129.69546913209,91522.23445981792,88.69723141062012,88.80063483448345,0.27369489257455354,88.0172807315743,89.37718208966594
E050@h100,E050,h100,exact,Distributed training strategy,gpt2_small,training,training_tokens_per_second,3,3,0,sufficient,0,28.050306180686068,28.12146494607441,0.6794284366812521,2.4221783259858674,26.362376155617696,29.73823620575444,501675.867157386,501654.7884534492,157.6834170916266,501284.12821948633,502067.6060952856,489.91783902088474,489.8972543490715,0.1539877120035416,489.5352814643421,490.30039657742736
E050@l40s,E050,l40s,exact,Distributed training strategy,gpt2_small,training,training_tokens_per_second,3,3,0,sufficient,0,50.19053222161407,51.376030343119055,2.1693239905200246,4.32217769865733,44.80119774573354,55.5798666974946,178995.76940787156,178949.36282939446,153.18184974529117,178615.21388572775,179376.32493001537,174.80055606237457,174.75523713808053,0.1495916501418859,174.428919810281,175.17219231446813
E051@h100,E051,h100,exact,Distributed training strategy,gpt2_small,training,training_tokens_per_second,3,3,0,sufficient,0,25.30114063201472,25.28100524097681,0.14741308206721673,0.5826341357934197,24.934916679828486,25.667364584200957,248289.2127819774,248411.24275359572,313.3993615556974,247510.62277360054,249067.8027903542,242.4699343573998,242.58910425155833,0.30605406401923574,241.70959255234428,243.23027616245528
E051@l40s,E051,l40s,exact,Distributed training strategy,gpt2_small,training,training_tokens_per_second,3,3,0,sufficient,0,48.6801643705306,47.16506457095966,3.1708142569174114,6.513565222957464,40.8027893605755,56.55753938048569,90973.57674191298,91008.2180921249,242.41894343050978,90371.32609832729,91575.82738549868,88.8413835370244,88.87521298059072,0.2367372494438572,88.25324814289775,89.42951893115105
E052@h100,E052,h100,exact,Distributed training strategy,gpt2_small,training,training_tokens_per_second,3,3,0,sufficient,0,25.207326836612385,25.03774426097516,0.9893524425835555,3.924860612933262,22.74944076200441,27.665212911220358,290534.29908465093,290531.6587635318,268.5423047352085,289867.14917644614,291201.44899285573,283.7249014498544,283.72232301126155,0.26224834446797707,283.0733878676232,284.3764150320857
E052@l40s,E052,l40s,exact,Distributed training strategy,gpt2_small,training,training_tokens_per_second,3,3,0,sufficient,0,44.99387836611519,43.56605656677857,3.016303454568893,6.703808527073909,37.500360446033156,52.487396286197225,122322.37218883437,122329.07432385511,421.14058666629467,121276.11653830374,123368.627839365,119.45544159065857,119.46198664438975,0.4112701041663034,118.43370755693725,120.47717562437988
E053@h100,E053,h100,exact,Distributed training strategy,gpt2_small,training,training_tokens_per_second,3,3,0,sufficient,0,24.897866588706773,24.82625076302793,0.45387168449051957,1.8229340368318452,23.77029582125107,26.025437356162474,290465.7993606736,290323.5821387979,622.1879355331412,288920.074099671,292011.5246216761,283.6580071881578,283.51912318241983,0.6076054057940832,282.14850986295994,285.16750451335554
E053@l40s,E053,l40s,exact,Distributed training strategy,gpt2_small,training,training_tokens_per_second,3,3,0,sufficient,0,44.86527674722796,41.79341033566743,5.396314523611201,12.02781954074231,31.45900639209254,58.27154710236338,122490.93477618671,122670.20980760676,383.7056553181726,121537.68015593017,123444.18939644325,119.62005349236983,119.79512676524098,0.37471255402165293,118.68914077727555,120.55096620746411
E054@h100,E054,h100,exact,Distributed training strategy,gpt2_small,training,training_tokens_per_second,3,3,0,sufficient,0,27.346469735338662,27.460478666005656,0.3969875386206556,1.451695748894585,26.36021842491528,28.332721045762042,265114.3616819169,265127.9762409803,702.8557449848386,263368.23029971187,266860.4930641221,258.900743829997,258.91403929783235,0.6863825634617564,257.19553740206237,260.60595025793174
E054@l40s,E054,l40s,exact,Distributed training strategy,gpt2_small,training,training_tokens_per_second,3,3,0,sufficient,0,46.66469409704829,47.126369439065456,1.5151342733245505,3.246853542366601,42.90058813108847,50.42880006300811,125642.92876004415,125756.67915855156,339.0010467191367,124800.73550701828,126485.12201306995,122.69817261723061,122.80925699077301,0.33105570968665693,121.87571826857254,123.52062696588862
E055@h100,E055,h100,exact,Distributed training strategy,distilbert,training,training_tokens_per_second,3,3,0,sufficient,0,11.601428512639055,11.791940476978198,0.7635830237715414,6.581801740532761,9.704430031456635,13.498426993821475,1256938.025787784,1254164.4792212003,6042.531274647893,1241926.33446719,1271949.7171083784,2454.9570816167657,2449.539998478907,11.801818895796666,2425.6373720062306,2484.2767912273016
E055@l40s,E055,l40s,exact,Distributed training strategy,distilbert,training,training_tokens_per_second,3,3,0,sufficient,0,18.545810325847317,18.246225653216243,1.5887423847888877,8.56658380990048,14.598836916134145,22.492783735560486,470572.405203688,470341.1751961233,509.8230952149456,469305.83220876014,471838.9781986161,919.0867289134532,918.6351078049283,0.9957482328416907,916.6129535327347,921.5605042941721
E056@h100,E056,h100,exact,Distributed training strategy,distilbert,training,training_tokens_per_second,3,3,0,sufficient,0,16.977714340629365,16.910491438931786,0.20736729954572028,1.2214088150221118,16.46254383521118,17.492884846047552,2543518.180523716,2541594.9586898773,13488.078933819546,2510009.230671552,2577027.13037588,4967.808946335383,4964.052653691167,26.3439041676163,4902.361778655375,5033.25611401539
E056@l40s,E056,l40s,exact,Distributed training strategy,distilbert,training,training_tokens_per_second,3,3,0,sufficient,0,19.782893194196124,17.42321343207732,4.152510493339643,20.99041051567675,9.466652715130424,30.099133673261825,902295.0765869612,902125.4272478347,473.5044914336972,901118.7312870799,903471.4218868425,1762.2950714589085,1761.9637250934272,0.9248134598314398,1759.9975220450779,1764.5926208727392
E057@h100,E057,h100,exact,Distributed training strategy,distilbert,training,training_tokens_per_second,3,3,0,sufficient,0,12.634235842657896,13.441440477967262,1.5269854798292555,12.086092889556348,8.840687471563708,16.427784213752084,1276278.3989489947,1275391.3837244092,2464.8991405599413,1270154.7558344393,1282402.04206355,2492.7312479472553,2490.9987963367366,4.814256133906135,2480.7710074891393,2504.6914884053713
E057@l40s,E057,l40s,exact,Distributed training strategy,distilbert,training,training_tokens_per_second,3,3,0,sufficient,0,23.065743590549875,21.8682575202547,3.2796081341918866,14.2185233323046,14.918087794450198,31.213399386649552,500016.32213397714,500073.12005125266,111.79066337466097,499738.5963176217,500294.0479503326,976.5943791679241,976.7053126001028,0.2183411394036347,976.0519459328549,977.1368124029933
E058@h100,E058,h100,exact,Distributed training strategy,distilbert,training,training_tokens_per_second,3,3,0,sufficient,0,16.98466248868499,17.071799692930654,0.18129145794293677,1.067383341080291,16.534273192874778,17.4350517844952,2708000.8819368468,2715865.8022243395,15669.494557703785,2669072.5579020344,2746929.205971659,5289.064222532904,5304.425394969413,30.604481558015205,5213.032339652411,5365.096105413397
E058@l40s,E058,l40s,exact,Distributed training strategy,distilbert,training,training_tokens_per_second,3,3,0,sufficient,0,19.994503427607317,20.77856809925288,2.6658447606029942,13.332888062236853,13.371643431383724,26.61736342383091,754538.8384985136,764478.8904901282,20176.936408095826,704412.5044529785,804665.1725440486,1473.7086689424093,1493.1228329885316,39.40807892206216,1375.8056727597236,1571.611665125095
E059@h100,E059,h100,exact,Distributed training strategy,distilbert,training,training_tokens_per_second,3,3,0,sufficient,0,13.166800562680388,13.460654129041359,0.5782732444644182,4.391904029468327,11.73017424660655,14.603426878754226,1279406.2939504664,1279253.017188656,4284.458366579555,1268762.250328404,1290050.337572529,2498.8404178720048,2498.5410491965936,8.368082747225694,2478.051270172664,2519.6295655713457
E059@l40s,E059,l40s,exact,Distributed training strategy,distilbert,training,training_tokens_per_second,3,3,0,sufficient,0,26.23208020844807,25.522694784216583,1.3201957817789585,5.032752916613101,22.952267385307806,29.511893031588336,500697.33067627344,501064.5686095438,2234.809347852033,495145.3084250873,506249.3529274596,977.9244739770966,978.6417355655152,4.364862007523502,967.0806805177486,988.7682674364445
E060@h100,E060,h100,exact,Distributed training strategy,distilbert,training,training_tokens_per_second,3,3,0,sufficient,0,15.46923627331853,15.280459166038781,0.43646757743619646,2.8215198845273277,14.384903193999627,16.55356935263743,1182332.411618686,1184241.9468367868,4571.227976497318,1170975.935297719,1193688.8879396531,2309.242991442746,2312.9725524155992,8.928179641596325,2287.0623736283574,2331.423609257135
E060@l40s,E060,l40s,exact,Distributed training strategy,distilbert,training,training_tokens_per_second,3,3,0,sufficient,0,21.215233660303056,21.029306986834854,1.0878777158521673,5.127813972125854,18.51257748482841,23.917889835777704,515539.7771567111,517160.8064834145,3513.486307777728,506811.0888778793,524268.46543554286,1006.9136272592013,1010.0797001629189,6.862277944878375,989.865407964608,1023.9618465537947
E061@h100,E061,h100,exact,Distributed training strategy,distilbert,training,training_tokens_per_second,3,3,0,sufficient,0,15.256719395983964,15.180235208012164,0.2372777266355584,1.5552342576217084,14.667241273719236,15.846197518248692,1173375.2417675676,1169227.3280176136,9799.302983193573,1149030.4589514867,1197720.0245836484,2291.7485190772804,2283.6471250344016,19.139263639049947,2244.2001151396225,2339.2969230149383
E061@l40s,E061,l40s,exact,Distributed training strategy,distilbert,training,training_tokens_per_second,3,3,0,sufficient,0,23.43802829924971,19.34958696179092,7.285028389490568,31.082087181044038,5.339553922520814,41.5365026759786,515658.9593650619,516772.16928051406,3959.3143425383187,505822.68346513284,525495.235264991,1007.1464050098865,1009.320643126004,7.733035825270154,987.9349286428376,1026.3578813769354
E062@h100,E062,h100,exact,Distributed training strategy,distilbert,training,training_tokens_per_second,3,3,0,sufficient,0,18.64637921168469,18.51363931002561,0.3992842852788075,2.1413502361284027,17.654422005783623,19.638336417585755,627027.431712986,628418.5325459987,5291.031242984894,613882.7206346081,640172.1427913639,1224.6629525644257,1227.3799463789037,10.33404539645487,1198.9896887394689,1250.3362163893826
E062@l40s,E062,l40s,exact,Distributed training strategy,distilbert,training,training_tokens_per_second,3,3,0,sufficient,0,21.016227933112532,21.101408505812287,0.2217753801199997,1.0552577790164577,20.465262882615068,21.567192983609996,512000.0129244725,512089.65184987726,463.5278766129769,510848.4529099801,513151.57293896494,1000.0000252431104,1000.1751012692915,0.9053278840097205,997.7508845898049,1002.2491658964159
E063@h100,E063,h100,exact,Memory optimisation,gpt2_small,training,training_tokens_per_second,3,3,0,sufficient,0,23.637655429386843,23.552060399902984,0.20360184335429315,0.8613453392724008,23.131839590656785,24.1434712681169,248193.65134758328,248231.44686458944,225.6623769436346,247633.02968236123,248754.27301280532,242.3766126441243,242.41352232870062,0.22037341498401816,241.8291305491809,242.9240947390677
E063@l40s,E063,l40s,exact,Memory optimisation,gpt2_small,training,training_tokens_per_second,3,3,0,sufficient,0,51.959554178795464,52.06847437238321,0.28237343169493184,0.5434485267584678,51.258043073420474,52.661065284170455,90910.53222774707,90761.94392778832,306.06644477425806,90150.15966470879,91670.9047907853,88.77981662865925,88.63471086698078,0.2988930124748614,88.03726529756717,89.52236795975126
E064@h100,E064,h100,exact,Memory optimisation,gpt2_small,training,training_tokens_per_second,3,3,0,sufficient,0,33.851620487635955,30.606788819888607,5.721578482455256,16.901933792342437,19.637284451753864,48.06595652351805,163467.79968658704,163432.5751746432,73.9770505522497,163284.01567336105,163651.58369981303,159.63652313143265,159.6021241939875,0.07224321342993134,159.45704655601665,159.81599970684866
E064@l40s,E064,l40s,exact,Memory optimisation,gpt2_small,training,training_tokens_per_second,3,3,0,sufficient,0,75.0480599628451,74.8285472560674,0.4193145273537202,0.558728003843557,74.00634086123537,76.08977906445483,53313.847536517016,53382.70281513459,402.7662421062868,52313.23997222971,54314.45510080432,52.0643042348799,52.13154571790487,0.3933264083069207,51.08714841038058,53.04146005937922
E065@h100,E065,h100,exact,Memory optimisation,gpt2_small,training,training_tokens_per_second,3,3,0,sufficient,0,15.846880988295501,16.032051884103566,0.32752643781673596,2.066819571994305,15.03319454459147,16.66056743199953,114402.29214796888,114475.77892482739,175.08182365036927,113967.32968389141,114837.25461204635,111.72098842575086,111.79275285627675,0.17097834340856374,111.2962203944252,112.14575645707652
E065@l40s,E065,l40s,exact,Memory optimisation,gpt2_small,training,training_tokens_per_second,3,3,0,sufficient,0,34.97578014526516,35.150568837765604,0.9226550650125904,2.637982801757446,32.68359291415168,37.26796737637864,45021.696420431974,45040.54276208177,92.76371477017021,44791.23997948247,45252.15286138148,43.9665004105781,43.98490504109548,0.09058956520524435,43.74144529246335,44.19155552869285
E066@h100,E066,h100,exact,Memory optimisation,gpt2_small,training,training_tokens_per_second,3,3,0,sufficient,0,21.969852656902123,22.002784004900604,0.08510449781646943,0.3873694518826585,21.75842430127653,22.181281012527716,125585.68812028847,125566.27035063798,50.86303843515082,125459.32713051263,125712.04911006431,122.64227355496921,122.6233108892949,0.04967093597182697,122.51887415089124,122.76567295904718
E066@l40s,E066,l40s,exact,Memory optimisation,gpt2_small,training,training_tokens_per_second,3,3,0,sufficient,0,47.94925237198671,45.95592117123306,3.971566339037194,8.282853522357513,38.08253836902727,57.81596637494615,45782.58321514661,45775.61692296712,72.61957987728348,45602.171618185115,45962.9948121081,44.70955392104161,44.70275090133508,0.07091755847390965,44.5333707208839,44.88573712119932
E067@h100,E067,h100,exact,Memory optimisation,gpt2_small,training,training_tokens_per_second,3,3,0,sufficient,0,34.44461081867727,34.38693185313605,0.12360847038560648,0.358861567739302,34.13752557282595,34.75169606452859,131958.98341849443,131954.55654285563,18.584792871059168,131912.8125074711,132005.15432951777,128.86619474462347,128.86187162388245,0.01814921178814372,128.82110596432724,128.9112835249197
E069@h100,E069,h100,exact,Memory optimisation,gpt2_small,training,training_tokens_per_second,3,3,0,sufficient,0,23.693383548719186,23.70374051691033,0.2124225264025257,0.896547873653144,23.1656541500689,24.221112947369473,243816.53487067518,243789.47696873735,150.8166977529204,243441.8551859945,244191.21455535587,238.10208483464373,238.07566110228257,0.14728193139933632,237.73618670507275,238.4679829642147
E069@l40s,E069,l40s,exact,Memory optimisation,gpt2_small,training,training_tokens_per_second,3,3,0,sufficient,0,53.35939942657327,50.29460664186627,5.8067621364670945,10.882360369249762,38.933438384305006,67.78536046884153,87669.08697040279,87567.27160511955,185.33876312887259,87208.6427996784,88129.53114112717,85.61434274453397,85.51491367687456,0.18099488586803963,85.16469023406094,86.063995255007
E070@h100,E070,h100,exact,Memory optimisation,gpt2_small,training,training_tokens_per_second,3,3,0,sufficient,0,37.09041351561124,36.997101770946756,0.1642732570440359,0.44289950279172213,36.68230318653108,37.4985238446914,250518.58027636367,250430.6924805274,172.12282855438275,250090.9689568614,250946.19159586594,244.6470510511364,244.56122312551503,0.1680886997601394,244.22946187193497,245.06464023033783
E070@l40s,E070,l40s,exact,Memory optimisation,gpt2_small,training,training_tokens_per_second,3,3,0,sufficient,0,85.6483380687423,85.62958575226367,1.5355185335560377,1.7928176636931514,81.833590706241,89.46308543124361,90928.02128122619,90938.03993358728,87.84417566549774,90709.78663924176,91146.25592321061,88.79689578244745,88.80667962264383,0.08578532779833764,88.58377601488453,89.01001555001037
E071@h100,E071,h100,exact,Memory optimisation,gpt2_small,training,training_tokens_per_second,3,3,0,sufficient,0,63.436357304997124,63.4491998211015,0.026390056379965856,0.04160083822764995,63.370795479612575,63.50191913038167,254288.72961183396,254364.0427743141,277.30947538216054,253599.79908661207,254977.66013705585,248.3288375115566,248.4023855217911,0.27081003455289115,247.6560537955196,249.0016212275936
E071@l40s,E071,l40s,exact,Memory optimisation,gpt2_small,training,training_tokens_per_second,3,3,0,sufficient,0,157.60132976683477,156.87702908506617,1.4581080278997285,0.9251876428053902,153.97889628126103,161.2237632524085,92605.44288419573,92505.1150621192,227.2272861286255,92040.93345529285,93169.9523130986,90.43500281659739,90.33702642785079,0.22190164660998585,89.88372407743442,90.98628155576036
E072@h100,E072,h100,exact,Memory optimisation,gpt2_small,training,training_tokens_per_second,3,3,0,sufficient,0,117.14408149135609,117.11103001306765,0.10695554783657327,0.0913025621738008,116.87836773727358,117.4097952454386,255885.69015904446,255910.31833088718,238.3795229694149,255293.47480204975,256477.90551603917,249.88836929594186,249.912420245007,0.23279250289981923,249.3100339863767,250.466704605507
E072@l40s,E072,l40s,exact,Memory optimisation,gpt2_small,training,training_tokens_per_second,3,3,0,sufficient,0,303.1847038056391,302.91521097999066,0.5363084001471042,0.17689164176663488,301.8523323557091,304.5170752555691,93408.92193753376,93448.19276601386,216.38291762982988,92871.35358763757,93946.49028742994,91.21965032962281,91.25800074806041,0.21131144299788074,90.69468123792731,91.7446194213183
E073@h100,E073,h100,exact,Memory optimisation,distilbert,training,training_tokens_per_second,3,3,0,sufficient,0,12.04695581070458,12.002784632146358,0.3942882753437033,3.2729287094533053,11.067410383174455,13.026501238234705,1280241.096580525,1278916.478030023,2485.9360304836996,1274065.1907165474,1286417.002444502,2500.4708917588378,2497.8837461523885,4.855343809538476,2488.4085756182567,2512.533207899418
E073@l40s,E073,l40s,exact,Memory optimisation,distilbert,training,training_tokens_per_second,3,3,0,sufficient,0,15.927482853333155,15.777335193008184,0.5192487434998192,3.260080379814414,14.637493360232865,17.217472346433443,497008.54606913665,496942.6885043745,978.5990289123579,494577.3751109819,499439.71702729136,970.7198165412825,970.5911884851065,1.911326228344449,965.9714357636366,975.4681973189284
E074@h100,E074,h100,exact,Memory optimisation,distilbert,training,training_tokens_per_second,3,3,0,sufficient,0,13.162019427632913,13.14201856101863,0.09047233736280541,0.6873742882711742,12.937255543126211,13.386783312139615,965597.79118599,965334.9392928141,978.3921728188863,963167.1341283319,968028.448243648,1885.9331859101367,1885.4198033062776,1.9109222125368872,1881.1858088443983,1890.680562975875
E074@l40s,E074,l40s,exact,Memory optimisation,distilbert,training,training_tokens_per_second,3,3,0,sufficient,0,26.327857626136392,25.75025055091828,1.0414833932908694,3.9558227945480833,23.74046063885004,28.915254613422746,206706.38696653422,207118.79611351353,3243.9623068713795,198647.28746121417,214765.48647185427,403.72341204401215,404.5288986592061,6.335863880608163,387.98298332268394,419.46384076534036
E075@h100,E075,h100,exact,Memory optimisation,distilbert,training,training_tokens_per_second,3,3,0,sufficient,0,8.161419931411123,8.08292076503858,0.1573724858496293,1.9282488485115767,7.770453451876125,8.552386410946122,347379.9439205207,346991.2571156921,908.2468979317501,345123.55144939804,349636.3363916434,678.476452969767,677.7172990540861,1.7739197225229495,674.0694364246056,682.8834695149285
E075@l40s,E075,l40s,exact,Memory optimisation,distilbert,training,training_tokens_per_second,3,3,0,sufficient,0,13.66266318767642,15.609219003934413,3.3722165475987436,24.681985505142567,5.284936771737922,22.04038960361492,200226.50119652133,200165.46432139305,180.4251533691464,199778.26409426384,200674.73829877883,391.06738514945573,390.9481725027208,0.35239287767411404,390.19192205910906,391.9428482398024
E076@h100,E076,h100,exact,Memory optimisation,distilbert,training,training_tokens_per_second,3,3,0,sufficient,0,8.467138000763953,8.46381208812818,0.0600861971438254,0.7096399886054069,8.317863565406721,8.616412436121184,538597.2781494693,539257.8521792975,1810.6011258757883,534099.1325924235,543095.4237065151,1051.9478088856822,1053.2379925376904,3.536330323976149,1043.162368344577,1060.7332494267873
E076@l40s,E076,l40s,exact,Memory optimisation,distilbert,training,training_tokens_per_second,3,3,0,sufficient,0,18.06820555916056,21.388527263887227,5.9728941340030515,33.057483846118856,3.2295164477887024,32.90689467053242,259421.4834586326,259541.50278416707,775.4351807799537,257495.04021094315,261347.92670632206,506.6825848801418,506.9169976253263,1.5145218374608471,502.92000041199833,510.4451693482853
E077@h100,E077,h100,exact,Memory optimisation,distilbert,training,training_tokens_per_second,3,3,0,sufficient,0,9.28900997232025,9.266004461795092,0.14713584994242102,1.5839777369263472,8.92347475849422,9.65454518614628,687524.6055672806,687038.7911707491,1179.8441720292706,684593.4736108411,690455.73752372,1342.8214952485948,1341.8726390053694,2.304383148494669,1337.096628146174,1348.5463623510157
E077@l40s,E077,l40s,exact,Memory optimisation,distilbert,training,training_tokens_per_second,3,3,0,sufficient,0,17.070456290928025,17.952839168719947,1.9381198231567924,11.35364978021585,12.255511161951468,21.885401419904582,281813.92002392234,281723.90924152284,2155.1388923224285,276459.8261294829,287168.0139183618,550.4178125467233,550.2420102373493,4.209255649067243,539.9605979091463,560.8750271843004
E078@h100,E078,h100,exact,Memory optimisation,distilbert,training,training_tokens_per_second,3,3,0,sufficient,0,11.268214962988472,11.241889780852944,0.1718244508822621,1.524859540278881,10.841344914537556,11.695085011439387,792307.0493160523,792310.1935612536,64.59918943216434,792146.5630815193,792467.5355505854,1547.4747056954147,1547.4808467993234,0.12617029185969597,1547.1612560185924,1547.788155372237
E078@l40s,E078,l40s,exact,Memory optimisation,distilbert,training,training_tokens_per_second,3,3,0,sufficient,0,22.99481322336942,22.692832380067557,0.9423312220405068,4.098016421732985,20.653743763558523,25.335882683180316,277956.6941198655,278399.77871275024,867.2249452907154,275802.21405306895,280111.174186662,542.8841682028623,543.7495677983403,1.6937987212709285,538.6761993224003,547.0921370833242
E079@h100,E079,h100,exact,Memory optimisation,distilbert,training,training_tokens_per_second,3,3,0,sufficient,0,12.243958886014298,12.14539050986059,0.4438698216333327,3.625214897939134,11.141236128609112,13.346681643419483,1259412.5426943891,1259957.23666896,2466.9491501847915,1253283.8066625951,1265541.278726183,2459.7901224499788,2460.8539778690624,4.818260058954671,2447.819934887881,2471.7603100120764
E079@l40s,E079,l40s,exact,Memory optimisation,distilbert,training,training_tokens_per_second,3,3,0,sufficient,0,23.539685867726803,25.29551518894732,3.7551328190232667,15.952348897618892,14.210665928099797,32.868705807353805,471522.304506791,471620.19127654127,668.2038301629598,469862.26020056946,473182.34881301265,920.9420009898262,921.1331860869947,1.3050856057870308,917.6997269542372,924.1842750254153
E080@h100,E080,h100,exact,Memory optimisation,distilbert,training,training_tokens_per_second,3,3,0,sufficient,0,14.38605037991268,14.401894602924585,0.29261957050233733,2.034050783743422,13.65908440041067,15.11301635941469,1363279.0124333913,1364542.056454002,2349.044168653469,1357443.1922521673,1369114.8326146153,2662.6543211589674,2665.1212040117225,4.587976891901307,2651.256234867514,2674.0524074504206
E080@l40s,E080,l40s,exact,Memory optimisation,distilbert,training,training_tokens_per_second,3,3,0,sufficient,0,27.34300675600146,28.136619101278484,3.5595108326986096,13.017993465248074,18.499977991388832,36.18603552061409,546251.6000379795,546456.0667215162,388.4358865439497,545286.5939235546,547216.6061524044,1066.8976563241788,1067.2970053154613,0.7586638409061518,1065.0128787569427,1068.782433891415
E081@h100,E081,h100,exact,Memory optimisation,distilbert,training,training_tokens_per_second,3,3,0,sufficient,0,18.734710397043575,18.760525298072025,0.13106781203542406,0.6995988155552549,18.40909362372268,19.06032717036447,1428006.7392482692,1428922.6759897687,2068.639756012189,1422867.5384631522,1433145.9400333862,2789.075662594276,2790.864601542517,4.040312023461307,2779.0381610608442,2799.1131641277075
E081@l40s,E081,l40s,exact,Memory optimisation,distilbert,training,training_tokens_per_second,3,3,0,sufficient,0,39.24650650300706,41.9960814518854,5.022031816518058,12.796124455391386,26.770080977817692,51.72293202819643,591952.4283138214,591804.7677287934,1619.1169150965804,587929.994297905,595974.8623297379,1156.1570865504325,1155.8686869702997,3.1623377247980087,1148.3007701130957,1164.0134029877693
E082@h100,E082,h100,exact,Memory optimisation,distilbert,training,training_tokens_per_second,3,3,0,sufficient,0,28.201055887698505,28.113300479017198,0.15940760939621118,0.5652540459158689,27.805033472978074,28.597078302418936,1464957.6278010558,1464987.2151355688,400.8042025180978,1463961.8946066836,1465953.360995428,2861.245366798937,2861.3031545616577,0.7828207080431597,2859.300575403679,2863.190158194195
E082@l40s,E082,l40s,exact,Memory optimisation,distilbert,training,training_tokens_per_second,3,3,0,sufficient,0,57.23601144816106,58.0754137490876,2.0876778163782546,3.6474900391496963,52.04951368226432,62.4225092140578,616223.4063360713,617577.8217673835,3127.2733444761875,608454.2016785194,623992.6109936235,1203.5613405001393,1206.2066831394209,6.107955750930054,1188.3871126533581,1218.735568346921
E083@h100,E083,h100,exact,Precision study,gpt2_small,training,training_tokens_per_second,3,3,0,sufficient,0,45.761209999754406,45.815312307095155,0.14869806844968156,0.32494348040726984,45.39179370680104,46.130626292707774,46251.067507578584,46222.034798764784,59.39809400245568,46103.502553146725,46398.63246201044,45.16705811286971,45.138705858168734,0.058005951174273124,45.02295171205735,45.31116451368207
E083@l40s,E083,l40s,exact,Precision study,gpt2_small,training,training_tokens_per_second,3,3,0,sufficient,0,76.35440789333855,74.40911329211667,3.5565292180145485,4.657922595618523,67.51878646800803,85.19002931866906,26354.000090952202,26345.08969815466,66.4380240770922,26188.945569252002,26519.054612652402,25.73632821382051,25.72762665835416,0.06488088288778535,25.57514215747266,25.89751427016836
E084@h100,E084,h100,exact,Precision study,gpt2_small,training,training_tokens_per_second,3,3,0,sufficient,0,21.709861243686948,21.331925265025347,0.7493993739776456,3.4518846784226445,19.848099745620978,23.57162274175292,122367.10806302777,122409.13258731036,91.15726537890417,122140.64258568072,122593.57354037483,119.49912896780056,119.54016854229528,0.0890207669715861,119.27797127507883,119.72028666052229
E084@l40s,E084,l40s,exact,Precision study,gpt2_small,training,training_tokens_per_second,3,3,0,sufficient,0,51.31937842986857,50.86583442892879,0.964997257642385,1.8803759655061287,48.921998871780715,53.71675798795643,45162.89054473342,45208.351783656944,104.0671633128051,44904.35251468363,45421.428574783204,44.10438529759123,44.148781038727485,0.10162808917266124,43.851906752620735,44.35686384256172
E085@h100,E085,h100,exact,Precision study,gpt2_small,training,training_tokens_per_second,3,3,0,sufficient,0,20.8537002793358,20.912293621106073,0.27952954680030645,1.3404314009312575,20.1592543458646,21.548146212807,125673.97699997124,125595.36358332704,153.27462463873886,125293.19099361486,126054.76300632763,122.72849316403442,122.65172224934281,0.14968225062376841,122.35663182970201,123.10035449836683
E085@l40s,E085,l40s,exact,Precision study,gpt2_small,training,training_tokens_per_second,3,3,0,sufficient,0,45.66718552572032,45.60931108891964,0.46503436473250687,1.0183118564873979,44.51188288523216,46.82248816620848,45738.967286214895,45712.46115294235,74.57654466941794,45553.693926847955,45924.240645581835,44.66696024044423,44.64107534467026,0.07282865690372846,44.486029225437456,44.84789125545101
E086@h100,E086,h100,exact,Precision study,gpt2_small,training,training_tokens_per_second,3,3,0,sufficient,0,16.317530730428796,16.55947853717953,0.44423731495702284,2.7224542873304522,15.213894995318263,17.42116646553933,167305.327873247,167329.05856988,341.76678776909273,166456.26358405643,168154.39216243758,163.38410925121778,163.40728375964844,0.3337566286807546,162.5549449063051,164.21327359613045
E086@l40s,E086,l40s,exact,Precision study,gpt2_small,training,training_tokens_per_second,3,3,0,sufficient,0,36.143141573450215,36.16235100571066,0.04322750645342347,0.11960085529802768,36.03574982751745,36.25053331938298,70164.22508224145,70104.01853957117,117.97349338698626,69871.13902505083,70457.31113943207,68.51975105687642,68.46095560504997,0.11520848963572877,68.2335342041512,68.80596790960163
E087@h100,E087,h100,exact,Precision study,gpt2_small,inference,generated_tokens_per_second,3,3,0,sufficient,0,56.90026760900704,57.08390693902038,0.3480531640037032,0.6116898542470265,56.03558583514494,57.76494938286913,270.8539089241971,270.39467163131894,1.0688654660777372,268.19848560726325,273.509332241131,,,,,
E087@l40s,E087,l40s,exact,Precision study,gpt2_small,inference,generated_tokens_per_second,3,3,0,sufficient,0,55.39010216978689,55.75314534083009,1.6501419491849016,2.979127830684863,51.290591476270315,59.48961286330347,287.94169341153116,289.877464381769,7.1045877647031,270.29149457329544,305.5918922497669,,,,,
E088@h100,E088,h100,exact,Precision study,gpt2_small,inference,generated_tokens_per_second,3,3,0,sufficient,0,53.734819477424026,53.63408215320669,0.5635732254348218,1.04880453850152,52.33471298028849,55.134925974559565,290.06987860849614,290.96365343146545,3.525418063946323,281.3115478119223,298.82820940506997,,,,,
E088@l40s,E088,l40s,exact,Precision study,gpt2_small,inference,generated_tokens_per_second,3,3,0,sufficient,0,54.59307651904722,54.53341867402196,0.2391489930363938,0.43805736603423706,53.99894953816495,55.187203499929495,295.74674668169615,294.44841088304435,4.788810697051115,283.84972129458635,307.64377206880596,,,,,
E090@h100,E090,h100,exact,Precision study,distilbert,training,training_tokens_per_second,3,3,0,sufficient,0,18.99741664699589,19.107445100089535,0.242905571141574,1.2786242237835284,18.393957055594367,19.600876238397415,141780.80514168585,141771.9087735994,69.90037981380358,141607.14895733813,141954.46132603358,276.9156350423552,276.8982593234363,0.13652417932383512,276.576462807301,277.2548072774093
E090@l40s,E090,l40s,exact,Precision study,distilbert,training,training_tokens_per_second,3,3,0,sufficient,0,27.061257709904265,26.98107663076371,1.788320681363779,6.608416728204262,22.61846431245808,31.50405110735045,94507.95416718967,94462.09131044983,483.09460105692796,93307.78379154942,95708.12454282993,184.58584798279233,184.49627209072233,0.9435441426893124,182.24176521786995,186.9299307477147
E091@h100,E091,h100,exact,Precision study,distilbert,training,training_tokens_per_second,3,3,0,sufficient,0,9.560816165370246,9.580972091993317,0.07831255769047157,0.8190990845961831,9.366261286108312,9.75537104463218,662546.0943314709,662850.7755873364,836.5074352562359,660467.9269485176,664624.2617144242,1294.035340491154,1294.6304210690164,1.6338035844848358,1289.9764198213234,1298.0942611609848
E091@l40s,E091,l40s,exact,Precision study,distilbert,training,training_tokens_per_second,3,3,0,sufficient,0,17.39851899476101,17.077675299718976,0.7930241625758159,4.557998084863481,15.42837876755059,19.368659221971427,278571.8548117872,279027.81513486704,1063.487510871036,275929.792154456,281213.9174691184,544.0856539292719,544.9762014352872,2.077124044669992,538.9253753016719,549.2459325568718
E092@h100,E092,h100,exact,Precision study,distilbert,training,training_tokens_per_second,3,3,0,sufficient,0,9.311823712351421,9.264217933872715,0.09243130858245302,0.9926230504111667,9.082193080794744,9.541454343908098,686880.6269087517,686651.03944868,594.2062464335462,685404.4176271126,688356.8361903907,1341.5637244311556,1341.1153114232031,1.16055907506552,1338.6805031779543,1344.446945684357
E092@l40s,E092,l40s,exact,Precision study,distilbert,training,training_tokens_per_second,3,3,0,sufficient,0,16.46147880408292,16.49672703910619,0.21364429412967717,1.2978438733990731,15.930714121186373,16.992243486979465,284327.66722803004,284711.06870216207,1134.7422065109565,281508.58380779816,287146.7506482619,555.3274750547462,556.0763060589103,2.216293372091712,549.8214527496058,560.8334973598866
E093@h100,E093,h100,exact,Precision study,distilbert,training,training_tokens_per_second,3,3,0,sufficient,0,7.6230819143044455,7.551162901800126,0.15664259996988472,2.0548460810312212,7.233928718148212,8.01223511046068,750064.5180899504,751099.2081601446,2544.6766205704153,743742.6807336413,756386.3554462596,1464.9697618944344,1466.9906409377825,4.970071524551592,1452.622423307893,1477.3171004809758
E093@l40s,E093,l40s,exact,Precision study,distilbert,training,training_tokens_per_second,3,3,0,sufficient,0,15.535912012991806,15.536036071833223,0.04334836752152715,0.27902042368209445,15.428220007289651,15.643604018693962,405259.5927374661,405731.4046352342,1669.4286647783156,401112.1673194877,409407.0181554445,791.5226420653635,792.4441496781918,3.2606028608951476,783.4222017958745,799.6230823348525
E094@h100,E094,h100,exact,Precision study,distilbert,inference,input_tokens_per_second,3,3,0,sufficient,0,11.0854377450111,10.90471026697196,0.6308075826756631,5.690416537313127,9.518298365270107,12.652577124752094,75970.69410869609,75812.3404799562,556.9836015506096,74586.95846595458,77354.4297514376,593.5210477241882,592.2839099996578,4.351434387114137,582.7106130152702,604.3314824331062
E094@l40s,E094,l40s,exact,Precision study,distilbert,inference,input_tokens_per_second,3,3,0,sufficient,0,15.29633016899849,14.86693558190018,0.9716533023470955,6.352198805935642,12.882414744734419,17.71024559326256,91371.8375971422,90937.40399266213,1263.3924277487088,88233.14351678018,94510.53167750423,713.8424812276735,710.4484686926729,9.870253341786787,689.3214337248452,738.3635287305018
E095@h100,E095,h100,exact,Precision study,distilbert,inference,input_tokens_per_second,3,3,0,sufficient,0,10.479334449317927,10.449526543961838,0.06701140626253088,0.6394624256590311,10.312855452346469,10.645813446289385,81384.43323736038,81348.83375742349,331.5029712008744,80560.86773983347,82207.9987348873,635.815884666878,635.537763729871,2.5898669625068313,629.381779217449,642.249990116307
E095@l40s,E095,l40s,exact,Precision study,distilbert,inference,input_tokens_per_second,3,3,0,sufficient,0,14.420316262325892,15.832329329103231,2.760348608668493,19.142080925645864,7.562676745519633,21.27795577913215,92619.91323311611,93078.16174012059,846.9789670718661,90515.73102357356,94724.09544265865,723.5930721337196,727.1731385946921,6.617023180248954,707.1541486216685,740.0319956457707
E097@h100,E097,h100,exact,Data movement,gpt2_small,training,training_tokens_per_second,3,3,0,sufficient,0,20.87189153395593,20.95981735107489,0.2636914614584645,1.2633807579417122,20.216792761046147,21.526990306865716,125410.9985412924,125427.70081539548,184.17631147100062,124953.442293637,125868.5547889478,122.47167826298086,122.48798907753465,0.17985967917089904,122.02484598987988,122.91851053608184
E097@l40s,E097,l40s,exact,Data movement,gpt2_small,training,training_tokens_per_second,3,3,0,sufficient,0,49.4159080106765,47.91002977080643,2.6344260429686264,5.331129486479229,42.87110273512848,55.960713286224525,45750.54685574933,45787.32750148611,88.05579115828435,45531.786489310696,45969.30722218796,44.678268413817705,44.714187013170026,0.08599198355301206,44.46463524346748,44.89190158416793
E098@h100,E098,h100,exact,Data movement,gpt2_small,training,training_tokens_per_second,3,3,0,sufficient,0,20.906622315446537,20.990447540069,0.2435396324986958,1.1648922950062588,20.301587501189093,21.51165712970398,125468.86699816452,125428.32066384982,77.37534592446714,125276.64046990217,125661.09352642688,122.52819042789504,122.48859439829084,0.07556186125436244,122.34046920888883,122.71591164690125
E098@l40s,E098,l40s,exact,Data movement,gpt2_small,training,training_tokens_per_second,3,3,0,sufficient,0,46.49855727655813,46.389193516690284,0.30489886477159284,0.6557168278537217,45.74108537713177,47.256029175984494,45804.00607099105,45808.996398210875,49.12891731982112,45681.953224559875,45926.05891742222,44.730474678702194,44.73534804512781,0.04797745832013781,44.61128244585925,44.849666911545135
E099@h100,E099,h100,exact,Data movement,gpt2_small,training,training_tokens_per_second,3,3,0,sufficient,0,20.984498807461932,20.94970294716768,0.1591777131141777,0.7585490345739174,20.58904753285891,21.379950082064955,125553.88804088421,125529.1532373177,100.30455027088558,125304.69761417761,125803.07846759084,122.61121878992599,122.58706370831807,0.0979536623739117,122.36786876384532,122.85456881600668
E099@l40s,E099,l40s,exact,Data movement,gpt2_small,training,training_tokens_per_second,3,3,0,sufficient,0,48.68810759965951,50.248286911752075,2.762335801205062,5.673532896202316,41.82553122450736,55.55068397481166,45699.67899488932,45679.02687887567,69.80795986208908,45526.25241295885,45873.10557681978,44.6285927684466,44.608424686402024,0.06817183580282137,44.459230872030126,44.79795466486306
E100@h100,E100,h100,exact,Data movement,gpt2_small,training,training_tokens_per_second,3,3,0,sufficient,0,21.43308567535132,21.254104760009795,0.37644496177545406,1.756373148866646,20.497869073481887,22.368302277220756,125557.75555048953,125574.6500793906,109.02108848041237,125286.91029486468,125828.60080611438,122.61499565477493,122.63149421815488,0.10646590671915271,122.35049833482879,122.87949297472107
E100@l40s,E100,l40s,exact,Data movement,gpt2_small,training,training_tokens_per_second,3,3,0,sufficient,0,46.87253800407052,46.0521581992507,1.6614609072042565,3.5446361088020697,42.74490719066806,51.00016881747298,45738.26122213123,45748.8512306549,21.09468014856546,45685.854902245796,45790.667542016665,44.66627072473753,44.67661252993643,0.020600273582583456,44.61509267797441,44.71744877150065
E101@h100,E101,h100,exact,Data movement,gpt2_small,training,training_tokens_per_second,3,3,0,sufficient,0,21.142705995046224,21.068051979178563,0.1948015763208725,0.9213653936563979,20.65875299595074,21.62665899414171,124569.7190033568,124625.36875659703,113.01155132619877,124288.96008841528,124850.47791829833,121.65011621421563,121.70446167636429,0.11036284309199099,121.37593758634304,121.92429484208822
E101@l40s,E101,l40s,exact,Data movement,gpt2_small,training,training_tokens_per_second,3,3,0,sufficient,0,49.35309992575397,50.34884189488366,2.768146655218903,5.608860759269953,42.47608742395225,56.230112427555696,45588.29514893063,45616.245081890585,84.14454316092586,45379.25164533406,45797.3386525272,44.51981948137757,44.547114337783775,0.08217240543059166,44.31567543489654,44.723963527858594
E102@h100,E102,h100,exact,Data movement,gpt2_small,training,training_tokens_per_second,3,3,0,sufficient,0,20.857247586750116,20.803245335118845,0.2532437997909301,1.2141765050140512,20.22810433890862,21.486390834591614,125312.53853643309,125332.67711486644,66.00248449445326,125148.56604235928,125476.5110305069,122.37552591448544,122.39519249498676,0.06445555126411451,122.21539652574148,122.53565530322939
E102@l40s,E102,l40s,exact,Data movement,gpt2_small,training,training_tokens_per_second,3,3,0,sufficient,0,51.81996382695312,51.486046875827014,2.0619693661962453,3.97910228784018,46.69733454612031,56.94259310778593,45769.10134137818,45745.734087260156,46.46026886628118,45653.67832026472,45884.52436249163,44.696388028689626,44.673568444589996,0.04537135631472772,44.583670234633516,44.809105822745735
E103@h100,E103,h100,exact,Data movement,gpt2_small,training,training_tokens_per_second,3,3,0,sufficient,0,21.279683527691912,21.100558494916186,0.5984126336143891,2.81213126518379,19.79302415766052,22.766342897723305,125369.22825987602,125393.68331908378,146.66603127659013,125004.8602345125,125733.59628523955,122.43088697253518,122.45476886629275,0.14322854616854505,122.07505882276611,122.78671512230424
E103@l40s,E103,l40s,exact,Data movement,gpt2_small,training,training_tokens_per_second,3,3,0,sufficient,0,47.14234683973094,48.09497550409287,1.6561521771142478,3.5130881004813803,43.02790470732876,51.25678897213312,45746.19946034121,45752.61941277206,143.4951636800463,45389.70894250131,46102.68997818111,44.67402291048946,44.680292395285214,0.1401319957812952,44.32588763916144,45.02215818181749
E104@h100,E104,h100,exact,Data movement,gpt2_small,training,training_tokens_per_second,3,3,0,sufficient,0,21.134136855990317,20.94020737404935,0.609178564912221,2.8824388195421085,19.62073127148754,22.647542440493094,125493.44651232008,125457.03710933478,112.55658276734133,125213.81789315291,125773.07513148725,122.55219385968758,122.51663780208474,0.10991853785873176,122.27911903628214,122.82526868309301
E104@l40s,E104,l40s,exact,Data movement,gpt2_small,training,training_tokens_per_second,3,3,0,sufficient,0,50.275655018320926,50.58015842130408,0.6887339770905481,1.369915472686665,48.564606883664645,51.986703152977206,45728.02202480033,45749.59149772411,57.985600986004435,45583.96618073823,45872.077868862434,44.656271508594074,44.6773354469962,0.056626563462894956,44.51559197337718,44.79695104381097
E105@h100,E105,h100,exact,Data movement,distilbert,training,training_tokens_per_second,3,3,0,sufficient,0,9.45553617257004,9.593634318793193,0.25702115931126407,2.718208196980595,8.817008686145604,10.094063658994477,684143.8808746521,684515.3461456861,719.8559526581589,682355.5152269747,685932.2465223294,1336.2185173333048,1336.9440354407932,1.4059686575354666,1332.725615677685,1339.7114189889246
E105@l40s,E105,l40s,exact,Data movement,distilbert,training,training_tokens_per_second,3,3,0,sufficient,0,15.487226890555272,14.426424433942884,2.0108915155387526,12.984193553495846,10.491492265709887,20.482961515400657,282169.8339904261,282057.64901013224,460.70051325877836,281025.2981027433,283314.3698781089,551.112957012551,550.8938457229145,0.8998056899585515,548.8775353569205,553.3483786681815
E106@h100,E106,h100,exact,Data movement,distilbert,training,training_tokens_per_second,3,3,0,sufficient,0,9.355627455050126,9.375773778185248,0.03719061181254965,0.39752129925261537,9.263233397133302,9.44802151296695,685169.5196377217,686046.3956382754,2627.478765676204,678641.9737485951,691697.0655268483,1338.2217180424252,1339.9343664810067,5.131794464211336,1325.4726049777248,1350.9708311071256
E106@l40s,E106,l40s,exact,Data movement,distilbert,training,training_tokens_per_second,3,3,0,sufficient,0,14.084002006333321,14.03459554631263,1.2030207261179249,8.541753441791247,11.09529165103413,17.07271236163251,282212.9003741154,282375.2858524315,1679.856368094507,278039.5690143636,286386.2317338672,551.1970710431941,551.5142301805303,3.280969468934584,543.0460332311789,559.3481088552094
E107@h100,E107,h100,exact,Data movement,distilbert,training,training_tokens_per_second,3,3,0,sufficient,0,9.928470986662433,9.935229304945096,0.47962369638810065,4.830791136242536,8.736923512108383,11.120018461216482,684716.11178284,685500.8410262406,1734.3337986613662,680407.4400608396,689024.7835048403,1337.3361558258594,1338.8688301293762,3.387370700510481,1328.9207813688274,1345.7515302828913
E107@l40s,E107,l40s,exact,Data movement,distilbert,training,training_tokens_per_second,3,3,0,sufficient,0,19.723345746286213,22.934588457923383,5.8042098913603954,29.428120188245916,5.303725344053527,34.1429661485189,281549.0429388198,281456.23832251795,319.8924549382269,280754.32189046254,282343.76398717705,549.9004744898824,549.7192154736679,0.6247899510512244,548.3482849423096,551.4526640374552
E108@h100,E108,h100,exact,Data movement,distilbert,training,training_tokens_per_second,3,3,0,sufficient,0,9.950532591280838,9.682951950002462,0.5781598567569641,5.810340817973674,8.514187968620984,11.386877213940693,684071.1325334733,684227.8528228016,1776.8033279812712,679656.952137094,688485.3129298526,1336.07643072944,1336.3825250445343,3.4703189999634203,1327.4549846427617,1344.6978768161184
E108@l40s,E108,l40s,exact,Data movement,distilbert,training,training_tokens_per_second,3,3,0,sufficient,0,14.202191716680924,14.03702897997573,1.3348194894100973,9.39868659738137,10.886048657925274,17.51833477543657,281412.94854819926,281270.4655626896,1397.0756253072873,277942.14019233163,284883.7569040668,549.6346651332017,549.3563780521281,2.7286633306782955,542.8557425631477,556.4135877032554
E109@h100,E109,h100,exact,Data movement,distilbert,training,training_tokens_per_second,3,3,0,sufficient,0,9.313823131922012,9.269305782858282,0.08916607433549265,0.9573520247543312,9.092304446564183,9.535341817279841,666171.5544989173,665984.5912318503,880.2097240582933,663984.8158501019,668358.2931477327,1301.1163173806979,1300.7511547497077,1.7191596173013541,1296.8453434572302,1305.3872913041655
E109@l40s,E109,l40s,exact,Data movement,distilbert,training,training_tokens_per_second,3,3,0,sufficient,0,15.22022961297383,15.618433279916644,1.3218083175279502,8.684549124023935,11.936410705660055,18.504048520287604,277612.5803972925,277464.6370508191,1144.7090692930105,274768.73591903405,280456.42487555096,542.2120710884619,541.9231192398811,2.235759900962911,536.6576873418634,547.7664548350605
E110@h100,E110,h100,exact,Data movement,distilbert,training,training_tokens_per_second,3,3,0,sufficient,0,9.299324473754192,9.330982270184904,0.06794135434402193,0.7306052663908565,9.130535171232129,9.468113776276255,684231.9824959795,684911.3409054683,1667.0365277771741,680090.4999553526,688373.4650366064,1336.39059081246,1337.7174627059928,3.255930718314793,1328.301757725298,1344.479423899622
E110@l40s,E110,l40s,exact,Data movement,distilbert,training,training_tokens_per_second,3,3,0,sufficient,0,17.81306897988543,18.230426385998726,1.7465599868692312,9.804935852667791,13.474023271378151,22.152114688392707,282506.11633488844,282413.3901354663,1315.3355814516574,279238.3778931214,285773.8547766555,551.769758466579,551.5886526083326,2.5690148075227683,545.3874568225027,558.1520601106553
E111@h100,E111,h100,exact,Data movement,distilbert,training,training_tokens_per_second,3,3,0,sufficient,0,9.23810128099285,9.24523284798488,0.0628114116661653,0.6799168980253347,9.082056491071894,9.394146070913807,684283.4828015286,684819.7224792227,1680.9185387685548,680107.5126505876,688459.4529524699,1336.4911773467356,1337.5385204672318,3.2830440210323335,1328.334985645679,1344.6473690477928
E111@l40s,E111,l40s,exact,Data movement,distilbert,training,training_tokens_per_second,3,3,0,sufficient,0,15.854196317649135,16.89022099133581,1.9041557976603891,12.010421465140137,11.123629314921748,20.584763320376524,283368.3864329841,283853.48626012035,1248.9068418065442,280265.6794472481,286471.09341872006,553.453879751922,554.4013403517976,2.4392711754034067,547.3939051704065,559.5138543334376
E112@h100,E112,h100,exact,Data movement,distilbert,training,training_tokens_per_second,3,3,0,sufficient,0,10.067244668724015,10.411472772015259,0.627219997797728,6.230304501750285,8.509018063170878,11.625471274277153,684128.9366723954,684046.9520272589,1568.0906999228519,680233.2690324612,688024.6043123297,1336.1893294382724,1336.02920317824,3.06267714828682,1328.5806035790258,1343.7980552975189
E112@l40s,E112,l40s,exact,Data movement,distilbert,training,training_tokens_per_second,3,3,0,sufficient,0,14.298668280088654,14.375752566382289,0.18303032955431642,1.280051582210575,13.843959039094923,14.753377521082385,282528.13825027115,282774.5513376566,1253.5800098986713,279413.82153449,285642.4549660523,551.8127700200608,552.2940455813606,2.4483984568333423,545.7301201845507,557.8954198555709
E113@h100,E113,h100,platform_specific,Communication analysis,gpt2_small,training,training_tokens_per_second,3,3,0,sufficient,0,126.95422720404652,127.06944095506333,0.218090208441641,0.17178648812624148,126.41241736635384,127.4960370417392,240728.081181044,240702.70352226228,51.127339782549114,240601.0635773323,240855.09878475568,235.08601677836327,235.06123390845926,0.04992904275639562,234.96197614973858,235.21005740698797
E113@l40s,E113,l40s,platform_specific,Communication analysis,gpt2_small,training,training_tokens_per_second,3,3,0,sufficient,0,178.84713015736392,180.94654505699873,4.492793933060879,2.512086120200957,167.6855105273392,190.00874978738864,66354.78698154035,65414.86460870313,5584.684575642534,52480.54170883972,80229.03225424101,64.7995966616605,63.88170371943665,5.453793530900912,51.25052901253879,78.34866431078224
E114@h100,E114,h100,platform_specific,Communication analysis,gpt2_small,training,training_tokens_per_second,3,3,0,sufficient,0,126.70632608692783,126.68020498286933,0.5259889375848241,0.41512444865930803,125.39959167213065,128.01306050172502,245207.66068161558,244988.3089561829,434.3619870046529,244128.55860105684,246286.76276217433,239.46060613439022,239.24639546502237,0.42418162793423136,238.40679550884457,240.51441675993587
E114@l40s,E114,l40s,platform_specific,Communication analysis,gpt2_small,training,training_tokens_per_second,3,3,0,sufficient,0,174.76541585226855,178.78699555108324,8.370574137987761,4.789605596260255,153.97007869566553,195.56075300887156,66379.1934254788,57655.467002263664,16085.710765662052,26416.8475623126,106341.53928864501,64.82343107956915,56.30416699439811,15.708701919591848,25.797702697570898,103.8491594615674
E115@h100,E115,h100,platform_specific,Communication analysis,gpt2_small,training,training_tokens_per_second,3,3,0,sufficient,0,141.54641289450228,140.6598988212645,2.0047688992482673,1.4163332423990613,136.56588891924224,146.52693686976232,481818.50673839,481712.39502976305,315.5292627676038,481034.6253350525,482602.38814172754,470.525885486709,470.422260771253,0.3081340456714881,469.7603763037622,471.2913946696558
E115@l40s,E115,l40s,platform_specific,Communication analysis,gpt2_small,training,training_tokens_per_second,3,3,0,sufficient,0,154.38737627382702,153.82562940381467,1.9604772087726168,1.2698429470654673,149.51688783752687,159.25786471012717,171697.2393242639,171708.17927936945,22.57503471948485,171641.1553029561,171753.32334557173,167.67308527760147,167.68376882750923,0.022045932343246925,167.61831572554306,167.7278548296599
E116@h100,E116,h100,platform_specific,Communication analysis,gpt2_small,training,training_tokens_per_second,3,3,0,sufficient,0,128.6723726649458,128.1526196980849,1.5514527855884488,1.2057388493397314,124.81803923129934,132.52670609859229,494195.4252031906,494490.2541598528,638.4060233876455,492609.408726865,495781.44167951593,482.6127199249908,482.90063882798125,0.6234433822144976,481.0638757098291,484.1615641401523
E116@l40s,E116,l40s,platform_specific,Communication analysis,gpt2_small,training,training_tokens_per_second,3,3,0,sufficient,0,144.55322152686617,143.6177476090379,4.587703452390912,3.1737123558593656,133.15581455163627,155.95062850209607,178974.32118129838,179025.56672311155,114.3155567084286,178690.3226759619,179258.31968663484,174.7796105286117,174.82965500303862,0.1116362858480748,174.50226823824406,175.05695281897934
E117@h100,E117,h100,platform_specific,Communication analysis,distilbert,training,training_tokens_per_second,3,3,0,sufficient,0,74.58344639504018,74.52627521404065,0.2786459522223183,0.37360294501066166,73.89119560933975,75.27569718074062,1165166.2878998045,1164340.5626405168,1841.9909893059396,1160590.1593056852,1169742.4164939239,2275.7154060543057,2274.1026614072593,3.5976386509881633,2266.7776548939164,2284.653157214695
E117@l40s,E117,l40s,platform_specific,Communication analysis,distilbert,training,training_tokens_per_second,3,3,0,sufficient,0,84.27662469586357,85.53555855061859,3.0366750688074613,3.6032234083486094,76.73249679616345,91.8207525955637,310799.59931543336,233746.81540759248,139707.37294911293,-36280.76528647344,657879.9639173402,607.0304674129558,456.53674884295407,272.8659627912362,-70.86086970014344,1284.921804526055
E118@h100,E118,h100,platform_specific,Communication analysis,distilbert,training,training_tokens_per_second,3,3,0,sufficient,0,71.84154251574849,71.87993881898001,0.30710469647074556,0.4274750871383708,71.07859058435079,72.60449444714618,1059865.7505127569,1060072.783382936,1763.1706068076248,1055485.4384064728,1064246.062619041,2070.0502939702283,2070.4546550447967,3.4436925914211423,2061.494996887642,2078.6055910528144
E118@l40s,E118,l40s,platform_specific,Communication analysis,distilbert,training,training_tokens_per_second,3,3,0,sufficient,0,79.62520065096517,81.98690321296453,5.074595124671908,6.3731018360835945,67.01819009097333,92.232211210957,289365.701742708,192952.7707130627,167734.33479635965,-127343.11503952369,706074.5185249395,565.1673862162265,376.8608802989506,327.60612264913993,-248.7170215615697,1379.0517939940225
E119@h100,E119,h100,platform_specific,Communication analysis,distilbert,training,training_tokens_per_second,3,3,0,sufficient,0,86.04886043226968,84.29243679810315,4.892823817564198,5.686099493921144,73.89343127570234,98.20428958883701,2332199.787029198,2333887.741649627,17064.40904904202,2289806.0236262106,2374593.550432185,4555.077709041402,4558.374495409428,33.328923923910196,4472.277389894943,4637.878028187862
E119@l40s,E119,l40s,platform_specific,Communication analysis,distilbert,training,training_tokens_per_second,3,3,0,sufficient,0,81.39243346002574,81.12142106611282,2.1941162102897462,2.695725041035101,75.94150672530215,86.84336019474934,893854.136464028,893565.8264998242,793.8200686929151,891882.0189368407,895826.2539912154,1745.8088602813048,1745.245754882469,1.5504298216658499,1741.957068236017,1749.6606523265925
E120@h100,E120,h100,platform_specific,Communication analysis,distilbert,training,training_tokens_per_second,3,3,0,sufficient,0,74.3435210105963,74.2036310909316,0.8193058074350955,1.1020540812404063,72.3080882888844,76.3789537323082,2341284.4809127203,2333152.0700991205,14857.55120819243,2304373.2987640924,2378195.6630613473,4572.821251782657,4556.937636912345,29.01865470350084,4500.729099148618,4644.913404416694
E120@l40s,E120,l40s,platform_specific,Communication analysis,distilbert,training,training_tokens_per_second,3,3,0,sufficient,0,73.25816561359291,72.70498672686517,3.2547026352305224,4.442784784426296,65.1723835001603,81.34394772702552,697162.9008873494,686584.0378842774,23147.189400437463,639657.4538445544,754668.3479301444,1361.6462907956043,1340.9844489927293,45.20935429772942,1249.3309645401453,1473.9616170510633
E121@h100,E121,h100,exact,Hardware comparison,gpt2_small,training,training_tokens_per_second,3,3,0,sufficient,0,24.35216496201853,25.435297277988866,1.8834252849344886,7.734118456704037,19.673099564134223,29.03123035990284,125756.81138768086,125750.0125273408,72.41603413026608,125576.90546719583,125936.7173081659,122.8093861207821,122.80274660873125,0.07071878333033797,122.63369674530843,122.98507549625576
E122@h100,E122,h100,exact,Hardware comparison,gpt2_small,inference,generated_tokens_per_second,3,3,0,sufficient,0,53.902986861765385,53.579472691053525,0.6013288329449088,1.1155760894790878,52.40908266631409,55.39689105721668,289.80396373226927,290.2198137856442,0.9139603202801164,287.53337718770626,292.07455027683227,,,,,
E123@l40s,E123,l40s,exact,Hardware comparison,gpt2_small,training,training_tokens_per_second,3,3,0,sufficient,0,50.97045906834925,51.0772009389475,0.22546447554275365,0.4423434272789563,50.41032905713889,51.53058907955961,45827.24185801865,45840.6329520836,89.61522338958915,45604.60733450449,46049.876381532806,44.75316587697134,44.76624311726914,0.08751486659139565,44.535749350102044,44.97058240384063
E124@l40s,E124,l40s,exact,Hardware comparison,gpt2_small,inference,generated_tokens_per_second,3,3,0,sufficient,0,60.09465332717324,60.101404135115445,0.6442009500864141,1.0719771467507961,58.49424029303561,61.69506636131087,288.7878168691862,289.29725482287483,4.192127066968276,278.37315542257204,299.20247831580036,,,,,
E125@h100,E125,h100,exact,Hardware comparison,distilbert,training,training_tokens_per_second,3,3,0,sufficient,0,9.4234657989194,9.448122808942571,0.27971317091225184,2.968262175306317,8.728563681050922,10.118367916787879,687746.2458399637,687199.5681603425,986.76883713268,685294.7783150926,690197.7133648348,1343.254386406179,1342.186656563169,1.9272828850247656,1338.4663638966651,1348.042408915693
E126@h100,E126,h100,exact,Hardware comparison,distilbert,inference,input_tokens_per_second,3,3,0,sufficient,0,6.8099267217330635,6.78220845409669,0.20782934692839197,3.0518587852807517,6.293608334348051,7.326245109118076,80686.17995280061,80272.47038360091,835.9145500035255,78609.48549733375,82762.87440826747,630.3607808812548,627.1286748718821,6.530582421902543,614.1366054479199,646.5849563145896
E127@l40s,E127,l40s,exact,Hardware comparison,distilbert,training,training_tokens_per_second,3,3,0,sufficient,0,17.28315795833866,17.983983076177537,1.2327407912136479,7.132613114948033,14.220612909768317,20.345703006909,282559.8543111072,282150.49270748906,1056.7626007552878,279934.49860492407,285185.2100172903,551.8747154513812,551.0751810693146,2.0639894546001716,546.7470675877423,557.0023633150201
E128@l40s,E128,l40s,exact,Hardware comparison,distilbert,inference,input_tokens_per_second,3,3,0,sufficient,0,11.303962375347814,12.155642520170659,2.6285399048470706,23.253261268628318,4.773780257634638,17.83414449306099,92126.79716233995,91867.82235404511,706.9008875820789,90370.61627782238,93882.97804685752,719.7406028307809,717.7173621409775,5.522663184234991,706.0204396704873,733.4607659910744
E129@h100,E129,h100,exact,Inference framework,gpt2_small,inference,generated_tokens_per_second,3,3,0,sufficient,0,54.76764730596915,54.690759557066485,0.5750842544692669,1.0500437443596162,53.33894351958622,56.196351092352074,289.96805391570007,291.2835744869838,2.6025498561394005,283.5024398690275,296.4336679623726,,,,,
E129@l40s,E129,l40s,exact,Inference framework,gpt2_small,inference,generated_tokens_per_second,3,3,0,sufficient,0,60.33361134647081,60.097320071421564,0.7499647825104112,1.2430298232997785,58.47044518238358,62.19677751055804,292.2183309966244,293.669577042746,4.714057521935471,280.5070177786478,303.92964421460096,,,,,
E130@h100,E130,h100,exact,Inference framework,gpt2_small,inference,generated_tokens_per_second,3,3,0,sufficient,0,63.39699835532034,63.47632619203068,0.3906247528328202,0.6161565420550208,62.42655435674106,64.36744235389963,356.56028605873394,357.22281492975213,3.0652812289781224,348.9450907823284,364.17548133513947,,,,,
E130@l40s,E130,l40s,exact,Inference framework,gpt2_small,inference,generated_tokens_per_second,3,3,0,sufficient,0,66.06683088792488,66.02080688998103,0.21366540286773625,0.3234079794597627,65.53601376378384,66.59764801206592,368.0324739373372,367.94914530614085,1.8344106545070615,363.4751774585906,372.5897704160838,,,,,
E132@h100,E132,h100,exact,Inference batching,gpt2_small,inference,generated_tokens_per_second,3,3,0,sufficient,0,63.33178405665482,63.085665482794866,0.9467692317739251,1.4949353565138355,60.97968907969428,65.68387903361536,354.6549438585278,356.99432733245783,5.751054938363997,340.36737833698567,368.94250938006996,,,,,
E132@l40s,E132,l40s,exact,Inference batching,gpt2_small,inference,generated_tokens_per_second,3,3,0,sufficient,0,68.97558919743945,68.95366968214512,0.49366108182493873,0.7157040448206344,67.7491681098997,70.2020102849792,369.5772794325681,369.02238831513574,4.282174469663022,358.93890978287914,380.2156490822571,,,,,
E133@h100,E133,h100,exact,Inference batching,gpt2_small,inference,generated_tokens_per_second,3,3,0,sufficient,0,65.52922589937225,65.50790755590424,0.49194671484164876,0.7507287139284846,64.30706387923219,66.75138791951231,663.2447185221366,662.0012414799754,3.4331388711372592,654.7156404500915,671.7737965941817,,,,,
E133@l40s,E133,l40s,exact,Inference batching,gpt2_small,inference,generated_tokens_per_second,3,3,0,sufficient,0,72.25219706523542,73.17321917787194,1.6494568520260573,2.282915840658503,68.15438838476697,76.35000574570387,702.3070177440173,698.045959723778,7.918151353305135,682.6356517977173,721.9783836903174,,,,,
E134@h100,E134,h100,exact,Inference batching,gpt2_small,inference,generated_tokens_per_second,3,3,0,sufficient,0,65.784049922678,65.93966602999717,0.5262422211505344,0.7999541253070843,64.47668626584098,67.091413579515,1304.8652126852005,1307.4750007146567,8.26146333309689,1284.3409436701288,1325.3894817002722,,,,,
E134@l40s,E134,l40s,exact,Inference batching,gpt2_small,inference,generated_tokens_per_second,3,3,0,sufficient,0,70.17385151252772,69.40270401770249,2.663668577362275,3.7958135686577585,63.55639789147736,76.79130513357808,1416.9026272661195,1422.5983767871567,14.324153199201195,1381.3165861714724,1452.4886683607665,,,,,
E135@h100,E135,h100,exact,Inference batching,gpt2_small,inference,generated_tokens_per_second,3,3,0,sufficient,0,67.13900986701871,67.23527618288063,0.37778276123607035,0.5626874182153405,66.2004697188342,68.07755001520323,2577.3091751606457,2580.041744534932,7.048008237463687,2559.79953900374,2594.8188113175515,,,,,
E135@l40s,E135,l40s,exact,Inference batching,gpt2_small,inference,generated_tokens_per_second,3,3,0,sufficient,0,65.83833860978484,66.56665089121088,2.159686288334584,3.28028673556719,60.472947445684035,71.20372977388564,2765.3488432478493,2765.1969485304317,23.420001937874403,2707.1656375945904,2823.5320489011083,,,,,
E136@h100,E136,h100,exact,Inference batching,gpt2_small,inference,generated_tokens_per_second,3,3,0,sufficient,0,68.73225036496297,68.24075517989695,0.8745570686849534,1.2724115157602474,66.55955482387,70.90494590605593,4955.295503701225,4945.625064450948,49.42601184554307,4832.504573988318,5078.086433414131,,,,,
E136@l40s,E136,l40s,exact,Inference batching,gpt2_small,inference,generated_tokens_per_second,3,3,0,sufficient,0,66.60216012814392,66.37688695918769,0.9970168809846273,1.4969737904391485,64.12523299637083,69.07908725991702,5348.347404327499,5363.690495709864,81.25195803710866,5146.490060474856,5550.204748180142,,,,,
E137@h100,E137,h100,exact,Inference batching,gpt2_small,inference,generated_tokens_per_second,3,3,0,sufficient,0,69.97192500570479,69.9309159279801,0.36011876082197775,0.5146617886997069,69.07726820866084,70.86658180274874,9463.19997737861,9475.446601764217,68.23898082588065,9293.671270015857,9632.728684741363,,,,,
E137@l40s,E137,l40s,exact,Inference batching,gpt2_small,inference,generated_tokens_per_second,3,3,0,sufficient,0,68.04570208629593,68.05479979794472,0.14449959281451222,0.21235667850301115,67.68671622677974,68.40468794581213,10262.443171749963,10235.765645162619,107.72388721431527,9994.820602794367,10530.065740705559,,,,,
E138@h100,E138,h100,exact,Inference concurrency,gpt2_small,inference,generated_tokens_per_second,3,3,0,sufficient,0,65.3321985908163,65.2282464702148,0.27933020582735524,0.4275536593783337,64.63824788774069,66.02614929389192,354.39508513827747,352.8119850185067,4.356700977796986,343.5715664368984,365.2186038396565,,,,,
E138@l40s,E138,l40s,exact,Inference concurrency,gpt2_small,inference,generated_tokens_per_second,3,3,0,sufficient,0,71.47437022766098,71.47748763486743,0.6808343150125448,0.9525572773064576,69.78294752533793,73.16579292998404,368.9497557630613,366.57596041438813,4.195190523613741,358.5274836540533,379.37202787206934,,,,,
E139@h100,E139,h100,exact,Inference concurrency,gpt2_small,inference,generated_tokens_per_second,3,3,0,sufficient,0,64.42471809141959,63.952348712133244,3.4805887766092454,5.40256733707432,55.777758406229175,73.07167777661,665.5133918196268,667.3987352618525,7.039815435215362,648.0241093543796,683.002674284874,,,,,
E139@l40s,E139,l40s,exact,Inference concurrency,gpt2_small,inference,generated_tokens_per_second,3,3,0,sufficient,0,73.44783062503363,72.90552881592885,1.0985683898520957,1.4957125084612977,70.71861519966824,76.17704605039903,706.8116248537702,706.0499764930252,7.575701951268536,687.991019041367,725.6322306661734,,,,,
E140@h100,E140,h100,exact,Inference concurrency,gpt2_small,inference,generated_tokens_per_second,3,3,0,sufficient,0,65.76972051570192,65.49518980900757,0.5833953998396071,0.8870273360829118,64.32036903332053,67.21907199808331,1299.3036756600914,1302.4808852096392,10.489081647707597,1273.2452493524722,1325.3621019677105,,,,,
E140@l40s,E140,l40s,exact,Inference concurrency,gpt2_small,inference,generated_tokens_per_second,3,3,0,sufficient,0,65.48218983085826,62.113101394847035,5.964906904215849,9.109204990888847,50.66334369962541,80.30103596209112,1400.3447376010179,1399.7121821004646,30.231465193662434,1325.2395535268165,1475.4499216752192,,,,,
E141@h100,E141,h100,exact,Inference concurrency,gpt2_small,inference,generated_tokens_per_second,3,3,0,sufficient,0,67.19845263442646,67.07130955602042,0.7476938065833221,1.1126652136633737,65.34092834260508,69.05597692624784,2538.5509759901092,2535.6065871764104,8.493208115446661,2517.4509745576665,2559.650977422552,,,,,
E141@l40s,E141,l40s,exact,Inference concurrency,gpt2_small,inference,generated_tokens_per_second,3,3,0,sufficient,0,62.87356619319568,62.29717467492446,1.4119618298133512,2.2457161495734543,59.36577547069677,66.38135691569458,2816.369850907802,2829.3675688187004,31.846581272735577,2737.2521722474826,2895.4875295681218,,,,,
E142@h100,E142,h100,exact,Inference concurrency,gpt2_small,inference,generated_tokens_per_second,3,3,0,sufficient,0,68.11258355000366,68.14333839411847,0.3653480640032886,0.5363884982208533,67.20493539526348,69.02023170474385,4977.0630035840895,4993.8862939711435,38.7124031626653,4880.888301271078,5073.2377058971015,,,,,
E142@l40s,E142,l40s,exact,Inference concurrency,gpt2_small,inference,generated_tokens_per_second,3,3,0,sufficient,0,65.6753562594143,64.24705219920725,2.6375367945635095,4.0160220587846895,59.12282282482251,72.2278896940061,5425.577227791981,5488.427114039924,111.87294073269064,5147.647006652308,5703.507448931655,,,,,
E143@h100,E143,h100,exact,Inference prompt length,gpt2_small,inference,generated_tokens_per_second,3,3,0,sufficient,0,61.62985075893812,62.65760069899261,2.8570447325717163,4.6358131609743705,54.53198536692235,68.72771615095388,353.9741755377792,352.50696810465877,4.894957941443928,341.81344449571617,366.13490657984227,,,,,
E143@l40s,E143,l40s,exact,Inference prompt length,gpt2_small,inference,generated_tokens_per_second,3,3,0,sufficient,0,66.48433782998472,66.31328891776502,1.1619609719942732,1.7477213580221953,63.59763379067927,69.37104186929018,368.72261001592193,369.527825043481,3.3974301490245473,360.2822444865919,377.162975545252,,,,,
E144@h100,E144,h100,exact,Inference prompt length,gpt2_small,inference,generated_tokens_per_second,3,3,0,sufficient,0,63.45844255705985,63.822333980118856,0.7879985766009838,1.2417553044930785,61.50078758510592,65.41609752901378,355.24130973603707,355.23137503397174,3.487057774713427,346.57827887168685,363.9043406003873,,,,,
E144@l40s,E144,l40s,exact,Inference prompt length,gpt2_small,inference,generated_tokens_per_second,3,3,0,sufficient,0,65.85549111400421,65.91011938080192,0.18379034114375495,0.2790812702703721,65.39889374718007,66.31208848082835,365.7478431724394,365.1844571050866,1.8190298055373202,361.22875792446473,370.26692842041405,,,,,
E145@h100,E145,h100,exact,Inference prompt length,gpt2_small,inference,generated_tokens_per_second,3,3,0,sufficient,0,67.738380014974,67.81457506911829,0.39026450505097854,0.5761349842802678,66.7688309937236,68.7079290362244,352.6577189018,352.78527010305316,0.943647020165953,350.31338055443166,355.0020572491684,,,,,
E145@l40s,E145,l40s,exact,Inference prompt length,gpt2_small,inference,generated_tokens_per_second,3,3,0,sufficient,0,63.87534390079478,63.036361646838486,3.0355980668700036,4.75237843194177,56.33389163815832,71.41679616343124,369.78397929715715,369.01185983996885,5.683271839700126,355.6648099175042,383.9031486768101,,,,,
E146@h100,E146,h100,exact,Inference prompt length,gpt2_small,inference,generated_tokens_per_second,3,3,0,sufficient,0,62.59131094743498,62.72354439110495,0.27755343288391787,0.4434376412358753,61.901774349270255,63.2808475455997,356.4956111589416,355.9286944296601,3.8973270667828914,346.8133326166016,366.1778897012816,,,,,
E146@l40s,E146,l40s,exact,Inference prompt length,gpt2_small,inference,generated_tokens_per_second,3,3,0,sufficient,0,63.19544315462311,63.58076192764565,0.7540883454123875,1.1932637984155372,61.322032665664075,65.06885364358214,365.50621535358414,366.21843781381097,4.87757383064262,353.3886723222025,377.62375838496575,,,,,
E147@h100,E147,h100,exact,Inference multi-GPU,gpt2_small,inference,generated_tokens_per_second,3,3,0,sufficient,0,77.87262785496812,77.59046996990219,0.8672904354042428,1.1137295084217598,75.71798508858029,80.02727062135594,274.82625130741206,274.6634282001553,1.947219590222739,269.9886992794267,279.6638033353974,,,,,
E147@l40s,E147,l40s,exact,Inference multi-GPU,gpt2_small,inference,generated_tokens_per_second,3,3,0,sufficient,0,77.53463913096736,77.75568484095857,2.006046450632555,2.5872906266372744,72.55094128599025,82.51833697594448,289.33265449873534,289.89419586753684,2.3515635502979984,283.4905753214304,295.17473367604026,,,,,
E148@h100,E148,h100,exact,Inference multi-GPU,gpt2_small,inference,generated_tokens_per_second,3,3,0,sufficient,0,96.0478761352909,94.73585844226182,3.2708404851395123,3.4054271856384197,87.9220021447292,104.1737501258526,267.4342440380289,267.97317287563135,1.297007752059167,264.2120381230973,270.65644995296054,,,,,
E148@l40s,E148,l40s,exact,Inference multi-GPU,gpt2_small,inference,generated_tokens_per_second,3,3,0,sufficient,0,101.96431110535438,102.81073112692684,1.745557063958787,1.7119294437788084,97.62775699655353,106.30086521415524,200.64441848347101,200.93634518975998,0.8245126420432201,198.59605022359773,202.6927867433443,,,,,
E149@h100,E149,h100,exact,Inference precision/quantization,gpt2_small,inference,generated_tokens_per_second,3,3,0,sufficient,0,58.0777450473203,58.23619548603892,0.34962850051763905,0.6020008184421941,57.20914960476566,58.946340489874935,268.01342380627113,267.4295883360122,1.9409358014851539,263.1914828347397,272.8353647778027,,,,,
E149@l40s,E149,l40s,exact,Inference precision/quantization,gpt2_small,inference,generated_tokens_per_second,3,3,0,sufficient,0,61.08269079122692,61.16115383291617,1.3348831632778193,2.1853705951499167,57.766389545048824,64.39899203740502,289.11874119597104,288.3155272364413,7.003105645987335,271.72065826272245,306.51682412921963,,,,,
E150@h100,E150,h100,exact,Inference precision/quantization,gpt2_small,inference,generated_tokens_per_second,3,3,0,sufficient,0,54.34938705363311,53.836984952911735,1.0692273810608859,1.9673218761524396,51.693064617478456,57.00570948978776,290.2718859334711,292.57643401009466,5.096551993441276,277.61032708546037,302.9334447814818,,,,,
E150@l40s,E150,l40s,exact,Inference precision/quantization,gpt2_small,inference,generated_tokens_per_second,3,3,0,sufficient,0,58.50645035443207,57.43249744689092,2.057507208219691,3.5167185767642932,53.394906583151986,63.61799412571215,289.59805003667424,289.5924759868016,1.0852216681570706,286.90199238197164,292.29410769137684,,,,,
E151@h100,E151,h100,exact,Inference precision/quantization,gpt2_small,inference,generated_tokens_per_second,3,3,0,sufficient,0,72.00054483464919,72.01479208399542,1.1127912988157191,1.5455317753098514,69.23599489311196,74.76509477618642,282.7228799026039,283.8206843915156,2.6407869752064186,276.162271920057,289.2834878851508,,,,,
E151@l40s,E151,l40s,exact,Inference precision/quantization,gpt2_small,inference,generated_tokens_per_second,3,3,0,sufficient,0,85.39383132336661,85.44963722629473,0.8356385711575147,0.9785701826554022,83.31782249269159,87.46984015404163,298.3403490245135,298.61367612496196,2.347218976519068,292.5090632378464,304.17163481118047,,,,,
E153@h100,E153,h100,exact,Inference framework,distilbert,inference,input_tokens_per_second,3,3,0,sufficient,0,7.400281606242061,7.011358267860487,0.8506661037627419,11.49505044571836,5.286939302139057,9.513623910345064,81216.49145903849,81622.21544384338,933.3470628810037,78897.7416890972,83535.24122897978,634.5038395237382,637.6735581550264,7.291773928757841,616.3886069460718,652.6190721014045
E153@l40s,E153,l40s,exact,Inference framework,distilbert,inference,input_tokens_per_second,3,3,0,sufficient,0,13.826679363381118,13.817416684236377,0.01636957062130481,0.11839119278818558,13.786011813632769,13.867346913129467,93375.3370895866,93279.86830823834,379.4440106741259,92432.66983594956,94318.00434322363,729.4948210123953,728.748971158112,2.9644063333916084,722.130233093356,736.8594089314346
E156@h100,E156,h100,exact,Inference batching,distilbert,inference,input_tokens_per_second,3,3,0,sufficient,0,7.301153511973098,7.405902626924217,0.38894337973977416,5.327149731914954,6.334886612811311,8.267420411134886,81188.51498851589,81174.58515245968,374.94000370205316,80257.03721149013,82119.99276554165,634.2852733477804,634.1764465035913,2.9292187789222903,627.0081032147666,641.5624434807942
E156@l40s,E156,l40s,exact,Inference batching,distilbert,inference,input_tokens_per_second,3,3,0,sufficient,0,11.922505509108305,12.972197578754276,2.3543495433361548,19.74710384103013,6.073504982850584,17.771506035366027,91804.9325969738,91338.65562849925,2060.127853439517,86686.87825664364,96922.98693730395,717.2260359138578,713.5832470976504,16.094748854996226,677.2412363800285,757.2108354476871
E157@h100,E157,h100,exact,Inference batching,distilbert,inference,input_tokens_per_second,3,3,0,sufficient,0,7.381500360323116,7.566760574001819,0.4384220570978937,5.939470780960612,6.292311692503269,8.470689028142964,161212.1081101109,161536.6109316012,1459.041609145482,157587.35529297777,164836.860927244,1259.4695946102413,1262.0047729031344,11.398762571449078,1231.1512132263888,1287.7879759940938
E157@l40s,E157,l40s,exact,Inference batching,distilbert,inference,input_tokens_per_second,3,3,0,sufficient,0,9.57228541498383,9.601158951409161,0.08282053171740994,0.8652116827583107,9.366531203604644,9.778039626363014,177057.0772733905,175212.08665368147,4457.400697390035,165983.386411059,188130.76813572197,1383.2584161983632,1368.8444269818865,34.82344294835965,1296.7452063363985,1469.771626060328
E158@h100,E158,h100,exact,Inference batching,distilbert,inference,input_tokens_per_second,3,3,0,sufficient,0,7.365605014298732,7.422386679099873,0.2571519118397321,3.4912530788784784,6.726752694371989,8.004457334225476,311109.92464009667,311134.85225196194,723.1298036420625,309313.42563933163,312906.4236408617,2430.546286250755,2430.7410332184527,5.649451590953613,2416.5111378072784,2444.581434694232
E158@l40s,E158,l40s,exact,Inference batching,distilbert,inference,input_tokens_per_second,3,3,0,sufficient,0,9.0837670530503,9.18298580404371,0.98218434494584,10.812522373259512,6.643688957284692,11.523845148815909,349827.88020977896,350797.0692818033,5519.079151922546,336116.62099789904,363539.13942165877,2733.030314138898,2740.6021037640885,43.11780587439489,2625.9111015460862,2840.149526731709
E159@h100,E159,h100,exact,Inference batching,distilbert,inference,input_tokens_per_second,3,3,0,sufficient,0,7.129772858383755,7.169798146001995,0.13291154859646828,1.8641764785000168,6.799575619878175,7.459970096889335,621841.3108649225,621613.3831171509,4235.113449990684,611319.856704528,632362.7650253167,4858.135241132207,4856.354555602741,33.08682382805222,4775.936380504125,4940.334101760287
E159@l40s,E159,l40s,exact,Inference batching,distilbert,inference,input_tokens_per_second,3,3,0,sufficient,0,9.94146649617081,9.795920358970761,0.2834530893033889,2.851220083199672,9.23727315614722,10.6456598361944,728712.6004050897,725831.6934222596,9884.926544107759,704155.0997050969,753270.1011050824,5693.067190664763,5670.5601048614035,77.22598862584186,5501.21171644607,5884.9226648834565
E160@h100,E160,h100,exact,Inference batching,distilbert,inference,input_tokens_per_second,3,3,0,sufficient,0,7.121566153674697,7.166039942996576,0.18244689021953492,2.561892795524944,6.668306373312602,7.574825934036792,1133379.7698247584,1139149.2692454145,19394.949015595234,1085196.1569368395,1181563.3827126774,8854.529451755925,8899.603665979801,151.52303918433776,8478.094976069058,9230.963927442792
E160@l40s,E160,l40s,exact,Inference batching,distilbert,inference,input_tokens_per_second,3,3,0,sufficient,0,10.516450038179755,10.013482954818755,0.9763092241233177,9.283638685857367,8.090967729552053,12.941932346807457,1396424.394152336,1407711.4234340268,23074.90826671151,1339098.5178917975,1453750.270412875,10909.565579315125,10997.745495578334,180.27272083368368,10461.707171029668,11357.423987600587
E161@h100,E161,h100,exact,Inference batching,distilbert,inference,input_tokens_per_second,3,3,0,sufficient,0,7.245049549421917,7.067271870095283,0.4319407779638723,5.961874725871777,6.171962570993525,8.318136527850308,2208135.118572807,2198935.7049269085,35942.86374013676,2118840.888866639,2297429.3482789746,17251.055613850054,17179.185194741473,280.80362296981843,16553.44444427062,17948.66678342949
E161@l40s,E161,l40s,exact,Inference batching,distilbert,inference,input_tokens_per_second,3,3,0,sufficient,0,8.234087438322604,7.299945533275604,1.793771320713336,21.78470090522565,3.7777528092805257,12.690422067364683,1520671.0753050204,1509612.1153116175,21910.08157073859,1466239.0225113619,1575103.128098679,11880.242775820472,11793.844650872012,171.17251227139522,11454.992363370015,12305.49318827093
E162@h100,E162,h100,exact,Inference concurrency,distilbert,inference,input_tokens_per_second,3,3,0,sufficient,0,7.519960894715041,7.576422355137765,0.1622627451900718,2.157760491867831,7.116845357051973,7.923076432378108,80613.098021844,80805.28884755085,469.6246769183633,79446.39149340439,81779.8045502836,629.7898282956562,631.291319121491,3.6689427884247134,620.6749335422218,638.9047230490906
E162@l40s,E162,l40s,exact,Inference concurrency,distilbert,inference,input_tokens_per_second,3,3,0,sufficient,0,8.19243396508197,8.207758515141904,0.9120771859015182,11.133164939613797,5.926525763207144,10.458342166956793,91634.97406524599,91055.0194087332,1473.2338648874638,87974.96288491075,95294.98524558122,715.8982348847343,711.3673391307282,11.509639569433311,687.3043975383653,744.4920722311033
E163@h100,E163,h100,exact,Inference concurrency,distilbert,inference,input_tokens_per_second,3,3,0,sufficient,0,7.487586178351194,7.5666792299598455,0.3382065691253437,4.516897182475148,6.647366676367282,8.327805680335105,76681.81656566734,76578.72532745144,567.3350226330895,75272.36449202018,78091.2686393145,599.0766919192761,598.2712916207144,4.4323048643210115,588.0653475939076,610.0880362446445
E163@l40s,E163,l40s,exact,Inference concurrency,distilbert,inference,input_tokens_per_second,3,3,0,sufficient,0,8.929693764541298,8.322831817902625,1.5708819345282274,17.591666365603757,5.027091753828536,12.83229577525406,84544.35034694959,84968.61182751588,2584.361490960054,78123.92235083904,90964.77834306014,660.5027370855437,663.8172799024678,20.190324148125423,610.34314336593,710.6623308051574
E164@h100,E164,h100,exact,Inference concurrency,distilbert,inference,input_tokens_per_second,3,3,0,sufficient,0,7.289884860316913,7.240348669001833,0.10682332581140665,1.465363690350011,7.024499590463503,7.555270130170323,79974.72105724284,79735.80983666032,709.8341964727035,78211.25284137148,81738.18927311421,624.8025082597097,622.9360143489088,5.545579659942996,611.0254128232147,638.5796036962048
E164@l40s,E164,l40s,exact,Inference concurrency,distilbert,inference,input_tokens_per_second,3,3,0,sufficient,0,10.617562415699163,10.63714118488133,0.04227777469066444,0.3981872018774515,10.512530124672276,10.722594706726051,88202.50068757345,87467.0515738395,1314.3575438760834,84937.19202192458,91467.80935322233,689.0820366216676,683.3363404206211,10.268418311531901,663.5718126712858,714.5922605720494
E165@h100,E165,h100,exact,Inference concurrency,distilbert,inference,input_tokens_per_second,3,3,0,sufficient,0,8.561848175246269,8.58188402093947,0.14874373419555623,1.7372853518425984,8.192318433135615,8.931377917356922,80292.27660334088,80412.79429905047,394.9287715638103,79311.13996657886,81273.4132401029,627.2834109636007,628.2249554613318,3.085381027842268,619.6182809888974,634.948540938304
E165@l40s,E165,l40s,exact,Inference concurrency,distilbert,inference,input_tokens_per_second,3,3,0,sufficient,0,12.335999859652171,12.97416550014168,1.210427418366837,9.812154929782615,9.328888775801717,15.343110943502625,91288.06910877403,91770.84076307078,1311.4820406276308,88029.90416571344,94546.23405183462,713.1880399122971,716.9596934614905,10.245953442403366,687.7336262946362,738.642453529958
E166@h100,E166,h100,exact,Inference concurrency,distilbert,inference,input_tokens_per_second,3,3,0,sufficient,0,10.208587802946568,10.28482316294685,0.15990614847230558,1.566388530509096,9.811326848551055,10.60584875734208,80897.91071294739,81512.71675529939,1309.178393458741,77645.46880856696,84150.35261732781,632.0149274449014,636.8180996507765,10.227956198896415,606.6052250669294,657.4246298228735
E166@l40s,E166,l40s,exact,Inference concurrency,distilbert,inference,input_tokens_per_second,3,3,0,sufficient,0,10.699283701988557,10.775642856955528,0.34618162625699106,3.2355589018791058,9.839251460858936,11.559315943118179,90674.6136545856,91091.83500298414,734.2793390219997,88850.41543707113,92498.8118721001,708.39541917645,711.6549609608136,5.736557336109373,694.1438706021182,722.646967750782
E167@h100,E167,h100,exact,Inference prompt length,distilbert,inference,input_tokens_per_second,3,3,0,sufficient,0,7.673801148698355,7.790104309096932,0.20196009159891226,2.6318129397081016,7.1720639765827725,8.175538320813938,41439.28347877756,41460.280844892324,442.6799659620491,40339.51672527893,42539.05023227618,647.4888043558993,647.8168882014426,6.916874468157017,630.3049488324833,664.6726598793153
E167@l40s,E167,l40s,exact,Inference prompt length,distilbert,inference,input_tokens_per_second,3,3,0,sufficient,0,10.381815485501042,8.90432200813666,3.0373200532408386,29.2561552214319,2.8360852263293,17.927545744672784,44998.62586800966,44779.28660201688,606.1668165913683,43492.70248493423,46504.54925108509,703.1035291876509,699.6763531565138,9.47135650924013,679.5734763270973,726.6335820482045
E168@h100,E168,h100,exact,Inference prompt length,distilbert,inference,input_tokens_per_second,3,3,0,sufficient,0,7.4380589502397925,7.430529739940539,0.18040713163272878,2.4254598254684807,6.9898666200706545,7.88625128040893,79831.77943815058,80067.03105822415,607.718905777435,78322.00014060747,81341.55873569369,623.6857768605514,625.5236801423762,4.747803951386211,611.8906260984959,635.4809276226069
E168@l40s,E168,l40s,exact,Inference prompt length,distilbert,inference,input_tokens_per_second,3,3,0,sufficient,0,11.83241313835606,11.276448836084455,2.8587915961327224,24.16068102681132,4.730207946450958,18.934618330261163,92831.1925595536,93069.36312009019,1630.4428025114628,88780.6212087892,96881.763910318,725.2436918715125,727.1043993757046,12.737834394620803,693.5986031936657,756.8887805493594
E169@h100,E169,h100,exact,Inference prompt length,distilbert,inference,input_tokens_per_second,3,3,0,sufficient,0,7.557523061676572,7.523479972034693,0.14105491504780088,1.8664172625959417,7.207094946751571,7.907951176601573,161613.42304046612,161510.74222307338,262.07795422726366,160962.33276522023,162264.513315712,631.3024337518208,630.9013368088804,1.0237420087002487,628.7591123641415,633.8457551395
E169@l40s,E169,l40s,exact,Inference prompt length,distilbert,inference,input_tokens_per_second,3,3,0,sufficient,0,11.623905435049286,11.592458941973746,0.07079415473940048,0.6090393210352224,11.448028811504265,11.799782058594307,179918.9740931385,179959.90149136816,407.0923300482406,178907.61906328442,180930.32912299258,702.8084925513223,702.9683652006569,1.59020441425094,698.8578869659548,706.7590981366898
E170@h100,E170,h100,exact,Inference prompt length,distilbert,inference,input_tokens_per_second,3,3,0,sufficient,0,7.732632289252554,7.745179999852553,0.08736658891755889,1.1298427967276825,7.515584134273817,7.949680444231291,307314.3121012083,309492.42837694724,4967.419453732428,294973.56215553405,319655.06204688246,600.2232658226725,604.4773991737251,9.701991120571149,576.1202385850274,624.3262930603173
E170@l40s,E170,l40s,exact,Inference prompt length,distilbert,inference,input_tokens_per_second,3,3,0,sufficient,0,11.689465308561921,12.413495439104736,2.0382743713028613,17.43684862822538,6.625702408888763,16.75322820823508,347205.92027505866,345162.5859868762,5320.4959061111285,333988.0090082809,360423.83154183644,678.1365630372239,674.1456757556176,10.391593566623298,652.3203300942986,703.9527959801493
E171@h100,E171,h100,exact,Inference multi-GPU,distilbert,inference,input_tokens_per_second,3,3,0,sufficient,0,8.316000563014919,8.449680424993858,0.2508590139197837,3.0165824547375477,7.692781929831779,8.939219196198058,34204.286709871354,34137.41607751196,351.29215720325925,33331.5581814471,35077.01523829561,267.22098992086995,266.6985631055622,2.744469978150463,260.4027982925555,274.03918154918443
E171@l40s,E171,l40s,exact,Inference multi-GPU,distilbert,inference,input_tokens_per_second,3,3,0,sufficient,0,9.61579163124164,9.371928242966533,0.8985511425410136,9.344536331482342,7.383486695694749,11.84809656678853,36565.16760419643,36602.96815446548,221.71645471786496,36014.348944326935,37115.98626406593,285.6653719077846,285.9606887067616,1.73215980248332,281.3621011275542,289.96864268801505
E172@h100,E172,h100,exact,Inference multi-GPU,distilbert,inference,input_tokens_per_second,3,3,0,sufficient,0,12.339094227955988,11.831533799879253,1.229078120021507,9.960845563824728,9.285648493372804,15.392539962539171,34371.61113893721,34448.6090187288,290.64087381276977,33649.56091122377,35093.661366650646,268.52821202294695,269.12975795881874,2.270631826662264,262.8871946189357,274.16922942695817
E172@l40s,E172,l40s,exact,Inference multi-GPU,distilbert,inference,input_tokens_per_second,3,3,0,sufficient,0,11.94836077404519,11.080738672986627,3.9432871634093667,33.0027460501123,2.1519018075978362,21.744819740492545,36428.56653874238,36675.89890770274,582.6707231906008,34981.0153982488,37876.11767923596,284.59817608392484,286.5304602164277,4.552115024926569,273.28918279881873,295.90716936903095
E173@h100,E173,h100,exact,Inference precision/quantization,distilbert,inference,input_tokens_per_second,3,3,0,sufficient,0,11.090444996021688,11.068412004970014,0.133191918544526,1.2009609947328892,10.759551223741683,11.421338768301693,76834.7143882212,77105.17851654462,894.9330995256183,74611.39789517681,79058.03088126559,600.2712061579781,602.3842071605048,6.991664840043893,582.9015460560688,617.6408662598874
E173@l40s,E173,l40s,exact,Inference precision/quantization,distilbert,inference,input_tokens_per_second,3,3,0,sufficient,0,14.1135741014344,14.040801270864904,0.18651861166945066,1.3215547693939147,13.650198787900631,14.576949414968169,91422.25373669424,91800.99032341463,1044.8272376701957,88826.54950905364,94017.95796433484,714.2363573179238,717.1952369016768,8.162712794298404,693.9574180394816,734.5152965963659
E174@h100,E174,h100,exact,Inference precision/quantization,distilbert,inference,input_tokens_per_second,3,3,0,sufficient,0,11.211044515638301,11.215781776933,0.03844302941240288,0.3429031912127246,11.115539028825385,11.306550002451218,80909.19592495805,81163.11411852672,888.3482498877545,78702.23842546507,83116.15342445104,632.1030931637348,634.08682905099,6.940220702248082,614.8612376989458,649.3449486285238
E174@l40s,E174,l40s,exact,Inference precision/quantization,distilbert,inference,input_tokens_per_second,3,3,0,sufficient,0,15.862421959949037,14.19192168302834,2.9418541054547376,18.54605881045538,8.553861402456072,23.170982517442003,91039.95788660424,91082.98173266328,2693.7062849545514,84347.88044089195,97732.03533231653,711.2496709890956,711.5857947864318,21.044580351207433,658.9678159444684,763.5315260337229
E177@h100,E177,h100,exact,Inference framework,tinyllama,inference,generated_tokens_per_second,3,3,0,sufficient,0,128.3344593186242,128.47099221800454,0.5663659931077203,0.44132027836854565,126.92741464205191,129.7415039951965,112.36194979429564,112.29487617716096,0.14853943956241203,111.99292758914784,112.73097199944341,,,,,
E177@l40s,E177,l40s,exact,Inference framework,tinyllama,inference,generated_tokens_per_second,3,3,0,sufficient,0,134.00770800778022,132.0566153153777,4.668156018355894,3.483498141826939,122.4104296489659,145.60498636659455,115.99056765737198,115.87434550717003,0.7554518789645227,114.11376968991105,117.86736562483291,,,,,
E178@h100,E178,h100,exact,Inference framework,tinyllama,inference,generated_tokens_per_second,3,3,0,sufficient,0,84.11445048862758,82.86042215186171,2.3115330112854737,2.7480807374447473,78.37182070889125,89.85708026836392,221.32776712831188,221.51427788016795,0.7728421330284464,219.4077658882275,223.24776836839627,,,,,
E178@l40s,E178,l40s,exact,Inference framework,tinyllama,inference,generated_tokens_per_second,3,3,0,sufficient,0,96.32860304554924,96.0273687238805,1.0046465710902457,1.0429369256140835,93.8327211831291,98.82448490796939,210.82805147790418,211.8349104825518,3.333113336517619,202.54747066332263,219.10863229248574,,,,,
E180@h100,E180,h100,exact,Inference batching,tinyllama,inference,generated_tokens_per_second,3,3,0,sufficient,0,84.63596251637985,84.4934567110613,1.7457310872152523,2.0626351202391016,80.29897607495381,88.97294895780588,220.5915869774232,221.33145552688381,3.3651001950555344,212.2315399880117,228.9516339668347,,,,,
E180@l40s,E180,l40s,exact,Inference batching,tinyllama,inference,generated_tokens_per_second,3,3,0,sufficient,0,94.77843061027427,95.75721022393554,1.7047770088230887,1.7986972329527955,90.54318795058454,99.013673269964,211.011358235334,210.85707817882343,2.583307444765464,204.593548846458,217.42916762421,,,,,
E181@h100,E181,h100,exact,Inference batching,tinyllama,inference,generated_tokens_per_second,3,3,0,sufficient,0,94.52176179465216,95.02349623083137,0.9871273686255316,1.044338732037241,92.06940355629445,96.97412003300988,374.6702355266007,374.74328625462584,0.8742912275786155,372.4982004247256,376.84227062847583,,,,,
E181@l40s,E181,l40s,exact,Inference batching,tinyllama,inference,generated_tokens_per_second,3,3,0,sufficient,0,98.90627833238493,98.66271620616317,0.6548243850276079,0.6620655392845758,97.27947309291926,100.5330835718506,393.4869813771604,394.4775912017219,3.1080819932632915,385.76545452669586,401.208508227625,,,,,
E182@h100,E182,h100,exact,Inference batching,tinyllama,inference,generated_tokens_per_second,3,3,0,sufficient,0,94.44687623367645,94.246470377082,0.9024368042615071,0.9554967196889987,92.20491800025272,96.68883446710018,740.7118060456451,741.4709375979504,1.7136067607900956,736.4546272957737,744.9689847955165,,,,,
E182@l40s,E182,l40s,exact,Inference batching,tinyllama,inference,generated_tokens_per_second,3,3,0,sufficient,0,94.15661378732572,92.13109150202945,4.110674817336489,4.365784464829406,83.94430727662568,104.36892029802577,786.2701999909327,786.1341581024502,7.496861936862822,767.6454594386623,804.8949405432031,,,,,
E183@h100,E183,h100,exact,Inference batching,tinyllama,inference,generated_tokens_per_second,3,3,0,sufficient,0,94.96149799538155,95.19162590010092,0.5916706648476103,0.6230637440832981,93.49158795595679,96.43140803480631,1480.2505379809372,1478.765901577057,7.9743227802237735,1460.439623212527,1500.0614527493474,,,,,
E183@l40s,E183,l40s,exact,Inference batching,tinyllama,inference,generated_tokens_per_second,3,3,0,sufficient,0,98.2891504553457,100.49454225692898,5.256115173468573,5.347604643155918,85.23118270255166,111.34711820813975,1546.3742050917463,1552.0631359782585,14.463458221707363,1510.4420832070757,1582.3063269764168,,,,,
E184@h100,E184,h100,exact,Inference batching,tinyllama,inference,generated_tokens_per_second,3,3,0,sufficient,0,97.34763969069657,97.38154951599427,1.5550689717269004,1.5974388045440375,93.48432242765793,101.2109569537352,2889.8132550972673,2885.569339975562,58.72037306878353,2743.9319886755097,3035.694521519025,,,,,
E184@l40s,E184,l40s,exact,Inference batching,tinyllama,inference,generated_tokens_per_second,3,3,0,sufficient,0,100.21514189212273,100.65479324897751,2.9403511721672024,2.934038825522358,92.91031512922055,107.51996865502491,3046.966447654235,3030.7540521512915,61.07318881245704,2895.2399911833254,3198.692904125144,,,,,
E185@h100,E185,h100,exact,Inference batching,tinyllama,inference,generated_tokens_per_second,3,3,0,sufficient,0,99.02208985434845,98.65769318700768,1.3574724945055812,1.3708784539917174,95.64966906950076,102.39451063919614,5631.490999645917,5640.153461430839,68.76165156992954,5460.663801383351,5802.318197908484,,,,,
E185@l40s,E185,l40s,exact,Inference batching,tinyllama,inference,generated_tokens_per_second,3,3,0,sufficient,0,101.81257668261726,100.81151055498049,2.0591432950441546,2.02248421770443,96.69696831832704,106.92818504690749,5613.9102496416735,5663.8023474393985,100.97432737712114,5363.055870078979,5864.764629204365,,,,,
E186@h100,E186,h100,exact,Inference concurrency,tinyllama,inference,generated_tokens_per_second,3,3,0,sufficient,0,84.50932871232119,84.67099271994084,0.34804875571437777,0.411846551164988,83.6446578901407,85.37399953450168,220.6311342313205,220.3712305189538,1.8147427502879097,216.12269947850314,225.13956898413784,,,,,
E186@l40s,E186,l40s,exact,Inference concurrency,tinyllama,inference,generated_tokens_per_second,3,3,0,sufficient,0,101.27049101889133,101.05556522635743,0.3764344442304608,0.3717118782017552,100.33530054616078,102.20568149162189,209.28682970658008,209.06744883962378,4.794732008868009,197.3750937782802,221.19856563487997,,,,,
E187@h100,E187,h100,exact,Inference concurrency,tinyllama,inference,generated_tokens_per_second,3,3,0,sufficient,0,95.90216628074025,95.75608760700561,0.7734342861169682,0.8064826021268873,93.98069393211287,97.82363862936762,376.3337880391836,376.51002851930025,3.999572537260322,366.39749716790857,386.27007891045866,,,,,
E187@l40s,E187,l40s,exact,Inference concurrency,tinyllama,inference,generated_tokens_per_second,3,3,0,sufficient,0,99.27657938577856,98.54441288812086,1.6256191494454324,1.6374649081415706,95.2379916206298,103.31516715092732,391.24879191276955,391.8605046176894,5.03182537431568,378.7480358777481,403.749547947791,,,,,
E188@h100,E188,h100,exact,Inference concurrency,tinyllama,inference,generated_tokens_per_second,3,3,0,sufficient,0,98.0357194809864,97.77518713497557,1.2302090756156767,1.2548580069882287,94.9794640702087,101.0919748917641,742.6593675205517,744.6937081627162,11.40269362367648,714.3312200734516,770.9875149676517,,,,,
E188@l40s,E188,l40s,exact,Inference concurrency,tinyllama,inference,generated_tokens_per_second,3,3,0,sufficient,0,99.11487285528953,96.59682206995785,8.978031915871165,9.058208578826854,76.81040513114782,121.41934057943125,773.489079445686,771.0391647820953,24.04226504197504,713.75996178728,833.218197104092,,,,,
E189@h100,E189,h100,exact,Inference concurrency,tinyllama,inference,generated_tokens_per_second,3,3,0,sufficient,0,97.40986537234858,97.21048186300322,0.7008948898769629,0.7195317303825406,95.66860541740893,99.15112532728823,1481.3037667933104,1479.5168162693228,14.042959236454443,1446.4163066042647,1516.191226982356,,,,,
E189@l40s,E189,l40s,exact,Inference concurrency,tinyllama,inference,generated_tokens_per_second,3,3,0,sufficient,0,94.1129279814971,93.81853793794289,1.7108440516598964,1.8178629528944779,89.86261273547635,98.36324322751784,1547.1835338708572,1556.7067427049133,30.620561809488258,1471.1117022072308,1623.2553655344836,,,,,
E190@h100,E190,h100,exact,Inference concurrency,tinyllama,inference,generated_tokens_per_second,3,3,0,sufficient,0,99.10867746927154,99.34800401190296,1.4811731255443825,1.494493886273094,95.4289424803405,102.78841245820259,2892.9045409452324,2874.98897276662,41.05881140527244,2790.9005669827875,2994.9085149076773,,,,,
E190@l40s,E190,l40s,exact,Inference concurrency,tinyllama,inference,generated_tokens_per_second,3,3,0,sufficient,0,94.88851424632594,94.49778241990134,1.4215029194134383,1.4980769070988784,91.3570202303845,98.42000826226737,3046.2118911677976,3042.364046981727,34.38351381417508,2960.791614062843,3131.632168272754,,,,,
E191@h100,E191,h100,exact,Inference prompt length,tinyllama,inference,generated_tokens_per_second,3,3,0,sufficient,0,85.7037284609396,86.18452908587642,1.1124381099047356,1.2980043340958511,82.9400559601087,88.46740096177051,219.8104041999242,218.44101601398597,2.6237862208505423,213.2920318409939,226.32877655885449,,,,,
E191@l40s,E191,l40s,exact,Inference prompt length,tinyllama,inference,generated_tokens_per_second,3,3,0,sufficient,0,89.25100488883133,89.15534493327141,0.34349206496567314,0.3848607255386286,88.39765442758136,90.1043553500813,210.85135259810747,211.03733316818833,3.845019697183622,201.2990232526398,220.40368194357512,,,,,
E192@h100,E192,h100,exact,Inference prompt length,tinyllama,inference,generated_tokens_per_second,3,3,0,sufficient,0,85.81131986427742,85.62069650692865,0.534909795542182,0.6233557488548324,84.48242302120576,87.14021670734908,221.8815802345686,221.9225435251958,1.4716100388794877,218.22560318722864,225.53755728190853,,,,,
E192@l40s,E192,l40s,exact,Inference prompt length,tinyllama,inference,generated_tokens_per_second,3,3,0,sufficient,0,92.2733578599679,91.72327145095915,1.5790265561215902,1.7112486125387218,88.35052185463842,96.19619386529739,202.19906022350776,202.15974302801118,1.1799425627493711,199.26768383124298,205.13043661577254,,,,,
E193@h100,E193,h100,exact,Inference prompt length,tinyllama,inference,generated_tokens_per_second,3,3,0,sufficient,0,86.1614367342554,86.23499708482996,0.13893666686063075,0.161251566973225,85.8162710642365,86.5066024042743,221.08001977269103,221.74242260561536,1.643073312179025,216.99806996416893,225.16196958121313,,,,,
E193@l40s,E193,l40s,exact,Inference prompt length,tinyllama,inference,generated_tokens_per_second,3,3,0,sufficient,0,89.08630958727251,89.18392673321068,0.1763423137590974,0.19794546948467476,88.64821563945671,89.52440353508831,207.7891122719426,209.37191924699385,3.251492032492568,199.71130638156365,215.86691816232155,,,,,
E194@h100,E194,h100,exact,Inference prompt length,tinyllama,inference,generated_tokens_per_second,3,3,0,sufficient,0,85.35176284712118,85.54020431707613,0.496536346434695,0.5817528893036128,84.11819862985239,86.58532706438997,221.01751915388874,220.467531781689,1.0940715804850967,218.29947532384926,223.7355629839281,,,,,
E194@l40s,E194,l40s,exact,Inference prompt length,tinyllama,inference,generated_tokens_per_second,3,3,0,sufficient,0,101.281846928255,102.37768065091223,6.031336899869124,5.955002878394921,86.297966220642,116.26572763586802,204.8175096304675,206.49446209669242,4.167919644345914,194.4629876087991,215.1720316521359,,,,,
E195@h100,E195,h100,exact,Inference multi-GPU,tinyllama,inference,generated_tokens_per_second,3,3,0,sufficient,0,107.13999860625093,107.03872062382288,0.9494185588927021,0.8861476304306295,104.78132180470287,109.49867540779898,170.0036663234736,169.89990426492525,2.15828099380829,164.6417663862584,175.36556626068878,,,,,
E195@l40s,E195,l40s,exact,Inference multi-GPU,tinyllama,inference,generated_tokens_per_second,3,3,0,sufficient,0,115.84283378549542,114.69143550470471,3.591533939877657,3.1003505547249053,106.92024879216865,124.76541877882218,169.53621233686397,169.344879835045,1.9254713639903809,164.75269025827092,174.31973441545696,,,,,
E196@h100,E196,h100,exact,Inference multi-GPU,tinyllama,inference,generated_tokens_per_second,3,3,0,sufficient,0,121.26410970573004,121.07244406221434,0.5676162120347045,0.4680826119221351,119.85395906250868,122.67426034895139,171.44064710106647,171.6752187758407,1.2886068290358363,168.23931192018685,174.6419822819461,,,,,
E196@l40s,E196,l40s,exact,Inference multi-GPU,tinyllama,inference,generated_tokens_per_second,3,3,0,sufficient,0,148.66093596350402,147.83554725302383,4.959034424499892,3.3358019659699476,136.34101726633008,160.98085466067795,117.85131452179535,118.01321087884915,0.4345946726504047,116.7716343713963,118.93099467219433,,,,,
E197@h100,E197,h100,exact,Inference precision/quantization,tinyllama,inference,generated_tokens_per_second,3,3,0,sufficient,0,138.5879532985855,138.93316495697945,0.6382444956561767,0.46053389235144365,137.00233811177503,140.17356848539595,102.8919276723065,103.03011887731753,0.5207279454008681,101.59826334140561,104.18559200320738,,,,,
E197@l40s,E197,l40s,exact,Inference precision/quantization,tinyllama,inference,generated_tokens_per_second,3,3,0,sufficient,0,134.02151153236628,133.35672046802938,2.448057853036146,1.8266156119608745,127.9397078718835,140.10331519284904,113.38271553811568,114.0714288314073,2.098812499483977,108.16855545354181,118.59687562268954,,,,,
E198@h100,E198,h100,exact,Inference precision/quantization,tinyllama,inference,generated_tokens_per_second,3,3,0,sufficient,0,129.40624455401363,129.25020909495652,0.9920659881012729,0.7666291464684215,126.94161711459596,131.87087199343128,111.49103214377801,111.38879475055718,0.6473558449903101,109.8827812836874,113.09928300386863,,,,,
E198@l40s,E198,l40s,exact,Inference precision/quantization,tinyllama,inference,generated_tokens_per_second,3,3,0,sufficient,0,126.89515410813813,126.45051548071206,3.5574826509429114,2.8034818791514127,118.0571640329546,135.73314418332166,115.0149074080728,115.98639324410318,2.003701140065929,110.03703610774674,119.99277870839886,,,,,
E199@h100,E199,h100,exact,Inference precision/quantization,tinyllama,inference,generated_tokens_per_second,3,3,0,sufficient,0,96.5542315239242,96.77759545994923,0.5752687218241735,0.5957985608136019,95.12506945824329,97.98339358960511,181.17046364229031,180.70527078809113,0.9223662315360992,178.87899397121834,183.4619333133623,,,,,
E199@l40s,E199,l40s,exact,Inference precision/quantization,tinyllama,inference,generated_tokens_per_second,3,3,0,sufficient,0,121.78183134629701,123.27660455508158,2.677903345088435,2.1989350262549334,115.12901374789794,128.43464894469608,167.21188665132203,167.0067746234057,1.707396081930328,162.9701373282416,171.45363597440246,,,,,
E201@l40s,E201,l40s,capacity_adjusted,Memory optimisation,gpt2_small,training,training_tokens_per_second,3,3,0,sufficient,0,57.6792118496572,57.671047645621,0.05775911048198827,0.10013852240654628,57.53571868460805,57.82270501470635,45538.428833344755,45556.6279703775,75.82832504246626,45350.04562816862,45726.81203852089,44.47112190756324,44.48889450232178,0.07405109867428346,44.28715393375842,44.655089881368056
E202@l40s,E202,l40s,capacity_adjusted,Memory optimisation,gpt2_small,training,training_tokens_per_second,3,3,0,sufficient,0,66.5128212752752,66.03730921912938,1.5484566274443123,2.3280573545899483,62.665931311784384,70.35971123876601,44994.10469977385,44948.33860886944,128.61886614957174,44674.5719362873,45313.63746326042,43.9395553708729,43.89486192272406,0.12560436147419116,43.627511656530565,44.251599085215254
E205@l40s,E205,l40s,capacity_adjusted,Memory optimisation,gpt2_small,training,training_tokens_per_second,3,3,0,sufficient,0,76.07119478533666,76.1033253390342,0.09350419176414403,0.1229166861753665,75.83889874909863,76.30349082157468,45010.57491766438,44996.8297819867,70.14029938526193,44836.32269195836,45184.8271433704,43.95563956803162,43.94221658397139,0.06849638611841985,43.78547137886559,44.125807757197656
E208@l40s,E208,l40s,capacity_adjusted,Strong scaling,tinyllama,training,training_tokens_per_second,3,3,0,sufficient,0,208.10689433229467,207.35609820578247,1.5002207368152214,0.7208894936559593,204.3798386349062,211.83395002968314,9060.6730816657,9083.648346681819,55.885503446963604,8921.834590161045,9199.511573170355,8.84831355631416,8.870750338556464,0.054575686959925394,8.712729091954145,8.983898020674175
E209@l40s,E209,l40s,capacity_adjusted,Strong scaling,tinyllama,training,training_tokens_per_second,3,3,0,sufficient,0,126.02253977317984,128.00103130191565,3.4454125997432,2.7339653731343496,117.46296960820047,134.58210993815922,15400.822396996138,15403.823670480338,7.448531837370335,15382.31772475665,15419.327069235627,15.039865622066541,15.042796553203456,0.007273956872431968,15.021794653082665,15.057936591050417
E210@h100,E210,h100,platform_specific,Telemetry revalidation,gpt2_small,training,training_tokens_per_second,3,3,0,sufficient,0,22.297923566307873,22.479814314981923,0.31798065509204715,1.4260550052854042,21.507952075355135,23.08789505726061,125628.33030879805,125587.68125536837,87.18461995565025,125411.7342262641,125844.92639133199,122.68391631718559,122.64421997594567,0.0851412304254397,122.47239670533604,122.89543592903514
E210@l40s,E210,l40s,platform_specific,Telemetry revalidation,gpt2_small,training,training_tokens_per_second,3,3,0,sufficient,0,48.47393582419803,49.50320766540244,1.8345134157109955,3.7845357190806292,43.916384051866146,53.031487596529914,45673.98494180565,45708.593358361024,94.567769099932,45439.04661975482,45908.92326385647,44.60350091973208,44.63729820152444,0.09235133701165234,44.37406896460432,44.832932874859836
E211@h100,E211,h100,platform_specific,Telemetry revalidation,gpt2_small,training,training_tokens_per_second,3,3,0,sufficient,0,23.658860740329448,23.706512491917238,0.16221377873454593,0.6856364747015588,23.25586685190277,24.061854628756127,243895.65760610646,243908.42814927697,142.69245402750911,243541.16129052654,244250.15392168637,238.17935313096334,238.1918243645283,0.13934809963623937,237.83316532277982,238.52554093914685
E211@l40s,E211,l40s,platform_specific,Telemetry revalidation,gpt2_small,training,training_tokens_per_second,3,3,0,sufficient,0,52.082417872423925,51.98683801619336,0.31367178464016715,0.6022604123497249,51.303151072969506,52.86168467187834,87433.05584482026,87441.65766804221,15.558029622623433,87394.40443738256,87471.70725225797,85.38384359845729,85.39224381644748,0.015193388303343196,85.3460980833814,85.42158911353317
E212@h100,E212,h100,platform_specific,Telemetry revalidation,gpt2_small,inference,generated_tokens_per_second,3,3,0,sufficient,0,53.69346249794277,53.42586420685984,0.960140677207943,1.7881891622182688,51.30814832818999,56.07877666769554,290.49930580790755,289.38927393866766,2.9556264445969878,283.1565301020655,297.8420815137496,,,,,
E212@l40s,E212,l40s,platform_specific,Telemetry revalidation,gpt2_small,inference,generated_tokens_per_second,3,3,0,sufficient,0,56.10813775798306,55.42890665307641,1.176527480088021,2.0968927629764806,53.18524558605846,59.03102992990766,288.94020972804316,287.2466514172446,3.95427717734579,279.11644785006354,298.7639716060228,,,,,
E213@h100,E213,h100,platform_specific,Telemetry revalidation,gpt2_small,training,training_tokens_per_second,3,3,0,sufficient,0,131.48026273973906,129.5268536300864,4.065645717833492,3.0922099128150564,121.3798237414207,141.58070173805743,240320.50485896075,240335.14947769677,130.57811814564664,239996.1046508806,240644.90506704085,234.68799302632885,234.70229441181326,0.12751769350160805,234.37119594812557,235.00479010453208
E213@l40s,E213,l40s,platform_specific,Telemetry revalidation,gpt2_small,training,training_tokens_per_second,3,3,0,sufficient,0,163.06997542269528,166.73020963789895,7.534900531314543,4.6206547292248334,144.3507341368376,181.78921670855297,75123.28451382357,69090.62477794588,10551.882344331123,48908.84003607332,101337.72899157382,73.36258253303083,67.47131325971277,10.304572601885862,47.76253909772785,98.96262596833381
E214@h100,E214,h100,platform_specific,Telemetry revalidation,gpt2_small,training,training_tokens_per_second,3,3,0,sufficient,0,127.56518797095244,127.4756717288401,0.18801654922440303,0.14738860359553252,127.09809127391722,128.03228466798765,240418.85860836538,240355.7288733874,211.96849633346457,239892.2571739634,240945.46004276737,234.78404160973182,234.72239147791737,0.207000484700649,234.26978239644862,235.298300823015
E214@l40s,E214,l40s,platform_specific,Telemetry revalidation,gpt2_small,training,training_tokens_per_second,3,3,0,sufficient,0,176.2246568556875,178.65057325409725,5.455471174813494,3.095747934570271,162.67142137169378,189.77789233968122,66696.9413755097,66178.51849275937,5819.320847484882,52239.78024761267,81154.10250340674,65.1337318120212,64.62745946558532,5.682930515121955,51.015410398059245,79.25205322598315
E215@l40s,E215,l40s,platform_specific,Environment validation,environment_validation,training,,1,1,0,sufficient,0,8.099628676194698,8.099628676194698,0.0,0.0,,,,,,,,,,,,
E216@l40s,E216,l40s,exact,Strong scaling,gpt2_small,training,training_tokens_per_second,3,3,0,sufficient,0,34.37180137603233,34.67380968015641,2.2121559159862287,6.435961536565782,28.876057911180066,39.86754484088459,306011.7225206871,305998.9707633519,625.747013108112,304457.1553072786,307566.28973409557,298.8395727741085,298.8271198860858,0.6110810674883906,297.3214407297643,300.3577048184527
E217@l40s,E217,l40s,exact,Weak scaling,gpt2_small,training,training_tokens_per_second,3,3,0,sufficient,0,50.79103972778345,51.08511175727472,0.5141237285458659,1.012233124782111,49.51378250515149,52.06829695041541,341913.2022056773,341891.9048135632,109.42965230635451,341641.34193932917,342185.0624720255,333.8996115289817,333.87881329449533,0.10686489483042433,333.63412298762614,334.1651000703374
E218@l40s,E218,l40s,exact,Strong scaling,distilbert,training,training_tokens_per_second,3,3,0,sufficient,0,18.174155287599813,19.022024207748473,1.849560804501645,10.176873561565728,13.579220712359824,22.769089862839802,1334612.3051460793,1337892.810891622,6722.981975177397,1317910.1441512795,1351314.466140879,2606.664658488436,2613.071896272699,13.130824170268353,2574.0432502954677,2639.2860666814045
E219@l40s,E219,l40s,exact,Weak scaling,distilbert,training,training_tokens_per_second,3,3,0,sufficient,0,18.585463874042034,18.458058908116072,1.4008400586920888,7.5372886476544485,15.1053033924839,22.065624355600168,1773969.9343535819,1774244.419058223,494.8911250289338,1772740.4574227126,1775199.4112844511,3464.7850280343396,3465.321130973092,0.9665842285721363,3462.3837059037355,3467.1863501649436
E220@l40s,E220,l40s,exact,Strong scaling,tinyllama,training,training_tokens_per_second,3,3,0,sufficient,0,83.88686431835715,83.72543199593201,0.42647799196852476,0.508396630907561,82.8273487479009,84.94637988881341,25361.113198890514,25370.41506850689,16.892079615794653,25319.14756008296,25403.078837698067,24.766712108291518,24.77579596533876,0.016496171499799466,24.725730039143517,24.80769417743952
E221@l40s,E221,l40s,exact,Distributed training strategy,gpt2_small,training,training_tokens_per_second,3,3,0,sufficient,0,52.95131308057656,51.99678239878267,3.860733950620761,7.291101440196283,43.35994421487976,62.54268194627336,342158.9307077798,342205.892511939,228.56249506645904,341591.10416829656,342726.757247263,334.1395807693162,334.1854419061904,0.2232055615883389,333.5850626643521,334.69409887428026
E222@l40s,E222,l40s,exact,Distributed training strategy,gpt2_small,training,training_tokens_per_second,3,3,0,sufficient,0,49.32437895517796,49.16319320444018,0.8265149394791599,1.6756722679270433,47.27103631128015,51.37772159907578,358831.5825913335,358649.726841097,339.29128206200147,357988.668295556,359674.496887111,350.4214673743491,350.2438738682588,0.3313391426386733,349.5983088823789,351.2446258663193
E223@l40s,E223,l40s,exact,Distributed training strategy,distilbert,training,training_tokens_per_second,3,3,0,sufficient,0,18.708632058929652,19.294419816229492,1.7028121359443384,9.101745817549414,14.478270808007103,22.9389933098522,1768743.6135848605,1768823.5064512603,412.82682872357066,1767718.0121208418,1769769.2150488792,3454.5773702829306,3454.7334110376178,0.8063023998507239,3452.574242423519,3456.580498142342
E224@l40s,E224,l40s,exact,Distributed training strategy,distilbert,training,training_tokens_per_second,3,3,0,sufficient,0,19.68110511933143,19.236637372989208,0.816173423601161,4.146989809019863,17.653454298461305,21.708755940201556,1335540.453505072,1334215.2342028443,3560.2028919578506,1326695.7054311992,1344385.201578945,2608.477448252094,2605.8891293024303,6.953521273355177,2591.202549670311,2625.752346833877
E225@l40s,E225,l40s,platform_specific,Communication analysis,gpt2_small,training,training_tokens_per_second,3,3,0,sufficient,0,155.47808076969037,155.33092969981954,3.172167428291511,2.0402666488985295,147.59734402438818,163.35881751499255,340998.8127555275,341268.17014654324,486.87570168448303,339789.2488471287,342208.3766639263,333.0066530815698,333.26969740873363,0.47546455242625296,331.8254383272741,334.1878678358655
E226@l40s,E226,l40s,platform_specific,Communication analysis,gpt2_small,training,training_tokens_per_second,3,3,0,sufficient,0,140.63986970034117,141.37660858919844,2.2358406367235997,1.5897630177612259,135.08528537880758,146.19445402187475,358903.3141951696,358828.20510900766,415.23231018858104,357871.7367016379,359934.8916887013,350.4915177687203,350.4181690517653,0.40550030291853617,349.4841178726933,351.49891766474735
E227@l40s,E227,l40s,platform_specific,Communication analysis,distilbert,training,training_tokens_per_second,3,3,0,sufficient,0,78.58050810794036,78.37193198502064,0.8341619710881915,1.061538021543922,76.50816765123598,80.65284856464474,1755380.6632488284,1755002.6431994648,1364.6198279535572,1751990.4860704083,1758770.8404272485,3428.477857907868,3427.7395374989546,2.6652731014717914,3421.856418106266,3435.0992977094697
E228@l40s,E228,l40s,platform_specific,Communication analysis,distilbert,training,training_tokens_per_second,3,3,0,sufficient,0,66.69483983827133,66.30364785622805,1.216854010871663,1.8245099828148905,63.67176292511182,69.71791675143085,1266685.8347577134,1264864.9685603755,6202.361920830128,1251277.0700559476,1282094.599459479,2473.995771011159,2470.4393917194834,12.113988126621344,2443.9005274530227,2504.091014569295
E229@l40s,E229,l40s,exact,Inference multi-GPU,tinyllama,inference,generated_tokens_per_second,3,3,0,sufficient,0,153.66171184244254,153.7389815049246,0.184170715422272,0.11985465553781671,153.20416949726481,154.11925418762027,112.26562713570983,112.26450996498731,0.1606611261474148,111.86649056142961,112.66476370999005,,,,,
E230@l40s,E230,l40s,platform_specific,Environment validation,environment_validation,inference,generated_tokens_per_second,1,1,0,sufficient,0,33.36347330128774,33.36347330128774,0.0,0.0,,,98.03320376798224,98.03320376798224,0.0,,,,,,,
E231@l40s,E231,l40s,exact,Precision study,gpt2_small,training,training_tokens_per_second,3,3,0,sufficient,0,46.27208672867467,47.96763865882531,3.0366394849216265,6.56257303183137,38.72804723138172,53.81612622596762,48127.45307560163,48147.05636573338,72.08608752593646,47948.366854072425,48306.539297130825,46.99946589414222,47.0186097321615,0.07039656984954733,46.8245770059301,47.17435478235432
E232@l40s,E232,l40s,exact,Precision study,distilbert,training,training_tokens_per_second,3,3,0,sufficient,0,13.904118461844822,12.09429145231843,3.9526089261913424,28.42761255981779,4.084501083949284,23.72373583974036,313831.3851526382,313550.2382788893,1781.0096839413966,309406.7547454294,318256.015559847,612.9519241262465,612.4028091384556,3.47853453894804,604.3100678621668,621.5937803903262
E233@h100,E233,h100,exact,Precision study,gpt2_small,training,training_tokens_per_second,3,3,0,sufficient,0,17.63447209036288,17.64757237606682,0.1796470622808259,1.0187266245355981,17.18816802952565,18.080776151200112,128857.50593504436,128939.94564079185,163.92686944265498,128450.2561499172,129264.75572017152,125.83740813969176,125.91791566483579,0.16008483344009275,125.43970327140352,126.23511300798
E234@h100,E234,h100,exact,Precision study,distilbert,training,training_tokens_per_second,3,3,0,sufficient,0,6.7247132260041935,6.803919069003314,0.1911841024998772,2.8430075168198403,6.249747255339815,7.199679196668572,684774.0088143585,685127.5718141309,3214.8779584112144,676787.1646671823,692760.8529615348,1337.449235965544,1338.1397886994744,6.279058512521903,1321.8499309905903,1353.0485409404976
E235@l40s,E235,l40s,platform_specific,Hardware energy revalidation,gpt2_small,training,training_tokens_per_second,3,3,0,sufficient,0,54.95126183362057,54.9302355600521,0.07852377783471191,0.14289713323137757,54.756182212083935,55.146341455157206,45830.22027070434,45844.028084686484,82.93953237577166,45624.170421442774,46036.270119965906,44.75607448310971,44.769558676451645,0.08099563708571451,44.55485392719021,44.957295039029205
E236@l40s,E236,l40s,platform_specific,Hardware energy revalidation,gpt2_small,inference,generated_tokens_per_second,3,3,0,sufficient,0,65.05930616830786,65.0886617032811,0.05367401681209995,0.08250013714140408,64.92596175754738,65.19265057906833,285.8779990750347,283.91447846764424,4.955309143351944,273.5673352361534,298.18866291391606,,,,,
E237@l40s,E237,l40s,platform_specific,Hardware energy revalidation,distilbert,training,training_tokens_per_second,3,3,0,sufficient,0,20.451955740960937,21.77571374271065,2.3524547777783944,11.502346316283706,14.607662453174175,26.2962490287477,283697.68632198236,283759.71687776863,955.2551167059602,281324.50953685376,286070.86310711096,554.0970435976218,554.2181970268919,1.8657326498163285,549.4619326891675,558.7321545060761
E238@l40s,E238,l40s,platform_specific,Hardware energy revalidation,distilbert,inference,input_tokens_per_second,3,3,0,sufficient,0,12.395004006413123,12.57291819434613,0.6093539907330286,4.916125806960219,10.881162604840984,13.908845407985261,91669.42399265595,91455.53245105754,950.4359732816289,89308.21958966779,94030.62839564412,716.1673749426246,714.4963472738871,7.425281041262726,697.7204655442796,734.6142843409697
E239@h100,E239,h100,exact,Inference precision/quantization,qwen2_5_7b,inference,generated_tokens_per_second,3,6,0,sufficient,0,62.969339612793796,63.169645136455074,0.6756643517449603,1.0730053005156215,62.26015801550223,63.678521210085364,108.17274472892207,108.36173581036655,0.9469187056956806,107.17885283796137,109.16663661988277,,,,,
E240@h100,E240,h100,exact,Inference precision/quantization,qwen2_5_7b,inference,generated_tokens_per_second,3,6,0,sufficient,0,60.81592416538236,60.2601269246079,2.5686312416598795,4.223616227017719,58.119872491043054,63.51197583972167,756.8529922171493,758.1875920264763,3.274742991597017,753.4158011628894,760.2901832714093,,,,,
E241@h100,E241,h100,exact,Inference precision/quantization,qwen2_5_7b,inference,generated_tokens_per_second,3,6,0,sufficient,0,54.54635125561617,54.4904851175379,0.5585547317411974,1.024000173950568,53.960088659686726,55.13261385154562,125.69211641148054,126.38808003776188,1.2723789087214308,124.35661942319518,127.0276133997659,,,,,
E242@h100,E242,h100,exact,Inference precision/quantization,qwen2_5_7b,inference,generated_tokens_per_second,3,6,0,sufficient,0,54.60940619759882,54.479117600247264,0.3794793630548046,0.6948974352178369,54.21110224662765,55.00771014857,817.2993954510594,815.1660733263043,7.326643902613102,809.6093034516475,824.9894874504712,,,,,
E243@h100,E243,h100,exact,Inference precision/quantization,qwen2_5_7b,inference,generated_tokens_per_second,3,6,0,sufficient,0,53.77004531902882,53.64717861567624,0.42720632503828615,0.7945061651028608,53.32164684546532,54.21844379259232,119.41375401280658,119.62283089512978,0.8938529567891881,118.47556026911944,120.35194775649371,,,,,
E244@h100,E244,h100,exact,Inference precision/quantization,qwen2_5_7b,inference,generated_tokens_per_second,3,6,0,sufficient,0,53.817141721801214,53.72646852303296,0.29098483675406817,0.540691733979976,53.51172218799877,54.12256125560366,845.4196851357625,846.2513869188998,4.137220599914394,841.0772321029549,849.7621381685701,,,,,
E245@h100,E245,h100,exact,Inference precision/quantization,qwen2_5_7b,inference,generated_tokens_per_second,3,3,0,sufficient,0,63.771722845888384,64.20557076577097,1.0398591494548644,1.6305959805536416,61.18836102962345,66.35508466215332,59.976889698807305,59.79362802426097,0.6081515331384998,58.466035608581144,61.487743789033466,,,,,
E246@h100,E246,h100,exact,Inference precision/quantization,qwen2_5_7b,inference,generated_tokens_per_second,3,3,0,sufficient,0,68.56242807907984,68.61491423798725,0.7571279551566497,1.1042898805791694,66.68146617149473,70.44338998666494,264.14800950072225,264.2402919810421,1.264918983995123,261.0055229383501,267.2904960630944,,,,,
E247@h100,E247,h100,exact,Inference long-context prompt length,qwen2_5_7b_long_context,inference,generated_tokens_per_second,3,3,0,sufficient,0,61.40212075179443,61.24537270376459,0.5484348039131061,0.8931854424540842,60.039623213658984,62.76461828992987,100.84276451693135,100.67730264370233,0.40035883908262043,99.84813775595858,101.83739127790413,,,,,
E248@h100,E248,h100,exact,Inference long-context prompt length,qwen2_5_7b_long_context,inference,generated_tokens_per_second,3,3,0,sufficient,0,60.61189265704403,61.06417924212292,1.7740734026518485,2.9269394583831296,56.20449431846652,65.01929099562155,97.19270839715129,96.95620313883481,0.41068993513280605,96.17241569952718,98.21300109477541,,,,,
E249@h100,E249,h100,exact,Inference long-context prompt length,qwen2_5_7b_long_context,inference,generated_tokens_per_second,3,3,0,sufficient,0,59.25510731044536,59.86069719400257,1.3772406338870697,2.324256416702654,55.83357578162478,62.67663883926594,93.1948715311599,93.0592961001066,0.3458055477864099,92.33577359614408,94.05396946617573,,,,,
E250@h100,E250,h100,platform_specific,Large-model distributed strategy,qwen2_5_7b_training,training,training_tokens_per_second,1,1,0,sufficient,0,17.910841569770128,17.910841569770128,0.0,0.0,,,2199.768064847149,2199.768064847149,0.0,,,4.296422001654588,4.296422001654588,0.0,,
E251@h100,E251,h100,platform_specific,Large-model distributed strategy,qwen2_5_7b_training,training,training_tokens_per_second,1,1,0,sufficient,0,30.016137417871505,30.016137417871505,0.0,0.0,,,2193.575379209015,2193.575379209015,0.0,,,4.284326912517607,4.284326912517607,0.0,,
E252@h100,E252,h100,platform_specific,Large-model distributed strategy,qwen2_5_7b_training,training,training_tokens_per_second,3,3,0,sufficient,0,42.860982354419924,43.65039241826162,2.2035748002466446,5.141213941447161,37.38655728326955,48.335407425570295,4758.693015216709,4773.022470981831,55.01075995369597,4622.027682394859,4895.358348038559,9.294322295345134,9.32230951363639,0.10744289053456244,9.027397817177459,9.56124677351281
E253@h100,E253,h100,platform_specific,Large-model distributed strategy,qwen2_5_7b_training,training,training_tokens_per_second,3,3,0,sufficient,0,66.85621885877724,67.53535675629973,1.461184850950119,2.1855631022697106,63.22614150413917,70.48629621341532,2624.332334243068,2619.0478878672934,20.61324206830749,2573.1220693753617,2675.5425991107745,5.125649090318492,5.1153279059908074,0.040260238414663065,5.025629041748753,5.2256691388882315
E254@h100,E254,h100,platform_specific,Large-model distributed strategy,qwen2_5_7b_training,training,training_tokens_per_second,3,3,0,sufficient,0,36.41094174205015,36.343302282039076,0.1319571625081582,0.3624107375277359,36.08311552136925,36.738767962731046,10716.242110429519,10707.781695626962,32.05053615663086,10636.617738858364,10795.866482000674,20.930160371932654,20.91363612427141,0.06259870343091965,20.77464402120774,21.085676722657567
E255@h100,E255,h100,platform_specific,Large-model distributed strategy,qwen2_5_7b_training,training,training_tokens_per_second,3,3,0,sufficient,0,54.40579279776042,54.35550266504288,0.44567793890704926,0.8191736871912568,53.29857806552701,55.51300752999383,5189.871224404818,5180.745401178316,23.234586491661656,5132.148653428999,5247.593795380638,10.13646723516566,10.118643361676398,0.04538005174152667,10.023727838728513,10.249206631602808
E256@h100,E256,h100,capacity_adjusted,Strong scaling,gpt2_small,training,training_tokens_per_second,3,3,0,sufficient,0,60.98933294834569,60.98898089211434,0.006952413796777646,0.011399393075287319,60.97206080111028,61.0066050955811,132882.49574303182,132887.04980887214,54.56923328232287,132746.92731178965,133018.06417427398,129.7680622490545,129.7725095789767,0.05329026687726843,129.63567120291958,129.90045329518944
E258@h100,E258,h100,capacity_adjusted,Memory optimisation,gpt2_small,training,training_tokens_per_second,3,3,0,sufficient,0,41.63158700723822,41.61989166401327,0.06650236185615674,0.15974015558089197,41.466372648735245,41.79680136574119,133553.47350134907,133530.32909215422,60.22228610339725,133403.8609749898,133703.08602770828,130.4233139661612,130.40071200405686,0.05881082627284888,130.27720798338848,130.56941994893387
E259@h100,E259,h100,capacity_adjusted,Memory optimisation,gpt2_small,training,training_tokens_per_second,1,1,0,sufficient,0,45.32113831397146,45.32113831397146,0.0,0.0,,,135226.08083580784,135226.08083580784,0.0,,,132.0567195662186,132.0567195662186,0.0,,
E260@h100,E260,h100,capacity_adjusted,Memory optimisation,gpt2_small,training,training_tokens_per_second,3,3,0,sufficient,0,46.8311949839505,47.56185507168993,1.278202874667331,2.729383427233457,43.65570674442621,50.006683223474795,135265.6595211376,135273.37158648772,90.68914770688419,135040.35700640915,135490.96203586605,132.09537062611093,132.1029019399294,0.08856362080750409,131.87534863907143,132.31539261315044
E262@h100,E262,h100,platform_specific,Training update validation,qwen2_5_7b_training,training,training_tokens_per_second,1,1,0,sufficient,0,30.51453237514943,30.51453237514943,0.0,0.0,,,4783.695574538067,4783.695574538067,0.0,,,9.343155419019663,9.343155419019663,0.0,,
E263@h100,E263,h100,platform_specific,Training update validation,qwen2_5_7b_training,training,training_tokens_per_second,1,1,0,sufficient,0,41.45649275789037,41.45649275789037,0.0,0.0,,,2629.5958050545705,2629.5958050545705,0.0,,,5.135929306747208,5.135929306747208,0.0,,
E265@h100,E265,h100,platform_specific,Large-model training update controls,qwen2_5_7b_training,training,training_tokens_per_second,3,2,0,insufficient_data,0,43.72859890549444,43.72859890549444,0.03165433821981858,0.072388183047505,43.44420054295426,44.01299726803461,4761.026209183205,4761.026209183205,57.665725911420154,4242.928566136274,5279.1238522301355,9.298879314810947,9.298879314810947,0.11262837092074249,8.28696985573491,10.310788773886983
E268@h100,E268,h100,platform_specific,Large-model training update controls,qwen2_5_7b_training,training,training_tokens_per_second,3,3,0,sufficient,0,36.50474516736964,36.625406828243285,0.2512673776564038,0.6883142903871116,35.88051202055272,37.12897831418656,10790.674678990099,10798.427553080952,72.55235571853024,10610.430089574715,10970.919268405483,21.075536482402537,21.090678814611234,0.14170381976275437,20.723496268700615,21.42757669610446
E269@h100,E269,h100,platform_specific,Large-model training update controls,qwen2_5_7b_training,training,training_tokens_per_second,3,3,0,sufficient,0,54.27191047836095,54.778020868077874,1.0212089465065877,1.881652843073876,51.7348820738734,56.8089388828485,5198.606063570896,5210.02035441578,45.30157052397807,5086.0616410211405,5311.150486120652,10.153527467911907,10.17582100471832,0.08847962992964467,9.933714142619415,10.373340793204399
E270@h100,E270,h100,exact,Low-bit quality robustness,qwen2_5_7b,inference,generated_tokens_per_second,3,3,0,sufficient,0,66.07266823155805,66.16862454311922,0.2490095677874797,0.3768722748032539,65.45404424806563,66.69129221505048,107.85876713111732,107.94152045949104,1.0199587075230665,105.32484474310604,110.39268951912857,,,,,
E271@h100,E271,h100,exact,Low-bit quality robustness,qwen2_5_7b,inference,generated_tokens_per_second,3,3,0,sufficient,0,59.98354173762103,59.31734686298296,1.687264522395329,2.8128791223694867,55.79180601708653,64.17527745815553,125.16801124123064,124.19891571627792,1.9143704812914346,120.41206750967272,129.92395497278858,,,,,
E272@h100,E272,h100,exact,Low-bit quality robustness,qwen2_5_7b,inference,generated_tokens_per_second,3,3,0,sufficient,0,57.199051187063255,57.363222170155495,0.751371232839506,1.3136078610504018,55.33239092468534,59.06571144944117,119.75918761981764,119.35021339343359,1.4454735793900029,116.16814237741774,123.3502328622176,,,,,
E273@h100,E273,h100,exact,Low-bit quality robustness,qwen2_5_7b,inference,generated_tokens_per_second,3,3,0,sufficient,0,70.74516231085484,70.59360804408789,1.044008860180154,1.4757318042366916,68.15149120968158,73.3388334120281,59.87037933506536,59.95018320375117,0.8560729938584212,57.743604487309454,61.99715418282126,,,,,
E274@h100,E274,h100,exact,Inference energy anchors,distilbert,inference,input_tokens_per_second,3,3,0,sufficient,0,41.41831768024713,41.41461228672415,0.01176632858357229,0.028408514016453612,41.38908614057528,41.447549219918976,77085.22649227256,77107.53060754354,450.96533782309064,75964.87607288938,78205.57691165573,602.2283319708794,602.4025828714339,3.5231667017428956,593.4755943194483,610.9810696223104
E275@h100,E275,h100,exact,Inference energy anchors,distilbert,inference,input_tokens_per_second,3,3,0,sufficient,0,40.87856521535044,40.63679634500295,0.44896864544080695,1.0982984433910936,39.76317525514284,41.99395517555804,81838.09085252797,82428.75072410647,1261.5960481332856,78703.85958668121,84972.32211837475,639.3600847853747,643.9746150320818,9.856219126041294,614.873903020947,663.8462665498027
E276@h100,E276,h100,exact,Inference energy anchors,distilbert,inference,input_tokens_per_second,3,3,0,sufficient,0,39.29427048563957,40.651779083069414,2.362052461475592,6.0111879729102595,33.42613330553246,45.162407665746684,310154.9629344269,311416.11589207704,5345.990364143395,296873.71481145907,323436.21105739474,605.7714119813025,608.234601351713,10.441387429967568,579.831474241131,631.7113497214741
